time,rise_velocity,centroid_y,gas_area,phi_min,phi_max,divergence_linf,kinetic_energy,steps,substeps,poisson_solves,poisson_residual
0.0,0.0,0.004999999999999944,4.92450912986553e-6,2.5701663020072374e-14,1.0,0.0,0.0,0,0,0,0.0
0.00012169881334262609,0.0010547075837346938,0.005002609985674641,4.92450912986553e-6,2.611362859481562e-14,1.0001702143581748,2.0317832916116885e-6,3.1117744296849968e-9,1,15,1,0.2786529090193756
0.00024339762668525218,0.002108542191407747,0.005002798319786137,4.92450912986553e-6,2.608883359832434e-14,1.0001702604782967,2.2554902126548093e-6,1.2430853967633608e-8,2,30,2,0.33043165177708667
0.00036509644002787826,0.0031616200719936927,0.005003114827047004,4.92450912986553e-6,2.5946064283548786e-14,1.000170192874519,3.2787184033045147e-6,2.7938586777811228e-8,3,45,3,0.34578373463947326
0.00048679525337050436,0.004213989337729832,0.005003559486879537,4.924509129865531e-6,2.575175309635161e-14,1.000170087626698,2.8312221246606928e-6,4.9616792271388205e-8,4,60,4,0.3114784393232753
0.0006084940667131305,0.005265632776934751,0.005004132233549307,4.92450912986553e-6,2.5514324583853025e-14,1.0001699467935414,4.042148105121157e-6,7.744755857932667e-8,5,75,5,0.3546709363398298
0.0007301928800557565,0.006316528295645352,0.005004833000168422,4.92450912986553e-6,2.5245435265821517e-14,1.0001697719792277,2.9569360515679932e-6,1.1141304255637243e-7,6,90,6,0.30158454756382175
0.0008518916933983826,0.0073666502442924905,0.005005661721318834,4.92450912986553e-6,2.4960782030027438e-14,1.0001695648375994,3.680813700945862e-6,1.5149532278033164e-7,7,105,7,0.34072290445959275
0.0009735905067410086,0.008415969110483016,0.005006618332325768,4.92450912986553e-6,2.4676995297587487e-14,1.0001693270751328,3.348915384115969e-6,1.976762795443283e-7,8,120,8,0.33611612790752
0.0010952893200836347,0.009464451437657763,0.005007702768366453,4.92450912986553e-6,2.4417493104561334e-14,1.000169060435419,2.8185672324987365e-6,2.499375036195592e-7,9,135,9,0.3038859261149932
0.0012169881334262607,0.010512059698122486,0.0050089149635823334,4.924509129865531e-6,2.420736426200031e-14,1.0001687666726085,3.2586207456830607e-6,3.082602354700367e-7,10,150,10,0.3459636209975433
0.0013386869467688868,0.011558752420011139,0.005010254850074758,4.92450912986553e-6,2.4077683724190893e-14,1.00016844754981,2.5102367029461448e-6,3.7262532924685067e-7,11,165,11,0.28674948616141593
0.0014603857601115128,0.012604484301781679,0.005011722357165813,4.92450912986553e-6,2.406499889195879e-14,1.0001681047677533,2.781841585530742e-6,4.430132369526416e-7,12,180,12,0.3156528441876347
0.0015820845734541389,0.01364920625209639,0.005013317410324234,4.92450912986553e-6,2.4213152435373052e-14,1.000167739997342,3.012371429633731e-6,5.19404012176462e-7,13,195,13,0.34378004022430686
0.001703783386796765,0.014692865568940755,0.005015039930260235,4.92450912986553e-6,2.4573836395614533e-14,1.0001673548584809,2.5801925911395074e-6,6.017773373496522e-7,14,210,14,0.2771370425648925
0.001825482200139391,0.015735406213353488,0.00501688983704119,4.92450912986553e-6,2.5207740013787554e-14,1.0001669501531119,2.768287768795119e-6,6.90112575964901e-7,15,225,15,0.2972610964009561
0.001947181013482017,0.016776768896672713,0.0050188670445746545,4.92450912986553e-6,2.61833314652542e-14,1.0001665267932909,2.9601754025776472e-6,7.84388849227221e-7,16,240,16,0.3171512411891225
0.002068879826824643,0.017816891008195366,0.005020971458865265,4.92450912986553e-6,2.757253084705544e-14,1.0001660854061534,3.136330217756722e-6,8.845851218946973e-7,17,255,17,0.3368275999374909
0.0021905786401672693,0.01885571427875232,0.005023202962349013,4.92450912986553e-6,2.882414517430585e-14,1.0001656267164112,3.3180982139668913e-6,9.906811549204518e-7,18,270,18,0.356627458770087
0.0023122774535098956,0.01989320055922754,0.005025561453711559,4.92450912986553e-6,2.740017676150239e-14,1.000165151854534,3.085412580539071e-6,1.1026595701463911e-6,19,285,19,0.3048119078145516
0.002433976266852522,0.020929290864613658,0.005028046838940454,4.92450912986553e-6,2.6414507954914684e-14,1.000164661868645,3.301486006357379e-6,1.2205016960459365e-6,20,300,20,0.3200317977511029
0.002555675080195148,0.021963907864637817,0.005030658996048084,4.92450912986553e-6,2.592365223834657e-14,1.000164157744864,3.499702483367173e-6,1.344187256030892e-6,21,315,21,0.33456705897420347
0.0026773738935377744,0.022996977386677598,0.005033397781953141,4.92450912986553e-6,2.6018718908477604e-14,1.0001636404098733,3.6581309759142755e-6,1.4736966651753223e-6,22,330,22,0.34703451582433054
0.0027990727068804007,0.024028411468954076,0.0050362630501937,4.92450912986553e-6,2.6817208771747922e-14,1.0001631107080229,3.7786046185317446e-6,1.6090089635081543e-6,23,345,23,0.35725747184837137
0.002920771520223027,0.025058112548374072,0.00503925464613236,4.92450912986553e-6,2.845296499296757e-14,1.0001625694191094,3.87271799340283e-6,1.750102139035218e-6,24,360,24,0.36489532358578486
0.003042470333565653,0.026085977593051816,0.005042372401504645,4.92450912986553e-6,3.059048509862383e-14,1.0001620172345151,3.946250910047411e-6,1.8969534870466818e-6,25,375,25,0.37023687728991245
0.0031641691469082795,0.027111902110287595,0.00504561613759731,4.92450912986553e-6,2.852169312166527e-14,1.0001614546390236,2.5410331723207946e-6,2.0495399665916965e-6,26,390,26,0.2695155759619115
0.0032858679602509057,0.02813577888594553,0.005048985645855766,4.92450912986553e-6,2.742628688888834e-14,1.0001608822984032,2.7045278239157255e-6,2.2078377922734203e-6,27,405,27,0.2719399198391163
0.003407566773593532,0.029157498185238866,0.005052480684208221,4.92450912986553e-6,2.7390232775300474e-14,1.0001603008561128,2.8513503220750636e-6,2.3718223440458974e-6,28,420,28,0.2738887143647257
0.0035292655869361583,0.030176944801772094,0.005056100980683056,4.924509129865531e-6,2.85974847447905e-14,1.0001597109166929,2.9917331048068263e-6,2.541467637653757e-6,29,435,29,0.2751407849610108
0.0036509644002787845,0.03119399644671811,0.005059846266656844,4.92450912986553e-6,3.1264911858399187e-14,1.0001591130460163,3.121731161570551e-6,2.7167457554889238e-6,30,450,30,0.27662616936171525
0.003772663213621411,0.032208530708172645,0.005063716269739813,4.92450912986553e-6,3.035280248419774e-14,1.0001585077715198,3.230345123839129e-6,2.8976279981317294e-6,31,465,31,0.2782052725358301
0.003894362026964037,0.03322043648877179,0.005067710708593016,4.92450912986553e-6,2.8775708267020986e-14,1.0001578955833932,3.3052307113479173e-6,3.0840868868601695e-6,32,480,32,0.2794531495828185
0.004016060840306663,0.03422960224028477,0.005071829282221209,4.92450912986553e-6,2.8825510474616935e-14,1.000157276937991,3.37043346476662e-6,3.2760942574591614e-6,33,495,33,0.28221303887276855
0.004137759653649289,0.035235909053935754,0.005076071672095275,4.92450912986553e-6,3.077797454368977e-14,1.0001566522201462,3.407785142073294e-6,3.473619899569628e-6,34,510,34,0.28730155198025314
0.004259458466991915,0.03623922369908511,0.0050804375440817885,4.92450912986553e-6,3.325413996791579e-14,1.000156021548693,3.4213603505861556e-6,3.6766297498883486e-6,35,525,35,0.2948409429574895
0.00438115728033454,0.037239410225913705,0.005084926539928083,4.92450912986553e-6,3.0532975991027e-14,1.0001553852457978,3.3910193089070617e-6,3.8850881597463455e-6,36,540,36,0.30578799987722954
0.004502856093677166,0.03823633715698382,0.005089538274601402,4.92450912986553e-6,3.002894711569258e-14,1.0001547436795777,3.309153994379699e-6,4.098959114366291e-6,37,555,37,0.31895472068563036
0.004624554907019792,0.039229867675093164,0.005094272340919955,4.924509129865531e-6,3.206309610081809e-14,1.000154097202249,3.3153177305678128e-6,4.318204008377466e-6,38,570,38,0.33562088409426427
0.004746253720362418,0.04021986463317598,0.005099128311963293,4.92450912986553e-6,3.4734097602441646e-14,1.0001534461520598,3.7082788324482863e-6,4.542782336430564e-6,39,585,39,0.35586046444293534
0.004867952533705044,0.04120618839676763,0.005104105745433102,4.92450912986553e-6,3.177273125714103e-14,1.000152790852593,2.7893710665694016e-6,4.772651202523222e-6,40,600,40,0.286793152767728
0.00498965134704767,0.042188694324394885,0.005109204174394845,4.92450912986553e-6,3.178929955420854e-14,1.0001521316127837,3.0921808651385163e-6,5.007764478746896e-6,41,615,41,0.3084074630501692
0.005111350160390295,0.04316723902847624,0.005114423115637899,4.92450912986553e-6,3.5313073411503345e-14,1.0001514685820456,3.3546483351187817e-6,5.248073873518564e-6,42,630,42,0.33642039404209545
0.005233048973732921,0.04414167644675945,0.00511976206003837,4.92450912986553e-6,3.4755843974796196e-14,1.000150801905362,3.4990585078276126e-6,5.4935276876090795e-6,43,645,43,0.36946061078399806
0.005354747787075547,0.04511187101880008,0.005125220466027991,4.92450912986553e-6,3.301308773045637e-14,1.000150131880198,3.822514438311941e-6,5.74407405987672e-6,44,660,44,0.303856187255603
0.005476446600418173,0.046077703614555966,0.005130797789845999,4.92450912986553e-6,3.538272435870476e-14,1.0001494587990234,3.966336370453405e-6,5.999662580107823e-6,45,675,45,0.32519859851291005
0.005598145413760799,0.04703903921343537,0.005136493476305929,4.924509129865528e-6,3.8102395930415855e-14,1.0001487829422044,2.774699936480829e-6,6.260236213977306e-6,46,690,46,0.2864476766265326
0.005719844227103425,0.047995735024179836,0.005142306953292971,4.92450912986553e-6,3.4964019630053107e-14,1.0001481045918637,3.8072721864068626e-6,6.525732902233769e-6,47,705,47,0.37069130316063054
0.00584154304044605,0.048947653458872094,0.005148237638343784,4.92450912986553e-6,3.674781385777344e-14,1.0001474239816566,2.70721778328209e-6,6.796088035553158e-6,48,720,48,0.3212965317429241
0.005963241853788676,0.049894680900302905,0.005154284930115124,4.92450912986553e-6,4.1251326177471655e-14,1.0001467409747826,2.7915859064364668e-6,7.071240223751366e-6,49,735,49,0.34285498157071415
0.006084940667131302,0.05083670593774928,0.005160448198113511,4.92450912986553e-6,3.7268518654765864e-14,1.0001460557659687,3.038582455872074e-6,7.351126218790037e-6,50,750,50,0.36309494859161345
0.006206639480473928,0.05177360850957605,0.005166726796405301,4.924509129865528e-6,3.927027542494596e-14,1.0001453686491422,2.0493822958655983e-6,7.635677480683267e-6,51,765,51,0.26327674405124923
0.006328338293816554,0.0527052466578895,0.005173120085252283,4.924509129865531e-6,4.3986126911851806e-14,1.0001446799337461,2.360623584607424e-6,7.924815112967883e-6,52,780,52,0.27661821168834244
0.00645003710715918,0.05363146199562353,0.005179627380680672,4.92450912986553e-6,3.9952299787381437e-14,1.0001439899302058,2.705577117012581e-6,8.218452333645397e-6,53,795,53,0.2882858463918587
0.006571735920501805,0.05455218400726248,0.0051862479914461185,4.92450912986553e-6,4.3272870900321766e-14,1.000143298941546,3.0097844767595916e-6,8.516524128937755e-6,54,810,54,0.301882337392919
0.006693434733844431,0.05546737252453936,0.005192981244136128,4.92450912986553e-6,4.656183892203838e-14,1.0001426070291048,3.2582645363987695e-6,8.818971864443454e-6,55,825,55,0.31624168708922995
0.006815133547187057,0.05637694580158259,0.0051998264475725435,4.92450912986553e-6,4.3475960298866836e-14,1.000141914108183,3.3791465394727993e-6,9.125721758489607e-6,56,840,56,0.3285666488182896
0.006936832360529683,0.0572808407941492,0.005206782888559266,4.92450912986553e-6,4.958570430705759e-14,1.0001412204456732,3.3067055760227504e-6,9.436704987042682e-6,57,855,57,0.3397863593465804
0.007058531173872309,0.058179007915501714,0.005213849846123223,4.92450912986553e-6,4.9721735609967483e-14,1.0001405263811458,3.3440308300214383e-6,9.751855347020492e-6,58,870,58,0.347903970968555
0.007180229987214935,0.05907139902973788,0.005221026579402825,4.924509129865528e-6,4.874723006008786e-14,1.0001398322478334,3.3645731534193146e-6,1.0071104868884205e-5,59,885,59,0.352411560442892
0.00730192880055756,0.05995794329161563,0.0052283123631408366,4.924509129865531e-6,5.944258357949557e-14,1.0001391382545215,3.2011481465588076e-6,1.03943754822122e-5,60,900,60,0.3548068632307473
0.007423627613900186,0.060838598061237224,0.00523570650047204,4.92450912986553e-6,5.463441273021082e-14,1.0001384443834713,3.0212540309548785e-6,1.07215968167359e-5,61,915,61,0.3600776299798825
0.007545326427242812,0.06171331783563179,0.005243208265862299,4.92450912986553e-6,5.71847431196908e-14,1.000137750621291,3.1784346266050534e-6,1.1052695106698731e-5,62,930,62,0.3683320840831615
0.007667025240585438,0.06258206001955711,0.00525081689269139,4.924509129865528e-6,6.919506758509768e-14,1.0001370573196056,2.3402359801139028e-6,1.1387594969068116e-5,63,945,63,0.29474382397065924
0.007788724053928064,0.06344478546772415,0.0052585315960684935,4.92450912986553e-6,6.30425653934985e-14,1.0001363648677504,2.3623249063575713e-6,1.1726219871217508e-5,64,960,64,0.30594447486981313
0.00791042286727069,0.06430147082857642,0.005266351625827896,4.92450912986553e-6,7.06048832520493e-14,1.0001356733954259,2.611523486351075e-6,1.2068496874310682e-5,65,975,65,0.31994084921507465
0.008032121680613315,0.06515212578903555,0.00527427625488727,4.92450912986553e-6,8.134808586944837e-14,1.0001349829097783,2.798560071681777e-6,1.2414364618927758e-5,66,990,66,0.33432900393718346
0.008153820493955941,0.06599673215868347,0.005282304724646038,4.92450912986553e-6,7.779996633102402e-14,1.0001342934101654,2.866729698070003e-6,1.276374989363092e-5,67,1005,67,0.34356301275552803
0.008275519307298567,0.06683530351900328,0.00529043624347545,4.92450912986553e-6,9.118129967952965e-14,1.0001336052845478,2.9743993934516766e-6,1.311659061692243e-5,68,1020,68,0.34985490440858497
0.008397218120641193,0.06766787744276523,0.0052986700456811205,4.9245091298655275e-6,1.0615561664447278e-13,1.0001329188734853,2.9616639807272804e-6,1.3472831908089497e-5,69,1035,69,0.35409561794636657
0.008518916933983819,0.0684944856470019,0.005307005409105844,4.92450912986553e-6,1.0411866576979493e-13,1.0001322340730716,3.306355594645538e-6,1.3832414548189678e-5,70,1050,70,0.35601685223004287
0.008640615747326445,0.06931515625819835,0.005315441616691203,4.92450912986553e-6,1.2208685967919213e-13,1.0001315509766722,3.7154016325757766e-6,1.4195277048434987e-5,71,1065,71,0.3573782015064869
0.00876231456066907,0.0701299326063859,0.00532397795416006,4.92450912986553e-6,1.5538772836475304e-13,1.0001308697400182,3.886038136613479e-6,1.4561364563185038e-5,72,1080,72,0.3610988214387437
0.008884013374011696,0.07093885887865344,0.005332613680383306,4.924509129865528e-6,1.5146858939754614e-13,1.0001301907795903,3.8218783871002415e-6,1.4930623455692459e-5,73,1095,73,0.36571927690866507
0.009005712187354322,0.07174199002546836,0.005341348107247651,4.92450912986553e-6,1.6926828504981276e-13,1.0001295139452862,3.5513002529796722e-6,1.5303005134755633e-5,74,1110,74,0.37052961031156084
0.009127411000696948,0.07253935472358558,0.005350180540669575,4.92450912986553e-6,2.323661653267998e-13,1.0001288394579257,3.3100872265379166e-6,1.567844934442632e-5,75,1125,75,0.3756329372702695
0.009249109814039574,0.07333099082008916,0.005359110303642473,4.92450912986553e-6,2.3478814248682795e-13,1.0001281673395785,2.3280673246972583e-6,1.6056897430380013e-5,76,1140,76,0.2935115060400876
0.0093708086273822,0.07411698302615283,0.0053681367100442195,4.92450912986553e-6,2.498432431855467e-13,1.0001274979459176,2.348161935117332e-6,1.6438309508915605e-5,77,1155,77,0.29776383910826837
0.009492507440724825,0.07489744226375977,0.005377259042381917,4.92450912986553e-6,3.139375287862477e-13,1.0001268311244627,2.5699401717815817e-6,1.682266362286748e-5,78,1170,78,0.29793284038408746
0.009614206254067451,0.07567244286878175,0.005386476549134525,4.92450912986553e-6,3.7837683672250277e-13,1.0001261671806903,3.32876606279342e-6,1.720992307195679e-5,79,1185,79,0.37508410139284
0.009735905067410077,0.07644206142027714,0.005395788557738601,4.92450912986553e-6,3.8607084857731995e-13,1.0001255061006473,3.127770220601178e-6,1.760004603253291e-5,80,1200,80,0.36664350616843916
0.009857603880752703,0.07720635988537114,0.005405194372633368,4.92450912986553e-6,4.2982556746467393e-13,1.0001248480942877,2.725949130422123e-6,1.7992986375704913e-5,81,1215,81,0.3624553969512339
0.009979302694095329,0.07796541078067842,0.005414693345876226,4.92450912986553e-6,6.066934059152938e-13,1.0001241930569817,2.8096001081223676e-6,1.8388701307805463e-5,82,1230,82,0.3605978908060128
0.010101001507437955,0.07871931516854501,0.005424284904975868,4.92450912986553e-6,5.97640105890326e-13,1.000123541359617,3.183639130099891e-6,1.8787167199138542e-5,83,1245,83,0.361826746023256
0.01022270032078058,0.0794681808274323,0.005433968470661783,4.92450912986553e-6,6.346468462115026e-13,1.0001229074653797,3.425544470303521e-6,1.9188359118892823e-5,84,1260,84,0.3688533427551409
0.010344399134123206,0.08021208185314699,0.005443743427271249,4.92450912986553e-6,7.859287726394737e-13,1.000122288594269,3.440253060205123e-6,1.9592239707973067e-5,85,1275,85,0.37862066919369125
0.010466097947465832,0.08095105697819528,0.00545360916034429,4.92450912986553e-6,9.256904429182337e-13,1.000121673340581,2.4317267310891566e-6,1.99987613373187e-5,86,1290,86,0.2915571916177601
0.010587796760808458,0.081685199139394,0.00546356506197128,4.924509129865528e-6,9.512569676829725e-13,1.0001210619408394,2.4504259066304712e-6,2.0407902770505937e-5,87,1305,87,0.29362325423404034
0.010709495574151084,0.08241465076896967,0.005473610594012918,4.92450912986553e-6,1.029711736816188e-12,1.0001204542521522,2.6573803495466564e-6,2.0819665310319774e-5,88,1320,88,0.2967086854391976
0.01083119438749371,0.08313954819314838,0.005483745221082377,4.92450912986553e-6,1.4403248751487033e-12,1.0001198501667237,2.6787036517816887e-6,2.1234050428086366e-5,89,1335,89,0.3019573571559839
0.010952893200836335,0.0838599728111747,0.005493968412349555,4.92450912986553e-6,1.3932773826406209e-12,1.0001192500961904,2.765529316661741e-6,2.165104124996345e-5,90,1350,90,0.31171555364484077
0.011074592014178961,0.08457599384245994,0.005504279665365259,4.924509129865531e-6,1.4633638309978403e-12,1.0001186539433171,3.028093154000544e-6,2.2070616427100123e-5,91,1365,91,0.3255245066900949
0.011196290827521587,0.08528770531755761,0.005514678451004711,4.92450912986553e-6,1.8434842346629993e-12,1.000118061550458,3.0894817371063255e-6,2.249276915606281e-5,92,1380,92,0.3418561264491205
0.011317989640864213,0.08599515864582878,0.005525164192756596,4.92450912986553e-6,2.01859073712395e-12,1.0001174730701796,3.310150820112767e-6,2.2917472345713735e-5,93,1395,93,0.3554449245088213
0.011439688454206839,0.08669839248097165,0.0055357362494684766,4.92450912986553e-6,2.102390292028009e-12,1.0001168888187344,3.644394119817207e-6,2.3344690504216792e-5,94,1410,94,0.3620387796902112
0.011561387267549465,0.08739767969131641,0.005546394301590971,4.92450912986553e-6,2.2915065961598736e-12,1.0001163084619218,3.5964026423584983e-6,2.377451938177694e-5,95,1425,95,0.3600043139091733
0.01168308608089209,0.08809314869098898,0.005557137969031092,4.92450912986553e-6,2.907177727144728e-12,1.000115731956418,3.2936639193792416e-6,2.420697929637751e-5,96,1440,96,0.3502899157445157
0.011804784894234716,0.08878482194009774,0.005567966751839396,4.92450912986553e-6,2.9112118666337668e-12,1.0001151597682507,3.008211010069317e-6,2.4642032913490576e-5,97,1455,97,0.3397569675130977
0.011926483707577342,0.08947267489940136,0.005578880121853836,4.924509129865528e-6,2.9758022505370163e-12,1.0001145916253726,3.2082646725939412e-6,2.5079609725955036e-5,98,1470,98,0.3385272540295694
0.012048182520919968,0.09015669495078643,0.00558987750678294,4.92450912986553e-6,4.1279038247406906e-12,1.0001140273466933,3.402716863831756e-6,2.5519647621239602e-5,99,1485,99,0.345645256788004
0.012169881334262594,0.09083713306138731,0.005600958458666064,4.92450912986553e-6,3.958956224454749e-12,1.0001134673065808,3.1585040360937455e-6,2.5962245791031042e-5,100,1500,100,0.35055903416720263
0.01229158014760522,0.09151413417708666,0.005612122621759008,4.92450912986553e-6,4.136596547343626e-12,1.0001129114944414,2.839199630955136e-6,2.6407439685491283e-5,101,1515,101,0.3501766151834287
0.012413278960947845,0.0921877811574579,0.005623369645868312,4.92450912986553e-6,5.00569865457324e-12,1.000112359594031,2.8983591278120002e-6,2.6855227909309985e-5,102,1530,102,0.3456094080289608
0.012534977774290471,0.09285813622092785,0.005634699130565376,4.92450912986553e-6,5.313460493666979e-12,1.0001118118427859,3.4199460969830398e-6,2.730560577455777e-5,103,1545,103,0.34191294953434653
0.012656676587633097,0.0935252945114197,0.005646110683820337,4.92450912986553e-6,5.551799165238165e-12,1.0001112684245614,3.681236648844788e-6,2.775858894860615e-5,104,1560,104,0.3420369058094134
0.012778375400975723,0.09418917345626306,0.005657603783497123,4.92450912986553e-6,6.048435873681659e-12,1.0001107289610074,3.615263921119549e-6,2.8214075433999004e-5,105,1575,105,0.34806451445932657
0.012900074214318349,0.0948499242863248,0.005669178083186073,4.924509129865531e-6,7.0424871743083165e-12,1.0001101935736816,3.5025493900775473e-6,2.8672126562214582e-5,106,1590,106,0.3544170366123727
0.013021773027660975,0.09550765186663282,0.00568083323784642,4.92450912986553e-6,7.219052350694888e-12,1.0001096625467532,3.3647656891844235e-6,2.9132767099979252e-5,107,1605,107,0.35254552010012447
0.0131434718410036,0.09616234014269902,0.005692568805251322,4.92450912986553e-6,7.39391658783618e-12,1.0001091354993885,3.3684689704216453e-6,2.9595938021809363e-5,108,1620,108,0.342684816295553
0.013265170654346226,0.09681407817077232,0.005704384344736374,4.924509129865532e-6,9.211570106044979e-12,1.0001086124623428,3.028606077037921e-6,3.0061650667589428e-5,109,1635,109,0.32760127981807347
0.013386869467688852,0.09746297326786722,0.005716279466059255,4.92450912986553e-6,9.232246395126363e-12,1.0001080937615023,2.7392804469172916e-6,3.052993699781122e-5,110,1650,110,0.31124628598388515
0.013508568281031478,0.0981090731665099,0.0057282538995696505,4.92450912986553e-6,9.230126982694335e-12,1.00010757904228,2.6311545013868454e-6,3.1000796257110304e-5,111,1665,111,0.294078130655578
0.013630267094374104,0.09875245111009687,0.005740307337268932,4.924509129865528e-6,1.1876624214610005e-11,1.0001070682851716,2.517876396268548e-6,3.147424735185597e-5,112,1680,112,0.2724407201470664
0.01375196590771673,0.09939318909761449,0.005752439436544298,4.92450912986553e-6,1.1669102912439752e-11,1.0001065618106035,2.878242710835366e-6,3.1950309537180966e-5,113,1695,113,0.3524337332365752
0.013873664721059355,0.10003132240125454,0.005764649942047636,4.92450912986553e-6,1.1688738042991332e-11,1.0001060592905477,2.855273706359185e-6,3.2428973343106366e-5,114,1710,114,0.3266534285560355
0.013995363534401981,0.10066680996008673,0.005776938484351536,4.92450912986553e-6,1.5081532866284035e-11,1.0001055607063993,2.452559133558907e-6,3.2910186163602785e-5,115,1725,115,0.3068226318601262
0.014117062347744607,0.10129960381720961,0.0057893046621483885,4.92450912986553e-6,1.4439771565967768e-11,1.0001050663508766,2.630337036180208e-6,3.339388966137011e-5,116,1740,116,0.2944887206547088
0.014238761161087233,0.10192983328822776,0.005801748329100868,4.92450912986553e-6,1.4411142884933741e-11,1.0001045758975027,3.1660452037840514e-6,3.388015593118284e-5,117,1755,117,0.3830959451513569
0.014360459974429859,0.10255756600016894,0.005814269212203789,4.924509129865528e-6,1.7992750364482986e-11,1.0001040893477506,2.5978897468803552e-6,3.436902891308424e-5,118,1770,118,0.3113570381898009
0.014482158787772485,0.10318273039615407,0.005826866963588818,4.924509129865528e-6,1.8251709024484222e-11,1.0001036069406768,2.9134035628430865e-6,3.486043894493024e-5,119,1785,119,0.343113614229247
0.01460385760111511,0.10380533605221574,0.0058395412295115115,4.92450912986553e-6,1.8361675102292905e-11,1.0001031283453719,3.408327927445498e-6,3.535437212337537e-5,120,1800,120,0.3785441208890324
0.014725556414457736,0.10442541678013624,0.005852291608997589,4.92450912986553e-6,2.0428199808557056e-11,1.000102653609117,2.686981925847931e-6,3.585085027593568e-5,121,1815,121,0.2986302671891504
0.014847255227800362,0.10504293426531577,0.005865117803389847,4.92450912986553e-6,2.3192030684685823e-11,1.0001021829024277,2.869392190518738e-6,3.6349837111908106e-5,122,1830,122,0.31448200613269994
0.014968954041142988,0.10565786690415134,0.005878019600506171,4.92450912986553e-6,2.4041012901264176e-11,1.0001017159043752,2.846702713554805e-6,3.68513117250457e-5,123,1845,123,0.3225110435992885
0.015090652854485614,0.10627013821116937,0.005890996608413453,4.92450912986553e-6,2.2892660884421578e-11,1.000101252731229,2.6161064425878067e-6,3.735522562821182e-5,124,1860,124,0.32119510291433107
0.01521235166782824,0.10687972487893797,0.005904048451735921,4.92450912986553e-6,2.5917464196667886e-11,1.0001007934597066,2.65502659857475e-6,3.7861554201066124e-5,125,1875,125,0.31238138592247106
0.015334050481170865,0.10748662767511769,0.005917174922948413,4.92450912986553e-6,2.8668501529945493e-11,1.0001003378116635,2.8556772946330966e-6,3.837030031182561e-5,126,1890,126,0.30035458580044916
0.015455749294513491,0.10809073547559188,0.005930375612933701,4.92450912986553e-6,2.570229436469749e-11,1.0000998859641117,3.3251874214101917e-6,3.888139086525391e-5,127,1905,127,0.38573036427962537
0.015577448107856117,0.10869201208297746,0.005943650151542528,4.92450912986553e-6,2.912515857386441e-11,1.0000994378741483,3.068943485118325e-6,3.9394795740273894e-5,128,1920,128,0.3588152622872811
0.015699146921198743,0.10929039435486645,0.005956998239699687,4.92450912986553e-6,3.239114690357046e-11,1.000098993365547,3.0708592078099173e-6,3.991047420194233e-5,129,1935,129,0.33111860998004783
0.01582084573454137,0.10988580707458188,0.005970419467545622,4.924509129865531e-6,2.9821752936373155e-11,1.000098552609092,2.748527720086713e-6,4.042838460945796e-5,130,1950,130,0.30524604513157705
0.015942544547883995,0.11047820996188128,0.0059839135354771275,4.92450912986553e-6,3.484817193177234e-11,1.0000981154707151,3.546236015949944e-6,4.094849427382301e-5,131,1965,131,0.37013052374717287
0.01606424336122662,0.1110674966008318,0.005997480094791619,4.924509129865531e-6,3.634234787377548e-11,1.0000976818636451,2.5447519504950833e-6,4.1470731312057035e-5,132,1980,132,0.3289613041068534
0.016185942174569246,0.11165360883005573,0.006011118646438854,4.92450912986553e-6,3.667618694268917e-11,1.0000972519235074,3.5862063469949135e-6,4.199506577083209e-5,133,1995,133,0.3736257649565782
0.016307640987911872,0.11223649840097134,0.0060248289099952956,4.924509129865531e-6,4.507930135887381e-11,1.0000968254750038,2.6811138269522417e-6,4.2521462448057876e-5,134,2010,134,0.3096441407149568
0.016429339801254498,0.1128160345967908,0.006038610536288662,4.92450912986553e-6,4.1932026679146674e-11,1.000096402510689,3.323603792182439e-6,4.304983589694885e-5,135,2025,135,0.3748584370618807
0.016551038614597124,0.11339210173196732,0.006052463032272335,4.924509129865531e-6,4.764849747879616e-11,1.0000959830701897,3.0705407993991685e-6,4.3580093627013355e-5,136,2040,136,0.36385974231221735
0.01667273742793975,0.1139646565930071,0.006066385974646777,4.92450912986553e-6,5.5734822760526686e-11,1.0000955670441878,2.309671288003301e-6,4.411219876994165e-5,137,2055,137,0.28695366597800176
0.016794436241282375,0.11453362464772146,0.006080378749343244,4.924509129865528e-6,5.305012363684194e-11,1.0000951544660108,3.485819007664759e-6,4.4646109233564006e-5,138,2070,138,0.33742329733566534
0.016916135054625,0.1150989860652915,0.006094441040715936,4.924509129865531e-6,6.609592934051344e-11,1.000094745274083,3.459082449808193e-6,4.518181704353156e-5,139,2085,139,0.3038126463365473
0.017037833867967627,0.11566063876883922,0.006108572402832267,4.92450912986553e-6,6.394579638807959e-11,1.0000943394062907,3.381208912855982e-6,4.5719242808490925e-5,140,2100,140,0.31193776352798447
0.017159532681310253,0.11621846489414513,0.006122772338055138,4.92450912986553e-6,7.261693167416203e-11,1.0000943841958096,2.5819634430490623e-6,4.625830434558516e-5,141,2115,141,0.2914756878481489
0.01728123149465288,0.11677239518865798,0.006137040402893976,4.92450912986553e-6,8.400609100372816e-11,1.0000961279986695,3.6784498558262158e-6,4.679892430608863e-5,142,2130,142,0.37131093576154184
0.017402930307995505,0.117322351421098,0.006151376174323153,4.92450912986553e-6,8.542921267554413e-11,1.0000978580098419,3.053022945564976e-6,4.7341050791696146e-5,143,2145,143,0.3384745664672675
0.01752462912133813,0.11786826304742364,0.00616577911523023,4.92450912986553e-6,1.0509509820147219e-10,1.000099958316309,3.7695978782892325e-6,4.788461979155099e-5,144,2160,144,0.36040963770732554
0.017646327934680756,0.11841006836614519,0.006180248721656137,4.92450912986553e-6,1.0666428610533835e-10,1.0001016910518514,3.5080947036192356e-6,4.8429564662975516e-5,145,2175,145,0.332864625314472
0.017768026748023382,0.11894768439671753,0.0061947845876813915,4.92450912986553e-6,1.469723723333905e-10,1.000103346148076,3.1615662123840593e-6,4.8975842180056146e-5,146,2190,146,0.3352834474226997
0.017889725561366008,0.11948107724846654,0.006209386240183738,4.92450912986553e-6,1.3394112957153828e-10,1.000105421699424,3.3518968933776705e-6,4.952340560406131e-5,147,2205,147,0.34953750872176825
0.018011424374708634,0.12001015908022702,0.006224053091635003,4.92450912986553e-6,1.484158035784401e-10,1.0001071182613823,3.5780335139179442e-6,5.007218116387305e-5,148,2220,148,0.36362169248633475
0.01813312318805126,0.12053485085452179,0.006238784531306266,4.92450912986553e-6,1.491464230272698e-10,1.0001087754821918,3.4470961196575445e-6,5.062209356623813e-5,149,2235,149,0.36616796307134114
0.018254822001393885,0.12105512321127174,0.00625357996651036,4.92450912986553e-6,1.4209502683906463e-10,1.0001107846251847,3.7287814613762293e-6,5.1173095026949484e-5,150,2250,150,0.3651767920586247
0.01837652081473651,0.12157089430773552,0.006268438977364162,4.92450912986553e-6,1.3706614322672493e-10,1.0001123911422853,3.258559555519014e-6,5.172513502508315e-5,151,2265,151,0.3696302718862357
0.018498219628079137,0.12208212062035213,0.0062833611000572024,4.92450912986553e-6,1.381463591499529e-10,1.000114086522234,3.6398416796146194e-6,5.2278151364271164e-5,152,2280,152,0.3064207079680753
0.018619918441421763,0.12258872549488276,0.00629834574277824,4.92450912986553e-6,1.2765225243525647e-10,1.000115969054731,3.324624117340136e-6,5.2832069982363896e-5,153,2295,153,0.33206995184601273
0.01874161725476439,0.12309064026219065,0.006313392254759142,4.924509129865531e-6,1.2553859930367153e-10,1.0001174350020838,3.266709747151708e-6,5.3386816821203476e-5,154,2310,154,0.350075877371867
0.018863316068107015,0.12358782908347243,0.00632849996509415,4.92450912986553e-6,1.2087213525379299e-10,1.0001192094283364,3.6653922563800734e-6,5.394232986673316e-5,155,2325,155,0.35738638931281586
0.01898501488144964,0.12408018216800601,0.006343668340321876,4.92450912986553e-6,1.1670771087981252e-10,1.0001209223863023,3.295043171647194e-6,5.4498504250266026e-5,156,2340,156,0.3525945466101411
0.019106713694792266,0.12456769961992384,0.006358896939199416,4.92450912986553e-6,1.1911068838149854e-10,1.0001222097277755,3.2630944986067334e-6,5.505531333706283e-5,157,2355,157,0.3320502325381577
0.019228412508134892,0.1250503263501562,0.0063741851551458225,4.92450912986553e-6,1.1507956727105043e-10,1.0001240912677523,3.6295974723543623e-6,5.561270205130308e-5,158,2370,158,0.37903127832227534
0.019350111321477518,0.12552802982486153,0.006389532327814573,4.92450912986553e-6,1.258470089932637e-10,1.0001255950490084,3.3112045763061815e-6,5.617061889187952e-5,159,2385,159,0.35751091530249535
0.019471810134820144,0.1260007642479258,0.0064049377138732325,4.92450912986553e-6,1.2526415388411732e-10,1.000126963367017,2.9100307941121173e-6,5.672898490564171e-5,160,2400,160,0.3382794021453429
0.01959350894816277,0.12646845726084574,0.0064204008060863476,4.92450912986553e-6,1.4130458339507134e-10,1.0001286779908474,3.2581210689386353e-6,5.7287727323780585e-5,161,2415,161,0.30144146008297046
0.019715207761505395,0.12693108926525284,0.006435920995453208,4.92450912986553e-6,1.5354034470732955e-10,1.0001299511985364,3.887663893920035e-6,5.784678172897521e-5,162,2430,162,0.3524444306876484
0.01983690657484802,0.12738861750412495,0.006451497676936624,4.92450912986553e-6,1.778765441814555e-10,1.0001314824415048,2.8186983342948224e-6,5.8406082833303486e-5,163,2445,163,0.2992805026246836
0.019958605388190647,0.1278410401670769,0.006467130115960955,4.92450912986553e-6,1.8321406994127554e-10,1.0001329447720562,3.4854901187486576e-6,5.896559974310173e-5,164,2460,164,0.35116533840973796
0.020080304201533273,0.12828833883136587,0.006482817677344826,4.924509129865528e-6,2.0990449111618693e-10,1.0001340246483468,2.6808322672877694e-6,5.9525275579746235e-5,165,2475,165,0.2890696931198891
0.0202020030148759,0.1287304634007653,0.0064985598574452625,4.924509129865528e-6,2.1020747466836175e-10,1.0001356696938317,2.875021777981601e-6,6.008504274047162e-5,166,2490,166,0.33300650849259034
0.020323701828218525,0.1291674108696436,0.006514355982440465,4.92450912986553e-6,2.4652685491954715e-10,1.0001368612763137,3.7752997172901814e-6,6.064483356653687e-5,167,2505,167,0.3880319394564684
0.02044540064156115,0.1295991402772525,0.006530205439797783,4.92450912986553e-6,2.699853991273118e-10,1.0001381477045654,3.628282115641923e-6,6.120457993531153e-5,168,2520,168,0.336624038424914
0.020567099454903776,0.13002566660567177,0.006546107517567932,4.92450912986553e-6,3.0745331091617436e-10,1.0001395048599981,4.362208635200204e-6,6.176423514276192e-5,169,2535,169,0.38939293206589787
0.020688798268246402,0.13044699325267256,0.0065620616828305275,4.92450912986553e-6,3.351622575739428e-10,1.000140413859872,3.0851561234612745e-6,6.232375787441412e-5,170,2550,170,0.34423521773236915
0.020810497081589028,0.13086312336249648,0.00657806727269931,4.92450912986553e-6,3.624769694428375e-10,1.0001419185029734,3.667869918899669e-6,6.288311078357131e-5,171,2565,171,0.38855654461351585
0.020932195894931654,0.1312740800808656,0.006594123661820915,4.92450912986553e-6,3.513606093077926e-10,1.0001429784469273,2.345425912153587e-6,6.344223794562198e-5,172,2580,172,0.3044400898380809
0.02105389470827428,0.1316798415869748,0.006610230225190437,4.92450912986553e-6,3.74311449767127e-10,1.0001441253385086,3.059095959656588e-6,6.400108081342629e-5,173,2595,173,0.336632499671954
0.021175593521616905,0.13208046435850623,0.006626386364143093,4.92450912986553e-6,3.8520197893690557e-10,1.000145330085888,3.504216550709316e-6,6.455960038798387e-5,174,2610,174,0.3681021489124932
0.02129729233495953,0.13247595107140228,0.006642591445179459,4.92450912986553e-6,4.0026220479075703e-10,1.0001461411929513,3.1096870856117675e-6,6.511775669639813e-5,175,2625,175,0.3070996308932224
0.021418991148302157,0.132866369419323,0.006658844797564826,4.92450912986553e-6,4.269794343133285e-10,1.000147487545776,3.5049033044742828e-6,6.567552385037922e-5,176,2640,176,0.32951958077968163
0.021540689961644783,0.13325175721459107,0.006675145815613118,4.924509129865528e-6,4.496098945017413e-10,1.0001483731325922,3.3239725638622986e-6,6.623288544504191e-5,177,2655,177,0.341394499026166
0.02166238877498741,0.1336321614365463,0.006691493837653686,4.92450912986553e-6,4.575801659042566e-10,1.000149470018922,3.004621262903129e-6,6.678981090009473e-5,178,2670,178,0.34464661169085953
0.021784087588330035,0.1340076358533977,0.006707888288750108,4.92450912986553e-6,5.096861947520903e-10,1.0001504802787984,3.2174703790133208e-6,6.734627054357539e-5,179,2685,179,0.33501115266023074
0.02190578640167266,0.13437820960356475,0.006724328494893565,4.924509129865528e-6,4.95283447986504e-10,1.0001512902199357,2.9345643213218864e-6,6.790222697592761e-5,180,2700,180,0.3193626047039084
0.022027485215015286,0.1347439546952599,0.00674081395246612,4.92450912986553e-6,5.11678358168091e-10,1.0001524200650378,2.487240109871891e-6,6.845765381801402e-5,181,2715,181,0.29959207492074025
0.022149184028357912,0.13510492123586912,0.006757344097258585,4.924509129865531e-6,5.319324164221621e-10,1.0001530909525809,3.390707803418991e-6,6.901252937845182e-5,182,2730,182,0.3847034822018126
0.022270882841700538,0.1354611919881277,0.006773918369908922,4.92450912986553e-6,5.104477195649278e-10,1.0001542009578759,3.3281750688729517e-6,6.956684308178692e-5,183,2745,183,0.371057993851032
0.022392581655043164,0.1358128330776068,0.006790536164388888,4.924509129865528e-6,5.327606190591179e-10,1.0001549725185321,3.0559835551002834e-6,7.01205933289469e-5,184,2760,184,0.3646908982516665
0.02251428046838579,0.13615993757687306,0.006807196818310381,4.92450912986553e-6,4.93348486640739e-10,1.0001558348003645,3.3081242634125374e-6,7.067378572042982e-5,185,2775,185,0.3700388287282896
0.022635979281728415,0.1365025806283935,0.006823899929829097,4.924509129865528e-6,4.941007245394188e-10,1.0001567017787407,3.328514331712995e-6,7.122641035635022e-5,186,2790,186,0.3800200771623298
0.02275767809507104,0.13684083134341218,0.006840644852326427,4.92450912986553e-6,4.782735973887945e-10,1.0001573301460267,3.724694146001184e-6,7.177845066612856e-5,187,2805,187,0.3797035717666189
0.022879376908413667,0.13717478113474807,0.006857431179667122,4.92450912986553e-6,4.4806936209453146e-10,1.0001582880526663,3.329091981640886e-6,7.232990126102781e-5,188,2820,188,0.3571620657001001
0.023001075721756293,0.13750449356571928,0.006874258295965859,4.924509129865528e-6,4.578714806728318e-10,1.0001587867223556,3.6524514968050426e-6,7.288075650318423e-5,189,2835,189,0.3771724204484761
0.02312277453509892,0.13783009471619193,0.006891125781264541,4.92450912986553e-6,3.927353589003924e-10,1.0001597366886146,3.3286082334882394e-6,7.343102707951818e-5,190,2850,190,0.3760860249179225
0.023244473348441545,0.13815164115482675,0.006908033045148142,4.924509129865531e-6,4.020739107945311e-10,1.0001603087314077,2.877350979701987e-6,7.398070905729798e-5,191,2865,191,0.3479267542354012
0.02336617216178417,0.1384692527680386,0.006924979642644572,4.924509129865528e-6,3.3671741801820717e-10,1.0001610519883184,3.5458871394666858e-6,7.452982287422685e-5,192,2880,192,0.3538085608965957
0.023487870975126796,0.13878298924035506,0.006941965056667944,4.924509129865528e-6,3.5196320328927324e-10,1.0001616919233174,3.4316208541440574e-6,7.507837205328539e-5,193,2895,193,0.35835824193163185
0.023609569788469422,0.13909296961865858,0.006958988839442319,4.92450912986553e-6,3.0709843515183227e-10,1.000162236891717,3.001073693553735e-6,7.56263705783371e-5,194,2910,194,0.336741571035949
0.023731268601812048,0.1393992658277671,0.006976050497975208,4.92450912986553e-6,3.402634942380329e-10,1.0001629422649885,3.6590664649338578e-6,7.617383111764263e-5,195,2925,195,0.39475005746714437
0.023852967415154674,0.13970197679443006,0.006993149627117486,4.92450912986553e-6,3.3311985419516196e-10,1.000163300913816,3.5241651374917637e-6,7.672076174998396e-5,196,2940,196,0.38597665423043326
0.0239746662284973,0.1400011786456857,0.007010285823162151,4.924509129865531e-6,3.8235239435238623e-10,1.0001640686802138,2.813757404851458e-6,7.726718228563573e-5,197,2955,197,0.34602532669139535
0.024096365041839925,0.14029696642904219,0.007027458646800169,4.924509129865528e-6,3.9246934290915745e-10,1.0001643805544147,2.884725837759561e-6,7.781310945214895e-5,198,2970,198,0.35207270935768537
0.02421806385518255,0.1405894243861619,0.00704466768780008,4.924509129865528e-6,4.0510384597283036e-10,1.0001650839742284,2.842929987423304e-6,7.835855867635562e-5,199,2985,199,0.32968679987439675
0.024339762668525177,0.14087863118854982,0.007061912505522441,4.92450912986553e-6,4.3237885504138646e-10,1.0001654508079159,3.5097215800306003e-6,7.890354060215426e-5,200,3000,200,0.3699873991329396
0.024461461481867803,0.1411646750399967,0.007079192762602414,4.92450912986553e-6,4.4672369248495073e-10,1.0001659971619667,3.1418533552596273e-6,7.944807443048551e-5,201,3015,201,0.36878011493560575
0.02458316029521043,0.14144761987478854,0.007096508033642246,4.92450912986553e-6,5.034227095013865e-10,1.0001664172221834,2.9543009816279664e-6,7.999216926317004e-5,202,3030,202,0.3567011674503982
0.024704859108553055,0.14172756282246432,0.007113858010707076,4.92450912986553e-6,5.046384306667007e-10,1.0001668165683113,2.8190612511025392e-6,8.053584515774995e-5,203,3045,203,0.3278662263780057
0.02482655792189568,0.14200453897486484,0.007131242164560547,4.92450912986553e-6,5.423386647360542e-10,1.0001672860816122,2.871435526685673e-6,8.10790937508352e-5,204,3060,204,0.3304875076485134
0.024948256735238306,0.14227866710776862,0.00714866025476221,4.92450912986553e-6,5.813347250009693e-10,1.0001675496039042,3.0404521567106713e-6,8.162195501170162e-5,205,3075,205,0.33188627981174956
0.025069955548580932,0.14254999058495366,0.007166111814625158,4.92450912986553e-6,5.884504651061248e-10,1.0001680666052741,3.2407741841211646e-6,8.216443237304567e-5,206,3090,206,0.3422904990273081
0.025191654361923558,0.14281860973674274,0.007183596653384137,4.92450912986553e-6,6.586432156010965e-10,1.0001698400705552,3.184392127764113e-6,8.270653800774173e-5,207,3105,207,0.3557297161915732
0.025313353175266184,0.14308458141061078,0.007201114312142367,4.924509129865531e-6,6.308740543276284e-10,1.0001724335095583,3.399912174018027e-6,8.324828421519115e-5,208,3120,208,0.3586795145930745
0.02543505198860881,0.14334799998828907,0.0072186646134322265,4.92450912986553e-6,6.631603340851265e-10,1.0001744875644116,2.8082107235150033e-6,8.378969624173697e-5,209,3135,209,0.34583713626545154
0.025556750801951435,0.14360894372287028,0.007236247161972008,4.924509129865528e-6,6.301673664130005e-10,1.0001765044313888,3.6117125148393825e-6,8.433079543319392e-5,210,3150,210,0.4026897529311019
0.02567844961529406,0.14386748067576197,0.00725386173735514,4.924509129865528e-6,6.359592420618406e-10,1.000178147435555,2.763432327412829e-6,8.48715944183593e-5,211,3165,211,0.30923580279141677
0.025800148428636687,0.14412371648306235,0.007271507950690737,4.92450912986553e-6,6.31925104133043e-10,1.0001797730717807,3.761901368193321e-6,8.541213675719175e-5,212,3180,212,0.3937394197172763
0.025921847241979313,0.14437772300936058,0.007289185654640024,4.92450912986553e-6,6.125866416888632e-10,1.0001812167034068,2.9828861158875952e-6,8.595244128701711e-5,213,3195,213,0.3175233635654338
0.02604354605532194,0.14462959900541414,0.0073068944721955235,4.92450912986553e-6,6.35090842687003e-10,1.0001821678587874,3.4859966220324168e-6,8.64925464263687e-5,214,3210,214,0.3628674194608469
0.026165244868664565,0.14487941473118876,0.007324634250653645,4.92450912986553e-6,5.916995350783556e-10,1.000183122080888,3.6021619962411933e-6,8.703248075151484e-5,215,3225,215,0.38574850174517655
0.02628694368200719,0.14512727408275491,0.007342404690203954,4.92450912986553e-6,6.384954609403954e-10,1.0001838984268756,3.72738746534651e-6,8.757228552174574e-5,216,3240,216,0.4049520304575864
0.026408642495349816,0.14537323812671896,0.007360205644454027,4.92450912986553e-6,5.622824825994109e-10,1.0001849227979165,3.910845336463353e-6,8.81119827117063e-5,217,3255,217,0.40820160454016213
0.026530341308692442,0.1456174357183367,0.007378036826140678,4.924509129865528e-6,5.994399284455054e-10,1.000185567464594,3.757196679998742e-6,8.865162891284017e-5,218,3270,218,0.4016130582139213
0.026652040122035068,0.14585992255751884,0.0073958980414956296,4.92450912986553e-6,5.175897296569593e-10,1.0001860916553378,3.458477237927582e-6,8.919125791788038e-5,219,3285,219,0.39995768680988053
0.026773738935377694,0.14610082299752564,0.007413789005309032,4.92450912986553e-6,5.541864382979947e-10,1.0001868746536675,3.6564900369739917e-6,8.973091664687576e-5,220,3300,220,0.4046016063639346
0.02689543774872032,0.14634018867218426,0.007431709576577273,4.924509129865528e-6,4.766258089560059e-10,1.0001872740143458,3.7381905571010066e-6,9.027064248888306e-5,221,3315,221,0.397803547465506
0.027017136562062945,0.1465781436899273,0.00744965951811291,4.92450912986553e-6,5.080589562241074e-10,1.0001881274773814,3.344654516013179e-6,9.081048814704027e-5,222,3330,222,0.3748621700829063
0.02713883537540557,0.14681474950715384,0.007467638754044957,4.92450912986553e-6,4.377248836868127e-10,1.0001887294865162,2.870133286592136e-6,9.135049457693225e-5,223,3345,223,0.3609184432684282
0.027260534188748197,0.14705011627547313,0.007485647093285407,4.924509129865528e-6,4.6209080925848376e-10,1.0001895751215288,3.219522781705564e-6,9.18907061662109e-5,224,3360,224,0.3702503672880833
0.027382233002090823,0.14728427999741184,0.007503684382422931,4.924509129865528e-6,3.920066886614677e-10,1.000190352344638,3.7975699029857424e-6,9.243115649786313e-5,225,3375,225,0.3847514867422061
0.02750393181543345,0.14751732812141768,0.007521750415368765,4.924509129865531e-6,4.2185760480952125e-10,1.0001912199908418,3.711087970259541e-6,9.297187435274375e-5,226,3390,226,0.38940709064324747
0.027625630628776075,0.14774928992791522,0.007539845104646962,4.92450912986553e-6,3.577452386912051e-10,1.000192130311848,4.211903018358498e-6,9.351289982970696e-5,227,3405,227,0.3966802874035315
0.0277473294421187,0.1479802601728408,0.007557968349116451,4.92450912986553e-6,3.918377964590893e-10,1.0001929479721037,4.433545086612867e-6,9.405427055176841e-5,228,3420,228,0.4071620842579624
0.027869028255461326,0.14821025641235647,0.007576120033550887,4.92450912986553e-6,3.5125885604262637e-10,1.000193941819707,2.692695666439704e-6,9.459600862912105e-5,229,3435,229,0.31748824506722173
0.027990727068803952,0.1484393453054873,0.007594299936564304,4.92450912986553e-6,4.0077252642896064e-10,1.0001947297343292,2.573280610818074e-6,9.513812650265726e-5,230,3450,230,0.3161273327857026
0.028112425882146578,0.1486675622008621,0.0076125079755258495,4.92450912986553e-6,3.71969810259847e-10,1.0001954944187272,2.606638986435428e-6,9.56806622502962e-5,231,3465,231,0.3086018239688541
0.028234124695489204,0.1488949618960124,0.007630744058581963,4.92450912986553e-6,4.3308319789263414e-10,1.000196305336445,2.9915995014562213e-6,9.622364371802568e-5,232,3480,232,0.31543640165503856
0.02835582350883183,0.14912160485377712,0.007649008151614518,4.92450912986553e-6,4.1606952365927433e-10,1.0001969495630805,3.020173089396394e-6,9.676711576649825e-5,233,3495,233,0.33108134948028645
0.028477522322174455,0.14934752138296634,0.007667300120597764,4.924509129865528e-6,4.850537678201044e-10,1.0001978617227814,2.618309302704347e-6,9.73110943127252e-5,234,3510,234,0.32994096068765044
0.02859922113551708,0.14957277595405957,0.007685619889536349,4.924509129865531e-6,4.851617738692518e-10,1.0001985554804753,2.909469287715183e-6,9.78556183233582e-5,235,3525,235,0.3252918474452909
0.028720919948859707,0.14979737860208783,0.007703967371583665,4.92450912986553e-6,5.407856400606147e-10,1.0001997551456694,2.551745481582657e-6,9.840071282340789e-5,236,3540,236,0.3296922135353873
0.028842618762202333,0.1500213892533796,0.0077223424791853755,4.92450912986553e-6,5.749232907774314e-10,1.000200847086682,3.14001896128957e-6,9.894640376744977e-5,237,3555,237,0.3336237130808749
0.02896431757554496,0.15024481719748328,0.007740745175652563,4.92450912986553e-6,5.707729541145802e-10,1.000202372162551,3.133328533522217e-6,9.949271878270342e-5,238,3570,238,0.32630942013855935
0.029086016388887585,0.15046771674999415,0.007759175409824187,4.92450912986553e-6,6.518875899706622e-10,1.0002039143352732,3.671897630397325e-6,0.00010003967641883878,239,3585,239,0.41281454431190095
0.02920771520223021,0.15069007288147537,0.007777633049817682,4.92450912986553e-6,5.84414296518925e-10,1.0002056510578112,3.576611732114543e-6,0.00010058728768570041,240,3600,240,0.4089301143229586
0.029329414015572836,0.15091191900343168,0.007796118028233669,4.92450912986553e-6,6.832029824667141e-10,1.0002071580998424,3.836204427898338e-6,0.00010113556031230326,241,3615,241,0.4110354796573185
0.029451112828915462,0.15113323702587741,0.007814630270394035,4.924509129865528e-6,5.980532919667996e-10,1.0002086255753408,3.199899722972077e-6,0.00010168451427087446,242,3630,242,0.4161702784021815
0.029572811642258088,0.15135405774535252,0.007833169799083045,4.92450912986553e-6,6.808937537428995e-10,1.000209943820985,4.185019434999049e-6,0.00010223414876614793,243,3645,243,0.4150749022032226
0.029694510455600714,0.15157431377582986,0.007851736433239673,4.92450912986553e-6,6.088860379410696e-10,1.0002108560125904,2.6723874668732606e-6,0.0001027844390299618,244,3660,244,0.33082966843696526
0.02981620926894334,0.15179402295831587,0.007870330145720512,4.924509129865528e-6,6.778531783913258e-10,1.000211976259357,3.025050787641703e-6,0.00010333537313452196,245,3675,245,0.33938086858154914
0.029937908082285965,0.1520131206374575,0.007888950830911925,4.92450912986553e-6,6.157249917438681e-10,1.0002125921549112,3.474050558338604e-6,0.00010388692587526506,246,3690,246,0.3487195047578701
0.03005960689562859,0.1522316372733198,0.007907598544537006,4.92450912986553e-6,6.743998225246978e-10,1.000213292910827,2.9939631218667273e-6,0.00010443910022639414,247,3705,247,0.3442863264093399
0.030181305708971217,0.15244953500339006,0.007926273189553008,4.92450912986553e-6,6.188721680631119e-10,1.0002138848718267,2.9793454814353026e-6,0.00010499187528787965,248,3720,248,0.3379256009041375
0.030303004522313843,0.1526668119374895,0.00794497471334714,4.92450912986553e-6,6.724841022528255e-10,1.0002143019929908,3.4446511563146487e-6,0.0001055452331496863,249,3735,249,0.3488947447880793
0.03042470333565647,0.15288342809694205,0.007963702989991356,4.924509129865528e-6,6.199883459541717e-10,1.000215019406661,3.3972408743920823e-6,0.00010609915536111633,250,3750,250,0.35553847678707523
0.030546402148999095,0.1530993846773281,0.007982457952099509,4.924509129865528e-6,6.751125629024591e-10,1.000215486223992,3.2035352148795937e-6,0.00010665363446745595,251,3765,251,0.34334746359310925
0.03066810096234172,0.1533146474251939,0.00800123949206925,4.924509129865531e-6,6.130410012603984e-10,1.0002163974207978,2.996588222003993e-6,0.00010720866185726614,252,3780,252,0.32291079138359186
0.030789799775684346,0.15352922526012494,0.008020047545074717,4.92450912986553e-6,6.519766761588613e-10,1.0002172593231886,2.9082624308784943e-6,0.00010776422188485845,253,3795,253,0.32045928598792
0.030911498589026972,0.15374306554406064,0.008038882014257323,4.92450912986553e-6,5.684593017986588e-10,1.0002187866323131,2.9338618645624592e-6,0.00010832029391823869,254,3810,254,0.3250077515966366
0.031033197402369598,0.15395618038242145,0.0080577428182772,4.924509129865528e-6,6.159515992040276e-10,1.0002200915530741,3.5351447991160967e-6,0.00010887686794332805,255,3825,255,0.4172897142426298
0.031154896215712224,0.1541685158227444,0.008076629875230357,4.924509129865528e-6,5.220179590579017e-10,1.0002221294447247,3.8114205267447687e-6,0.00010943393657473107,256,3840,256,0.3966211857825995
0.03127659502905485,0.15438008206239576,0.008095543056768835,4.92450912986553e-6,5.826395502549843e-10,1.0002237988596876,3.474096558875317e-6,0.00010999147561874632,257,3855,257,0.384995359451166
0.03139829384239748,0.15459083801979284,0.008114482308290571,4.9245091298655275e-6,4.774490227587388e-10,1.0002257374921522,3.4488499238705117e-6,0.00011054948518914055,258,3870,258,0.3790563333071268
0.031519992655740105,0.15480079762422777,0.008133447491961219,4.92450912986553e-6,5.553143519958263e-10,1.0002271699281036,3.244336575392026e-6,0.0001111079501775574,259,3885,259,0.3648393054488275
0.03164169146908273,0.15500992444016137,0.00815243858517682,4.92450912986553e-6,4.6177355706485236e-10,1.0002289030104232,3.1357160423794994e-6,0.00011166687616770557,260,3900,260,0.3496832237067265
0.031763390282425356,0.15521818328908443,0.008171455372925759,4.924509129865528e-6,5.306472268871458e-10,1.0002300505837458,3.4481942634556617e-6,0.00011222621836667088,261,3915,261,0.3431989669832127
0.03188508909576798,0.15542553396318046,0.008190497758606944,4.92450912986553e-6,4.837011912208819e-10,1.000231523862416,3.0508982007404484e-6,0.00011278596754849437,262,3930,262,0.36177794083756853
0.03200678790911061,0.15563196638787952,0.008209565652170011,4.92450912986553e-6,5.713445200138423e-10,1.0002325589468568,3.4435025497714378e-6,0.00011334610759828458,263,3945,263,0.3603797346207329
0.032128486722453234,0.15583743640432193,0.008228658991763243,4.92450912986553e-6,5.328633758817875e-10,1.000233765934247,3.1058508653813988e-6,0.0001139066069249238,264,3960,264,0.3478027388237662
0.03225018553579586,0.15604189575334185,0.008247777557134846,4.924509129865528e-6,6.325252346418982e-10,1.0002348596197053,2.79592100582704e-6,0.00011446742203914122,265,3975,265,0.3420902484960482
0.032371884349138486,0.15624532649250547,0.0082669213196188,4.92450912986553e-6,6.060987653207982e-10,1.0002358902125161,2.9683537547953165e-6,0.00011502853741565179,266,3990,266,0.3417803585867548
0.03249358316248111,0.15644765610011713,0.0082860900563253,4.92450912986553e-6,6.982839265070777e-10,1.00023728297645,2.913986161701132e-6,0.0001155898950007474,267,4005,267,0.3303593880380715
0.03261528197582374,0.1566488842538937,0.008305283771871515,4.924509129865528e-6,6.97546061702098e-10,1.0002382926913347,3.853101475215226e-6,0.00011615149088400054,268,4020,268,0.395712976973664
0.03273698078916636,0.15684894029696336,0.008324502197052342,4.92450912986553e-6,7.262698445010797e-10,1.0002397407948909,3.3224690412225755e-6,0.00011671326239793046,269,4035,269,0.35893488652692
0.03285867960250899,0.15704777122030994,0.008343745174677187,4.92450912986553e-6,7.423237022582437e-10,1.0002406477023538,2.8117847534758766e-6,0.00011727515099411453,270,4050,270,0.327771813045549
0.032980378415851615,0.1572453551660895,0.00836301255798361,4.924509129865528e-6,7.441763903094079e-10,1.0002420105178287,3.502282709177962e-6,0.00011783714493351307,271,4065,271,0.3864193673725903
0.03310207722919424,0.15744167011024207,0.008382304330521178,4.92450912986553e-6,7.690598107152987e-10,1.0002427863383299,3.5133943754317443e-6,0.00011839922631096226,272,4080,272,0.4106352174595277
0.033223776042536866,0.15763666956166633,0.008401620187712067,4.924509129865528e-6,7.615381225900244e-10,1.0002438527252886,3.950609794856064e-6,0.00011896131936310748,273,4095,273,0.37595671616705806
0.03334547485587949,0.15783031488815472,0.008420959997703347,4.92450912986553e-6,7.917639497465446e-10,1.0002445154705923,4.1097585778970824e-6,0.00011952340427340677,274,4110,274,0.42093315109689533
0.03346717366922212,0.15802257333179892,0.00844032356796881,4.92450912986553e-6,7.759116015930441e-10,1.0002452392655596,4.561360981369944e-6,0.00012008545544333895,275,4125,275,0.40659486768901104
0.033588872482564744,0.1582134285694451,0.008459710812723389,4.92450912986553e-6,8.085280544591575e-10,1.0002458705358523,3.599689364364167e-6,0.00012064744644111009,276,4140,276,0.40655749595610735
0.03371057129590737,0.15840282924711718,0.008479121474306961,4.92450912986553e-6,7.874296488653685e-10,1.0002464312973858,3.516796795111077e-6,0.00012120932005705471,277,4155,277,0.3599044659541474
0.033832270109249996,0.1585907390733019,0.008498555399000511,4.924509129865531e-6,8.197038760397596e-10,1.0002471410305553,3.7346323438214313e-6,0.00012177104044876555,278,4170,278,0.3568958772684042
0.03395396892259262,0.15877709507817728,0.008518012431697048,4.92450912986553e-6,7.985603023627686e-10,1.0002477873257043,3.312289930335055e-6,0.00012233258292559593,279,4185,279,0.37608459811555306
0.03407566773593525,0.15896188229333708,0.008537492398930103,4.92450912986553e-6,8.275531757263335e-10,1.000248636489158,3.344484689193905e-6,0.0001228939125526466,280,4200,280,0.39655640575408546
0.03419736654927787,0.15914504149215858,0.008556995065644455,4.92450912986553e-6,8.136013223613787e-10,1.0002496367477889,4.0757965962257e-6,0.0001234549823269412,281,4215,281,0.4120562962244583
0.0343190653626205,0.1593265674587662,0.008576520260921662,4.924509129865531e-6,7.945648830182537e-10,1.0002511010628523,4.155531215133124e-6,0.0001240157583180775,282,4230,282,0.4286100703092012
0.034440764175963125,0.1595064280775886,0.008596067794686236,4.92450912986553e-6,7.885943739276226e-10,1.00025252300174,3.786112387160756e-6,0.0001245762119647677,283,4245,283,0.3693761747899618
0.03456246298930575,0.1596846065696406,0.008615637442832882,4.924509129865528e-6,7.440750099503492e-10,1.0002540362602523,3.5766296662131936e-6,0.00012513632292110617,284,4260,284,0.3840669519207435
0.034684161802648376,0.15986105611701174,0.00863522899239462,4.92450912986553e-6,7.75981179019836e-10,1.0002556600344703,3.7146772058349598e-6,0.0001256960581457218,285,4275,285,0.38842874757087026
0.034805860615991,0.16003568069306282,0.008654842081790981,4.92450912986553e-6,6.997713798388026e-10,1.0002573963276056,4.426528818157749e-6,0.00012625533933691559,286,4290,286,0.3969313174045135
0.03492755942933363,0.16020850745700468,0.008674476673694854,4.92450912986553e-6,7.701445113346946e-10,1.0002589459947586,3.7497960292398602e-6,0.00012681417954759814,287,4305,287,0.40762809650017945
0.035049258242676254,0.16037945190911723,0.008694132479628853,4.92450912986553e-6,6.623792260058832e-10,1.0002606083155663,3.713504298730186e-6,0.00012737249864277873,288,4320,288,0.4166283709742085
0.03517095705601888,0.16054847918775017,0.008713809245163073,4.92450912986553e-6,7.396088038848486e-10,1.0002618926467257,3.4535900397258956e-6,0.00012793023865057806,289,4335,289,0.4041429413662484
0.035292655869361506,0.1607155337082908,0.008733506670661651,4.92450912986553e-6,6.052848447821053e-10,1.0002634558392391,4.467840227562192e-6,0.00012848735459360867,290,4350,290,0.39167064012683284
0.03541435468270413,0.16088062315758117,0.008753224673484165,4.92450912986553e-6,6.493538673205956e-10,1.0002645294286625,3.814964600223902e-6,0.00012904382606443237,291,4365,291,0.3687551188532058
0.03553605349604676,0.16104366701027134,0.008772962860586302,4.92450912986553e-6,6.439602477798125e-10,1.000266068341011,3.756731445037076e-6,0.00012959955727606946,292,4380,292,0.4290086813371309
0.03565775230938938,0.1612046374314803,0.008792721088585646,4.92450912986553e-6,7.192585281482518e-10,1.0002670495352854,3.4134513953176793e-6,0.00013015453255641802,293,4395,293,0.378761192988759
0.03577945112273201,0.16136350869229862,0.008812499004511745,4.92450912986553e-6,6.874656104016725e-10,1.000268603543298,4.1157045700401795e-6,0.00013070869653148383,294,4410,294,0.34373805471621277
0.035901149936074635,0.16152024747155402,0.008832296397346331,4.924509129865531e-6,8.256861333996122e-10,1.0002695790547478,4.260712501036323e-6,0.00013126200372469865,295,4425,295,0.41205520140936674
0.03602284874941726,0.161674849451369,0.008852113033995513,4.92450912986553e-6,7.425891572921301e-10,1.0002711472713044,3.120079725249525e-6,0.00013181444076180413,296,4440,296,0.350956084122304
0.036144547562759886,0.1618272864560408,0.00887194863856457,4.924509129865528e-6,8.904309742755743e-10,1.000272127229288,2.9970017578762054e-6,0.00013236594346759047,297,4455,297,0.327009845412471
0.03626624637610251,0.16197755052242027,0.008891802842425665,4.924509129865528e-6,8.135913832853065e-10,1.0002736833941717,3.519440738841695e-6,0.00013291648084924674,298,4470,298,0.3697318295322581
0.03638794518944514,0.16212567331139016,0.00891167550137969,4.92450912986553e-6,9.640956986705213e-10,1.000274703994971,3.883460927056603e-6,0.00013346606644820162,299,4485,299,0.4375389429963783
0.036509644002787764,0.16227161178863705,0.008931566342823627,4.92450912986553e-6,8.888788559832095e-10,1.0002761735355514,3.5974419745343766e-6,0.00013401465612351216,300,4500,300,0.3862104529014184
0.03663134281613039,0.16241541730685602,0.00895147511744901,4.92450912986553e-6,1.0357002064349084e-9,1.0002774175888174,3.8174313488070766e-6,0.00013456224968030068,301,4515,301,0.4257648574056747
0.036753041629473016,0.16255705472075924,0.00897140154814015,4.92450912986553e-6,9.549501321999229e-10,1.000278862600191,4.786181392546496e-6,0.00013510882315308592,302,4530,302,0.3729915087369802
0.03687474044281564,0.16269651957961265,0.008991345281368216,4.92450912986553e-6,1.0703384650602834e-9,1.0002801311377723,4.096375846529554e-6,0.00013565433526670144,303,4545,303,0.40725197615871206
0.03699643925615827,0.1628338790462731,0.009011306251619368,4.92450912986553e-6,9.875417884825454e-10,1.0002816099016554,3.6321031515740287e-6,0.00013619886112476416,304,4560,304,0.41014860287074945
0.03711813806950089,0.16296909647226482,0.009031284089393335,4.92450912986553e-6,1.112061221523676e-9,1.0002828598188964,4.571204215153557e-6,0.00013674234258322728,305,4575,305,0.40517771015199816
0.03723983688284352,0.1631022140170805,0.009051278492088047,4.92450912986553e-6,1.008272199028446e-9,1.0002843347399153,4.6580475441260205e-6,0.00013728475799419066,306,4590,306,0.3968432150194971
0.037361535696186145,0.16323326822892706,0.009071289211949453,4.92450912986553e-6,1.1604644750803843e-9,1.0002855250682614,3.897299194477455e-6,0.0001378261324612323,307,4605,307,0.3714269393782068
0.03748323450952877,0.16336233038848752,0.009091316031107589,4.92450912986553e-6,1.0127994253526638e-9,1.0002868880678109,3.388818811345118e-6,0.00013836649074141106,308,4620,308,0.35369190580372456
0.037604933322871396,0.16348937785111906,0.009111358611991704,4.92450912986553e-6,1.132180480918846e-9,1.0002879601134722,3.163382018556149e-6,0.00013890581449677288,309,4635,309,0.3702257477136625
0.03772663213621402,0.16361447639226195,0.009131416873748015,4.92450912986553e-6,9.96306861470991e-10,1.0002890312189345,3.819006451522e-6,0.00013944413003697177,310,4650,310,0.36941194598997623
0.03784833094955665,0.16373761495456202,0.009151490544169371,4.92450912986553e-6,1.0867738815852907e-9,1.000289919808576,4.609581878867175e-6,0.0001399814360176305,311,4665,311,0.41354626996126664
0.037970029762899274,0.16385876015592937,0.009171579313392127,4.924509129865531e-6,9.786406067150431e-10,1.0002905471458126,3.348205353859157e-6,0.00014051767190930347,312,4680,312,0.3771918057678695
0.0380917285762419,0.16397793859100207,0.009191682960743878,4.92450912986553e-6,1.0396372841525482e-9,1.0002912834987845,3.3159871293264587e-6,0.00014105286287619166,313,4695,313,0.35355650615411716
0.038213427389584526,0.16409514728984304,0.009211801308718928,4.92450912986553e-6,9.715351570362318e-10,1.000291529915417,4.105682549493395e-6,0.00014158697528555893,314,4710,314,0.4396415703122313
0.03833512620292715,0.16421039035059704,0.00923193409715056,4.92450912986553e-6,1.0031072508984379e-9,1.000292237313607,3.322901335423012e-6,0.0001421200045692949,315,4725,315,0.3671996262533419
0.03845682501626978,0.16432367141919788,0.009252081040174625,4.92450912986553e-6,9.839592657026487e-10,1.0002923470969363,3.891969413416518e-6,0.0001426519076768792,316,4740,316,0.40415237570907625
0.0385785238296124,0.1644350093909375,0.009272241939837333,4.924509129865531e-6,9.85350370270287e-10,1.0002931316911698,3.649804725114336e-6,0.00014318270462351248,317,4755,317,0.4419654897501815
0.03870022264295503,0.16454445598832704,0.009292416528403208,4.924509129865528e-6,1.008418894443069e-9,1.0002933522213229,3.0516204674313485e-6,0.0001437123755021786,318,4770,318,0.33411678755754043
0.038821921456297655,0.16465202517013494,0.009312604640332805,4.924509129865532e-6,8.782333230373231e-10,1.0002942399472183,2.762955034540937e-6,0.0001442409340800986,319,4785,319,0.34991187947677566
0.03894362026964028,0.1647577096933079,0.009332805930488384,4.92450912986553e-6,9.845643793702798e-10,1.0002947001193747,3.51838913559277e-6,0.00014476832559117542,320,4800,320,0.354725528649828
0.039065319082982906,0.16486154465403488,0.009353020257016516,4.924509129865532e-6,8.257661211171034e-10,1.0002956523413586,2.661873125475722e-6,0.00014529457777596788,321,4815,321,0.3521728753423729
0.03918701789632553,0.16496350360693748,0.00937324741176428,4.92450912986553e-6,9.623841184021663e-10,1.0002963772766964,3.6182707532361746e-6,0.0001458196457731898,322,4830,322,0.3493148297540312
0.03930871670966816,0.16506362033348645,0.009393487052782031,4.92450912986553e-6,8.736137469921338e-10,1.0002974745099684,3.0349461610512662e-6,0.0001463435048033606,323,4845,323,0.33387678938957754
0.039430415523010784,0.1651618723555221,0.009413739023151377,4.92450912986553e-6,1.0073910190585487e-9,1.0002985104950355,3.618766271529239e-6,0.00014686616937339544,324,4860,324,0.4427430724174419
0.03955211433635341,0.16525834691264787,0.009434003082080917,4.92450912986553e-6,9.924105632178779e-10,1.0003000035176826,3.6643003227254667e-6,0.00014738767648521007,325,4875,325,0.43685195650525527
0.039673813149696036,0.16535305431686298,0.00945427909544385,4.92450912986553e-6,1.1526401612373118e-9,1.0003012991658566,3.830065864462995e-6,0.0001479080482214562,326,4890,326,0.4448753143530227
0.03979551196303866,0.16544602265276892,0.00947456670018644,4.92450912986553e-6,1.0492744846597358e-9,1.000302762052805,2.879614044104528e-6,0.00014842725676124507,327,4905,327,0.3428938862610044
0.03991721077638129,0.1655373552195049,0.009494865820942952,4.92450912986553e-6,1.2299599756151996e-9,1.0003042289984776,2.853608009445452e-6,0.0001489453775107448,328,4920,328,0.3477600905082927
0.04003890958972391,0.16562704115121707,0.00951517612561337,4.92450912986553e-6,1.1094418189855946e-9,1.0003056182425327,3.992051134105168e-6,0.00014946239076775542,329,4935,329,0.36612542828516387
0.04016060840306654,0.16571517069525638,0.009535497489178745,4.92450912986553e-6,1.3047862320151517e-9,1.0003071605467928,4.687925247992553e-6,0.0001499783620320805,330,4950,330,0.3829205587823101
0.040282307216409165,0.16580173278141105,0.00955582972952164,4.92450912986553e-6,1.177041931047293e-9,1.0003084466331107,3.539588902867763e-6,0.00015049327577588617,331,4965,331,0.37750535791643086
0.04040400602975179,0.16588677737034005,0.009576172653074009,4.92450912986553e-6,1.401348664899288e-9,1.000310007516869,4.256857977225081e-6,0.00015100716870901338,332,4980,332,0.37075042844102984
0.040525704843094416,0.16597028789982696,0.009596526040473414,4.92450912986553e-6,1.2404281173167726e-9,1.0003113959129735,4.548422793959617e-6,0.00015152000038283722,333,4995,333,0.4013151327511232
0.04064740365643704,0.16605234009952244,0.00961688973513583,4.92450912986553e-6,1.4455385760127138e-9,1.0003128641662533,3.537902387051872e-6,0.00015203184263560589,334,5010,334,0.4064174121694596
0.04076910246977967,0.16613295753960072,0.009637263683038213,4.92450912986553e-6,1.2913905956762089e-9,1.000314450891349,3.3220277941836684e-6,0.00015254269293295627,335,5025,335,0.38791666558026594
0.040890801283122294,0.1662121725696868,0.009657647479355004,4.92450912986553e-6,1.4622853476040253e-9,1.0003159574375322,3.5517462748657636e-6,0.00015305256826665423,336,5040,336,0.3761392238167622
0.04101250009646492,0.16629004060487557,0.009678041071321947,4.92450912986553e-6,1.327915006207079e-9,1.0003174823740868,4.080493823721554e-6,0.0001535615040699242,337,5055,337,0.3912785634362402
0.041134198909807546,0.1663666326793377,0.009698444286400647,4.92450912986553e-6,1.4608304385288466e-9,1.0003189875981238,3.4525519332362364e-6,0.0001540695363832142,338,5070,338,0.377579422667769
0.04125589772315017,0.16644198243990846,0.00971885707730759,4.92450912986553e-6,1.3534181942188822e-9,1.0003204193198851,4.078092089798702e-6,0.0001545766979238047,339,5085,339,0.4544962475207556
0.0413775965364928,0.1665160855619759,0.009739279164849618,4.92450912986553e-6,1.446781149124939e-9,1.00032186630833,3.639753032302906e-6,0.00015508294255568296,340,5100,340,0.4420225670948339
0.04149929534983542,0.16658898028318517,0.00975971042779859,4.92450912986553e-6,1.376819557544789e-9,1.000323189042201,4.131968196929847e-6,0.00015558831322879914,341,5115,341,0.4528199405556136
0.04162099416317805,0.16666068158385866,0.009780150762133762,4.92450912986553e-6,1.4289046336055517e-9,1.000324571081836,3.213001491531031e-6,0.0001560927937560675,342,5130,342,0.3409187798630292
0.041742692976520675,0.16673126054357865,0.009800599978862755,4.92450912986553e-6,1.4092951382280459e-9,1.0003258012253666,4.65300189489426e-6,0.00015659639768016663,343,5145,343,0.4518136360745136
0.0418643917898633,0.166800680812943,0.009821058022230033,4.92450912986553e-6,1.4161063737595985e-9,1.0003271465480128,4.3780737257748115e-6,0.00015709912402295763,344,5160,344,0.4546422104332825
0.041986090603205926,0.16686903489678237,0.009841524690954022,4.92450912986553e-6,1.4839212481459513e-9,1.0003282919741938,3.672800730214476e-6,0.00015760102367196147,345,5175,345,0.35109080588735103
0.04210778941654855,0.16693633232895244,0.009861999964251437,4.92450912986553e-6,1.4240778404036515e-9,1.0003296062760556,3.055978595511988e-6,0.00015810210883668348,346,5190,346,0.34303969285219876
0.04222948822989118,0.1670026741194308,0.009882483579862492,4.92450912986553e-6,1.6008129207000642e-9,1.0003306601648732,4.505408838895164e-6,0.00015860241898196518,347,5205,347,0.44848463988864085
0.042351187043233804,0.16706811604549987,0.009902975462180337,4.924509129865528e-6,1.3489181193789487e-9,1.0003319256086414,4.472826198309576e-6,0.000159101997348561,348,5220,348,0.4594338194775113
0.04247288585657643,0.16713271525786152,0.00992347544656673,4.92450912986553e-6,1.4935992540731857e-9,1.000332873929611,4.8014733522450115e-6,0.00015960090293322328,349,5235,349,0.4604618417937168
0.042594584669919056,0.1671965695232891,0.00994398357910248,4.92450912986553e-6,1.3058431788649277e-9,1.0003340607114581,4.622751603733377e-6,0.000160099185516394,350,5250,350,0.4436452228831916
0.04271628348326168,0.16725967939373113,0.009964499686930004,4.92450912986553e-6,1.3723405299786682e-9,1.0003350118290228,3.918852428341779e-6,0.00016059687170770102,351,5265,351,0.4210591537405464
0.04283798229660431,0.16732208068790136,0.00998502364738889,4.92450912986553e-6,1.2837377251553076e-9,1.000336007632673,4.330619105985534e-6,0.00016109398756068013,352,5280,352,0.4146417910878231
0.04295968110994693,0.16738381567636004,0.010005555410370941,4.92450912986553e-6,1.2831532224370395e-9,1.0003371349363253,4.169392113340109e-6,0.00016159060548366448,353,5295,353,0.409515229710679
0.04308137992328956,0.1674449235963674,0.010026094870593668,4.92450912986553e-6,1.3687514509144007e-9,1.0003380497115641,3.406309360798332e-6,0.0001620867571471175,354,5310,354,0.38587735729178807
0.043203078736632185,0.16750545208745604,0.010046641964049339,4.92450912986553e-6,1.3968823831586095e-9,1.0003392096747965,4.087923059614695e-6,0.0001625824812978439,355,5325,355,0.38755741078322936
0.04332477754997481,0.16756545294935868,0.010067196577035135,4.92450912986553e-6,1.4347208873732477e-9,1.0003401511206642,4.313545616696501e-6,0.00016307781258335593,356,5340,356,0.41576683237323914
0.043446476363317436,0.16762497390603573,0.010087758745935038,4.92450912986553e-6,1.4496443034965627e-9,1.0003412212736513,4.361294699606333e-6,0.00016357280146317898,357,5355,357,0.4274946955716012
0.04356817517666006,0.16768406813720355,0.010108328389298281,4.92450912986553e-6,1.5361461685552763e-9,1.0003421164725366,4.252395768844508e-6,0.00016406747014544574,358,5370,358,0.40980559894774793
0.04368987399000269,0.16774273938549206,0.010128905390393133,4.92450912986553e-6,1.5802047558257812e-9,1.000343053345079,4.036307984733867e-6,0.00016456186388955727,359,5385,359,0.45102850211452417
0.043811572803345314,0.16780108795291043,0.010149489743504048,4.92450912986553e-6,1.6847430578800288e-9,1.0003438650402647,4.389628031731263e-6,0.00016505606077690143,360,5400,360,0.4166339844138114
0.04393327161668794,0.1678591422661875,0.010170081548819343,4.924509129865528e-6,1.7454344932486189e-9,1.0003446803849272,4.268117237415936e-6,0.0001655500975033175,361,5415,361,0.42402535085267146
0.044054970430030566,0.16791695058923042,0.010190680486926723,4.92450912986553e-6,1.7760834255898943e-9,1.0003454565755954,3.990887449845104e-6,0.00016604402744254068,362,5430,362,0.41649227221636426
0.04417666924337319,0.16797456820611328,0.010211286766539637,4.92450912986553e-6,1.8243700931896177e-9,1.0003461977307673,4.241653755343577e-6,0.0001665378628865956,363,5445,363,0.4086840508551204
0.04429836805671582,0.16803206934980308,0.010231900189592876,4.92450912986553e-6,1.8579357875374649e-9,1.0003470072908753,4.297059291502592e-6,0.00016703170894038016,364,5460,364,0.4468659335832384
0.04442006687005844,0.16808947436339094,0.010252520920290298,4.92450912986553e-6,1.8545556672584126e-9,1.0003476808972311,4.169119790731202e-6,0.00016752552276955482,365,5475,365,0.41485149344145855
0.04454176568340107,0.1681468227125004,0.010273148767650803,4.924509129865531e-6,1.953015949427361e-9,1.0003485430902506,4.331776267463283e-6,0.00016801937156269383,366,5490,366,0.36586101243308655
0.044663464496743695,0.16820410849670592,0.010293783853720193,4.92450912986553e-6,1.8921058721050216e-9,1.0003491338447097,3.6353299037727993e-6,0.00016851323838378373,367,5505,367,0.431714854839901
0.04478516331008632,0.16826139725432185,0.01031442610308784,4.92450912986553e-6,2.06780971516187e-9,1.0003500533955663,3.6372095451042696e-6,0.0001690071700145128,368,5520,368,0.39690089435566767
0.044906862123428946,0.1683186555194249,0.010335075443112381,4.92450912986553e-6,1.929222363339635e-9,1.0003506778009434,3.7301082329577184e-6,0.00016950114173688854,369,5535,369,0.3843962357556999
0.04502856093677157,0.16837595243520279,0.010355732027346982,4.92450912986553e-6,2.210205386765177e-9,1.0003515586531218,3.815588556221883e-6,0.00016999521578967537,370,5550,370,0.3907236302550461
0.0451502597501142,0.1684333481102701,0.010376395764742313,4.924509129865528e-6,1.96594254251596e-9,1.0003525139830631,3.1980562198441476e-6,0.0001704894777928379,371,5565,371,0.38370737917125886
0.045271958563456824,0.16849085002120487,0.01039706682008494,4.92450912986553e-6,2.3546994059485705e-9,1.0003534702312684,3.867401503043766e-6,0.0001709839259879054,372,5580,372,0.397635200979328
0.04539365737679945,0.16854854623369717,0.01041774493707831,4.92450912986553e-6,2.0076109587561536e-9,1.000354340217645,4.161610775099689e-6,0.00017147863987767935,373,5595,373,0.42840406966134026
0.045515356190142076,0.1686064018978391,0.010438430403640194,4.924509129865528e-6,2.2275852975828855e-9,1.0003553454464489,3.919364758075972e-6,0.0001719736125816386,374,5610,374,0.4239010077067267
0.0456370550034847,0.1686645007294205,0.010459123042665809,4.92450912986553e-6,2.0208395326547386e-9,1.0003560909894902,3.093906911999511e-6,0.000172468900372065,375,5625,375,0.379765348736092
0.04575875381682733,0.1687228247273905,0.010479823076460023,4.92450912986553e-6,2.11392944063858e-9,1.000357106743789,2.77560053518755e-6,0.00017296449562098442,376,5640,376,0.3247818438569502
0.04588045263016995,0.16878138878464205,0.01050053039724325,4.92450912986553e-6,2.0202790033279656e-9,1.0003577218554085,3.4223354816731444e-6,0.00017346046135779055,377,5655,377,0.35750134092607505
0.04600215144351258,0.168840207500946,0.010521245063859402,4.92450912986553e-6,2.037567678915325e-9,1.0003587575066046,3.2513575831671915e-6,0.00017395681887959538,378,5670,378,0.3610444623034324
0.046123850256855205,0.16889931143836082,0.010541967205793309,4.92450912986553e-6,2.0925884439558153e-9,1.0003592572569895,4.624625418614414e-6,0.00017445361723797043,379,5685,379,0.46290192300351984
0.04624554907019783,0.16895869320001158,0.010562696743914244,4.92450912986553e-6,2.0121863190200354e-9,1.0003603495244204,4.013591066609479e-6,0.00017495085991729581,380,5700,380,0.41691837223982586
0.046367247883540456,0.16901838906100577,0.010583433793734717,4.92450912986553e-6,2.2686603111533167e-9,1.0003607485368313,3.970889395077393e-6,0.00017544853893380788,381,5715,381,0.44863102875844574
0.04648894669688308,0.1690783808884726,0.010604178340528191,4.92450912986553e-6,1.9949248982326842e-9,1.000361889368779,5.069627562193091e-6,0.00017594668795516317,382,5730,382,0.4711396213482702
0.04661064551022571,0.16913868368264798,0.010624930443580118,4.92450912986553e-6,2.173709910060647e-9,1.000362283423002,5.183843214240369e-6,0.00017644527467481665,383,5745,383,0.46830663780943804
0.046732344323568334,0.169199297018237,0.010645690111962286,4.92450912986553e-6,1.886482734451153e-9,1.0003633016280002,3.832192959407621e-6,0.00017694436803285387,384,5760,384,0.4566557513697845
0.04685404313691096,0.1692602649221719,0.010666457321638824,4.92450912986553e-6,2.059592303308806e-9,1.0003636842635006,4.4305895414709084e-6,0.00017744398300136607,385,5775,385,0.45269211340124393
0.046975741950253586,0.16932165023895762,0.010687232311736556,4.92450912986553e-6,1.894598107936137e-9,1.000364560783349,5.185518944017531e-6,0.0001779442024352647,386,5790,386,0.40215919095687763
0.04709744076359621,0.16938340572259067,0.010708014857084731,4.92450912986553e-6,1.9985974811407677e-9,1.0003651056423926,3.616860411170819e-6,0.000178444983765506,387,5805,387,0.4003300534872211
0.04721913957693884,0.16944558565766235,0.010728805244485396,4.924509129865531e-6,1.9730392843392854e-9,1.0003660808729087,5.111364487220271e-6,0.0001789463616304529,388,5820,388,0.4568021735846453
0.04734083839028146,0.16950816075778916,0.010749603392728199,4.92450912986553e-6,2.015074528284967e-9,1.000366515924608,3.6489456789468022e-6,0.0001794483322357588,389,5835,389,0.3366441519259405
0.04746253720362409,0.1695710693205361,0.010770409380604485,4.924509129865531e-6,2.106898933800151e-9,1.0003675459322803,4.365314964616118e-6,0.00017995082578521764,390,5850,390,0.4404622387287175
0.047584236016966715,0.16963432727166416,0.010791223242623594,4.924509129865531e-6,2.180136592691609e-9,1.000367886723813,4.084639869006423e-6,0.00018045387252059005,391,5865,391,0.42424359038763143
0.04770593483030934,0.16969786784372767,0.010812044919328497,4.924509129865531e-6,2.2714182188589415e-9,1.0003689723644626,5.2295214878483876e-6,0.00018095742289217542,392,5880,392,0.4619233177466127
0.047827633643651966,0.16976179104938904,0.010832874650154431,4.92450912986553e-6,2.382439312396111e-9,1.000369388181284,3.6287474713958545e-6,0.00018146152994212843,393,5895,393,0.3860773440752453
0.04794933245699459,0.16982608272225533,0.010853712286991743,4.92450912986553e-6,2.3601296584444157e-9,1.0003703814959872,4.959197752896216e-6,0.00018196621668406445,394,5910,394,0.46224308214464116
0.04807103127033722,0.16989079323100187,0.010874558048630576,4.924509129865528e-6,2.3959284503077674e-9,1.0003708874014312,4.28778832883836e-6,0.00018247153641954493,395,5925,395,0.42544913896657577
0.048192730083679844,0.1699559734592318,0.010895411786928417,4.92450912986553e-6,2.4757540377447442e-9,1.000371762063514,3.6951805668650195e-6,0.00018297753212635686,396,5940,396,0.3987674897361007
0.04831442889702247,0.17002160441282993,0.010916273815939206,4.92450912986553e-6,2.456204977088435e-9,1.0003723345713467,3.357444086304895e-6,0.00018348421402021478,397,5955,397,0.38794977526135693
0.048436127710365096,0.17008769064508664,0.01093714394615433,4.924509129865531e-6,2.631527417569475e-9,1.000373063635557,3.59249690973229e-6,0.00018399156398725698,398,5970,398,0.3728959241756696
0.04855782652370772,0.17015420817781532,0.01095802236607015,4.92450912986553e-6,2.5299894165117125e-9,1.0003736954287532,5.495126192300859e-6,0.0001844996107229764,399,5985,399,0.48103659048592734
0.04867952533705035,0.17022116025035666,0.010978909112667674,4.92450912986553e-6,2.824632824533019e-9,1.000374294784423,4.893296917884982e-6,0.000185008353396892,400,6000,400,0.46992827637362883
0.04880122415039297,0.17028856794790412,0.010999804105845487,4.924509129865528e-6,2.596888302440833e-9,1.0003750086258143,5.981166083302014e-6,0.00018551784177243036,401,6015,401,0.47031545176497114
0.0489229229637356,0.17035646556612127,0.011020707663442217,4.92450912986553e-6,3.041063590278991e-9,1.000375653111204,5.2880491523410456e-6,0.00018602813759971797,402,6030,402,0.4354640828246449
0.049044621777078225,0.17042486918484723,0.011041619584374713,4.92450912986553e-6,2.650357161344257e-9,1.0003763458799402,4.620175605651866e-6,0.0001865392475602187,403,6045,403,0.39009961302945706
0.04916632059042085,0.17049377399315616,0.011062540149489479,4.92450912986553e-6,3.0937952689540947e-9,1.0003772330904448,3.7163208510548884e-6,0.00018705118115472458,404,6060,404,0.3865609869986853
0.049288019403763476,0.1705631217111244,0.011083469300516938,4.92450912986553e-6,2.692461881598875e-9,1.000377950706184,4.465170604817104e-6,0.00018756387833960856,405,6075,405,0.36923838390835356
0.0494097182171061,0.17063292484963558,0.01110440711066245,4.92450912986553e-6,3.019226253909554e-9,1.0003786618850412,4.579569804263883e-6,0.00018807734512766222,406,6090,406,0.3834722149200921
0.04953141703044873,0.17070312167833757,0.011125353729145566,4.92450912986553e-6,2.738983065992887e-9,1.0003793650085484,3.393781014437991e-6,0.00018859154049855588,407,6105,407,0.38098451894567265
0.049653115843791354,0.17077372765618298,0.011146308914661524,4.92450912986553e-6,2.964981483026478e-9,1.0003799204323918,4.88197190406936e-6,0.00018910650545653213,408,6120,408,0.3899243420352306
0.04977481465713398,0.17084478312046367,0.01116727308164945,4.92450912986553e-6,2.8081894591108297e-9,1.0003806328705616,5.063232663360395e-6,0.0001896222749132907,409,6135,409,0.4248515664314727
0.049896513470476606,0.17091622962059766,0.011188245946468734,4.92450912986553e-6,2.938129033986976e-9,1.0003810578346422,4.8997840167430695e-6,0.00019013882849408577,410,6150,410,0.4400646624705181
0.05001821228381923,0.17098809355405262,0.011209227801083564,4.92450912986553e-6,2.96083949945544e-9,1.0003818047444444,5.000583030323469e-6,0.00019065616343306606,411,6165,411,0.4635081541053285
0.05013991109716186,0.17106029415405466,0.011230218534274111,4.92450912986553e-6,2.867198304452094e-9,1.0003820960936767,5.954447686917774e-6,0.00019117421479737683,412,6180,412,0.4844889673701242
0.05026160991050448,0.1711328343405874,0.011251218284287498,4.92450912986553e-6,3.191486902493139e-9,1.0003828830107033,3.7137178310331365e-6,0.0001916929752134141,413,6195,413,0.36403500660318505
0.05038330872384711,0.17120563223615592,0.011272227053480027,4.924509129865531e-6,2.754279392883122e-9,1.0003830392685407,5.564313608985572e-6,0.00019221238455316916,414,6210,414,0.4809041114530811
0.050505007537189735,0.17127869790875316,0.011293244774793404,4.92450912986553e-6,3.1841517056754547e-9,1.0003838808270602,3.6865515085082734e-6,0.00019273248152516873,415,6225,415,0.36984553046526436
0.05062670635053236,0.171352073701811,0.011314271746396532,4.92450912986553e-6,2.725786965880851e-9,1.000384011912585,3.8086425142580538e-6,0.00019325328149907777,416,6240,416,0.3748950174695525
0.050748405163874986,0.1714257274364652,0.011335307734890198,4.9245091298655275e-6,3.0852340319709924e-9,1.0003848174791907,3.346095326151044e-6,0.0001937747866826333,417,6255,417,0.37704156380573084
0.05087010397721761,0.17149966598300467,0.011356352953294962,4.924509129865528e-6,2.812243366720516e-9,1.0003850174926303,3.971287299009418e-6,0.00019429695492794601,418,6270,418,0.3853361630797869
0.05099180279056024,0.1715738369784788,0.011377407264235442,4.92450912986553e-6,2.8419926966423383e-9,1.000385682941972,4.405312722610688e-6,0.00019481978037227198,419,6285,419,0.4006420798676682
0.051113501603902864,0.17164819804816703,0.011398470895136837,4.92450912986553e-6,2.9081535509605598e-9,1.0003859382412765,4.376025231067615e-6,0.00019534318584305734,420,6300,420,0.4009416143654031
0.05123520041724549,0.17172267632133192,0.011419543700386987,4.92450912986553e-6,2.743889969152017e-9,1.0003865132004708,3.536090162015171e-6,0.00019586711301930953,421,6315,421,0.4013565224758599
0.051356899230588116,0.1717972067793936,0.011440625698669077,4.92450912986553e-6,3.1067150254761275e-9,1.0003867639127662,3.6911828260599577e-6,0.00019639153196772247,422,6330,422,0.4102409735429789
0.05147859804393074,0.17187181225335846,0.011461717076861323,4.92450912986553e-6,2.657403986370796e-9,1.0003875645368188,4.143702980741182e-6,0.0001969164124537998,423,6345,423,0.41794066365393434
0.05160029685727337,0.17194648436993254,0.01148281759286558,4.92450912986553e-6,2.9676381152370603e-9,1.0003878383950668,3.6407361960755225e-6,0.0001974418052760063,424,6360,424,0.4375395091364826
0.05172199567061599,0.1720211936248898,0.011503927431756232,4.92450912986553e-6,2.660440035938899e-9,1.0003885878088083,3.6227800990218384e-6,0.00019796763858831318,425,6375,425,0.44123734962905603
0.05184369448395862,0.1720959913587797,0.011525046412230466,4.924509129865528e-6,3.132869803816275e-9,1.0003889326652518,4.111727434974455e-6,0.00019849401435531364,426,6390,426,0.4393320109136138
0.051965393297301245,0.1721707973656728,0.011546174779677043,4.92450912986553e-6,2.7576455662626125e-9,1.0003895112646173,4.571884858250996e-6,0.00019902081631238677,427,6405,427,0.44050593081760375
0.05208709211064387,0.1722456007706057,0.01156731232866682,4.924509129865528e-6,3.0925955631215455e-9,1.000389862672182,3.8213458992686355e-6,0.00019954804402012996,428,6420,428,0.42694922273367597
0.052208790923986496,0.17232032927216517,0.011588459142422075,4.92450912986553e-6,2.9535105088768596e-9,1.0003902679306642,4.055329810626063e-6,0.00020007564694323333,429,6435,429,0.43021736653604753
0.05233048973732912,0.17239498619433238,0.011609615293631654,4.92450912986553e-6,3.2276466464526697e-9,1.0003906265132692,4.092937217592407e-6,0.00020060361067684735,430,6450,430,0.42024596474388226
0.05245218855067175,0.17246961298647287,0.011630780577768429,4.92450912986553e-6,3.049049547717914e-9,1.0003908967275363,4.433117481994486e-6,0.00020113200566559635,431,6465,431,0.4324560758316118
0.052573887364014374,0.1725441763728327,0.011651955185346063,4.924509129865531e-6,3.4010720832638924e-9,1.0003913161486089,4.055864465613013e-6,0.00020166080668809267,432,6480,432,0.4530052530724474
0.052695586177357,0.172618714721705,0.01167313891260786,4.92450912986553e-6,3.1523690930365616e-9,1.0003914517199615,4.582228484650841e-6,0.00020219007164218295,433,6495,433,0.46682100836672596
0.052817284990699626,0.17269314862873839,0.011694331972770842,4.92450912986553e-6,3.346032909842801e-9,1.0003919456806163,5.600052929821686e-6,0.00020271968449257836,434,6510,434,0.4939864428818916
0.05293898380404225,0.1727674285108943,0.011715534246118977,4.92450912986553e-6,3.2825612297481543e-9,1.0003919348657517,4.8465430566579926e-6,0.00020324963497141891,435,6525,435,0.39421957693004384
0.05306068261738488,0.17284154520439776,0.011736745673764188,4.92450912986553e-6,3.3619409270378632e-9,1.0003925284085509,5.0701981137990515e-6,0.00020377986603144956,436,6540,436,0.4729027356143487
0.0531823814307275,0.17291542341690222,0.011757966393146605,4.92450912986553e-6,3.475755367838978e-9,1.0003924413982057,5.02789765732814e-6,0.00020431035342401325,437,6555,437,0.4649095195003615
0.05330408024407013,0.17298910972652076,0.011779196049504328,4.92450912986553e-6,3.403404574810494e-9,1.0003931197771,5.372283112592413e-6,0.0002048411333698963,438,6570,438,0.41351452957724744
0.053425779057412755,0.17306260240430346,0.011800434976709889,4.924509129865528e-6,3.746898890510117e-9,1.0003931734651577,5.19171732094037e-6,0.0002053721876297211,439,6585,439,0.4814890293790715
0.05354747787075538,0.17313586048791296,0.011821682877270085,4.92450912986553e-6,3.450939246719181e-9,1.0003937087880959,5.849885212683148e-6,0.00020590352115873608,440,6600,440,0.46164055666235476
0.053669176684098006,0.17320888111604849,0.011842939856338218,4.92450912986553e-6,4.067353530855724e-9,1.0003938679565192,3.7666311811790365e-6,0.0002064350583935066,441,6615,441,0.41394050711970853
0.05379087549744063,0.17328161085397484,0.011864205947434099,4.92450912986553e-6,3.4932490870500096e-9,1.0003942323766635,4.99953910093609e-6,0.0002069668113556947,442,6630,442,0.4629734771579088
0.05391257431078326,0.17335400480413182,0.01188548091912057,4.92450912986553e-6,4.032963605702947e-9,1.0003944610130173,3.656855113831625e-6,0.00020749866683673478,443,6645,443,0.366648757980431
0.054034273124125884,0.17342603083646327,0.011906764951290508,4.924509129865528e-6,3.531125714296766e-9,1.0003949424679577,4.612829087591308e-6,0.00020803062189449163,444,6660,444,0.37837386666461853
0.05415597193746851,0.17349769666995277,0.011928057683359217,4.92450912986553e-6,3.898607025617942e-9,1.0003951210968018,4.07079284059364e-6,0.0002085626951386197,445,6675,445,0.3798498934734717
0.054277670750811136,0.17356906299757138,0.011949359501732117,4.92450912986553e-6,3.5871178326150066e-9,1.0003956897153943,3.988292718304365e-6,0.00020909492917758167,446,6690,446,0.3776178061549905
0.05439936956415376,0.1736400572304673,0.011970669933439737,4.924509129865528e-6,3.810761556665196e-9,1.000395997400781,3.91473182048685e-6,0.00020962728360741453,447,6705,447,0.36381385655027226
0.05452106837749639,0.1737106999271426,0.01199198919023526,4.924509129865531e-6,3.718120868546802e-9,1.0003964188332632,3.697129500324081e-6,0.00021015975255235083,448,6720,448,0.35929463985115634
0.05464276719083901,0.17378095639196897,0.012013317215089738,4.924509129865528e-6,3.766833832127339e-9,1.0003968397159277,3.409584167002322e-6,0.00021069230125373144,449,6735,449,0.3593207635809629
0.05476446600418164,0.17385073205660614,0.012034653787565833,4.92450912986553e-6,4.019875255795885e-9,1.00039710736261,3.4539679631961917e-6,0.00021122481785056186,450,6750,450,0.3578680669231591
0.054886164817524265,0.17392004174494002,0.012055999188497953,4.924509129865531e-6,3.728752324966875e-9,1.0003976193236113,3.944799459532078e-6,0.0002117573374201914,451,6765,451,0.36216624230217076
0.05500786363086689,0.1739888557698907,0.012077353030188021,4.9245091298655275e-6,4.256656222297227e-9,1.000397736348873,4.064078609644639e-6,0.00021228984334291498,452,6780,452,0.36804738162953476
0.055129562444209516,0.1740572804016973,0.012098715649875127,4.92450912986553e-6,3.59681821740185e-9,1.0003983355854165,3.5315896695919946e-6,0.00021282241725413293,453,6795,453,0.37049985853147105
0.05525126125755214,0.17412526069862808,0.012120086587227344,4.924509129865528e-6,3.983306704413378e-9,1.0003982969332625,3.4625470846094686e-6,0.0002133549924859869,454,6810,454,0.3629140006787691
0.05537296007089477,0.17419282110432857,0.01214146617991602,4.924509129865528e-6,3.5781439339998924e-9,1.0003989611664326,5.421902272928492e-6,0.00021388757731551127,455,6825,455,0.49638034871439896
0.055494658884237394,0.1742599556071515,0.012162854066366446,4.92450912986553e-6,3.872919231915673e-9,1.0003989650922829,4.678485332476612e-6,0.000214420140747948,456,6840,456,0.4867197041937689
0.05561635769758002,0.17432659597252848,0.012184250331435683,4.92450912986553e-6,3.732035525468968e-9,1.00039945419444,5.378493717955735e-6,0.0002149526601066773,457,6855,457,0.4931320920369844
0.055738056510922646,0.17439276438565593,0.012205654832544405,4.92450912986553e-6,3.720968787576225e-9,1.000399502525775,4.481911105358449e-6,0.00021548511829093788,458,6870,458,0.49635460076892013
0.05585975532426527,0.1744583646795573,0.012227067323978909,4.92450912986553e-6,4.071707583228587e-9,1.000399826984125,5.321829092963526e-6,0.00021601746524237982,459,6885,459,0.48444556389020066
0.0559814541376079,0.17452341492017337,0.012248488054775443,4.92450912986553e-6,3.623534701605126e-9,1.000399943291326,5.394666295899242e-6,0.00021654965209005423,460,6900,460,0.4886692005911866
0.05610315295095052,0.17458790203639413,0.012269916671903882,4.924509129865531e-6,4.304727496055263e-9,1.0004001273544538,3.1887689431187027e-6,0.00021708167738423035,461,6915,461,0.3468323858018958
0.05622485176429315,0.17465176619563977,0.012291353518268234,4.92450912986553e-6,3.6566740990406322e-9,1.0004003198336238,3.324523419223624e-6,0.00021761349973504349,462,6930,462,0.3441223069299802
0.056346550577635775,0.1747149975766015,0.01231279801471175,4.92450912986553e-6,3.956306454396468e-9,1.0004003293282366,5.050979368093067e-6,0.00021814505252662638,463,6945,463,0.5015058175876308
0.0564682493909784,0.17477750854131674,0.012334250412440519,4.92450912986553e-6,3.753116287263235e-9,1.0004005525739392,5.9753034520326764e-6,0.0002186763144060874,464,6960,464,0.5035935337255184
0.056589948204321026,0.1748393072904217,0.012355710441401394,4.92450912986553e-6,3.773482070284574e-9,1.0004003613602257,4.6536829643173405e-6,0.00021920721703326863,465,6975,465,0.501567333308035
0.05671164701766365,0.17490038975691644,0.012377178031971045,4.92450912986553e-6,3.895834240486271e-9,1.0004006086846866,4.833610660170962e-6,0.0002197378172878004,466,6990,466,0.4774113367148733
0.05683334583100628,0.17496070198585711,0.012398653070803988,4.92450912986553e-6,3.607920413525241e-9,1.000400299433036,5.664774114677584e-6,0.0002202680191318059,467,7005,467,0.484399045372179
0.056955044644348904,0.17502031880324664,0.012420135404304254,4.92450912986553e-6,4.097108792329708e-9,1.0004005574789745,3.0585605941269023e-6,0.00022079793090665063,468,7020,468,0.33504551261127774
0.05707674345769153,0.1750792041311117,0.012441625355071532,4.92450912986553e-6,3.65725871233824e-9,1.0004004068130283,3.1066656731582043e-6,0.00022132752941270273,469,7035,469,0.3408659890472058
0.057198442271034156,0.1751373744610901,0.01246312246730531,4.924509129865528e-6,4.291908592439829e-9,1.0004007072531005,3.3746864005479438e-6,0.00022185678421832226,470,7050,470,0.3523586965639116
0.05732014108437678,0.17519483673097755,0.012484626869272174,4.92450912986553e-6,3.779788653538427e-9,1.0004005310907318,3.597656757392542e-6,0.0002223857029644551,471,7065,471,0.3548426836805372
0.05744183989771941,0.17525159535785761,0.012506138356074357,4.924509129865528e-6,4.500019534307981e-9,1.0004009715534208,3.1860635374414414e-6,0.00022291426488665474,472,7080,472,0.3651531958049547
0.05756353871106203,0.17530771470383344,0.012527656987113726,4.924509129865531e-6,3.800002893135059e-9,1.0004007895639697,4.051200079402406e-6,0.0002234424772013799,473,7095,473,0.38234152319719683
0.05768523752440466,0.1753630670404679,0.012549182437211284,4.92450912986553e-6,4.47955329194656e-9,1.0004012265590394,3.2787724535410234e-6,0.00022397024933171238,474,7110,474,0.38921611838713605
0.057806936337747285,0.17541767700297603,0.01257071460719839,4.92450912986553e-6,3.973337899728408e-9,1.0004012062631715,3.7163090382819064e-6,0.0002244976073472165,475,7125,475,0.3491865446897821
0.05792863515108991,0.17547155360560454,0.012592253530175181,4.92450912986553e-6,4.4366670663397545e-9,1.0004014812792068,3.903676685013124e-6,0.00022502457446110905,476,7140,476,0.40483759673870634
0.058050333964432536,0.1755246695577504,0.01261379910574282,4.92450912986553e-6,4.087338865717983e-9,1.0004015725203161,3.828129592875484e-6,0.0002255511202033888,477,7155,477,0.4078651973770089
0.05817203277777516,0.17557707226458924,0.012635351227354373,4.92450912986553e-6,4.559593152403994e-9,1.0004016225181644,3.733866819288778e-6,0.00022607729496976968,478,7170,478,0.39936759809639716
0.05829373159111779,0.17562874028599065,0.012656909921715243,4.92450912986553e-6,4.175538897767536e-9,1.000401618435591,3.5663647963701806e-6,0.00022660305249774787,479,7185,479,0.39496201434809575
0.058415430404460414,0.17567959447304937,0.012678474886105927,4.924509129865532e-6,4.504590163261074e-9,1.0004013786437205,3.724943013594384e-6,0.00022712834144486817,480,7200,480,0.4005342373492186
0.05853712921780304,0.17572965342540464,0.012700046207872837,4.92450912986553e-6,4.3253600995062986e-9,1.0004012200871077,3.6656869042417384e-6,0.00022765312299843262,481,7215,481,0.4047960120018212
0.058658828031145666,0.17577883220535978,0.012721623720938968,4.924509129865528e-6,4.417197570397445e-9,1.0004007824457686,3.496029677307888e-6,0.00022817734445726263,482,7230,482,0.40231910296175083
0.05878052684448829,0.17582715959388673,0.012743207080683668,4.9245091298655275e-6,4.582001715034614e-9,1.000400668287611,4.3084377523427975e-6,0.0002287009491988794,483,7245,483,0.41017239710459896
0.05890222565783092,0.17587468676862608,0.01276479641457079,4.92450912986553e-6,4.3885698321268155e-9,1.0004001456942468,3.7341891356845736e-6,0.00022922407072451076,484,7260,484,0.4208881653310831
0.05902392447117354,0.1759214732037103,0.012786391569420885,4.924509129865531e-6,4.987523276019365e-9,1.0004002492269246,4.249566430303275e-6,0.00022974679044193667,485,7275,485,0.4184311749287178
0.05914562328451617,0.1759675882068268,0.012807992526878862,4.92450912986553e-6,4.398176245586073e-9,1.0003998153239324,3.973697204173732e-6,0.00023026910392500707,486,7290,486,0.4181310104892107
0.059267322097858795,0.17601306339269002,0.012829599144958877,4.924509129865531e-6,5.278907528134319e-9,1.0004000124253096,3.840072835714636e-6,0.00023079108963349493,487,7305,487,0.44001939033160503
0.05938902091120142,0.17605794262294291,0.012851211488257902,4.92450912986553e-6,4.430531686282429e-9,1.0003998463852102,3.9272030960546545e-6,0.00023131270695703372,488,7320,488,0.4415138558254428
0.059510719724544046,0.1761021118890175,0.012872829352446286,4.92450912986553e-6,5.0385004541742214e-9,1.000399886112064,3.395960817442756e-6,0.0002318338636529828,489,7335,489,0.420578634153193
0.05963241853788667,0.17614556195123957,0.012894452703367266,4.92450912986553e-6,4.507760203273076e-9,1.0003999775560517,3.508033699972657e-6,0.00023235448536595358,490,7350,490,0.4139570218915823
0.0597541173512293,0.1761882218711182,0.012916081417947613,4.924509129865528e-6,4.906604208500923e-9,1.000399881563919,4.059905748476922e-6,0.00023287452037364597,491,7365,491,0.4096748729116379
0.059875816164571924,0.17623010635784428,0.012937715211543705,4.92450912986553e-6,4.7116447207092975e-9,1.0004002120189253,4.0570015045204855e-6,0.00023339399535926876,492,7380,492,0.3878189560562219
0.05999751497791455,0.17627128604509898,0.012959354210771516,4.924509129865531e-6,4.850511948175434e-9,1.0003999210584793,3.270565343882481e-6,0.000233912990418694,493,7395,493,0.3678153370775489
0.060119213791257176,0.17631181075220428,0.0129809982194603,4.924509129865528e-6,5.13141034940365e-9,1.0004002378479342,3.0747647059570227e-6,0.00023443158505907587,494,7410,494,0.36967869310878304
0.0602409126045998,0.1763517287709009,0.013002647277839254,4.924509129865528e-6,4.675132785766785e-9,1.0003996948301572,5.731407004994082e-6,0.00023494979257613095,495,7425,495,0.5097857086485045
0.06036261141794243,0.1763910405623382,0.01302430135721972,4.92450912986553e-6,5.383454138896508e-9,1.0003997502999864,2.7479359232529532e-6,0.00023546765175613067,496,7440,496,0.358369576821726
0.06048431023128505,0.17642978229833842,0.013045960267272302,4.92450912986553e-6,4.5726005411659376e-9,1.000399043758942,3.2190976071433397e-6,0.0002359851378480137,497,7455,497,0.3614867802802085
0.06060600904462768,0.17646787341367842,0.013067624318852248,4.924509129865531e-6,5.079925163402471e-9,1.000398909973832,5.914438133913791e-6,0.00023650217725129614,498,7470,498,0.508764193508913
0.060727707857970305,0.1765053289546531,0.013089292841167166,4.92450912986553e-6,4.588297437840003e-9,1.000398367203549,4.316822668215536e-6,0.00023701878369436472,499,7485,499,0.38090429584516694
0.06084940667131293,0.17654212207702066,0.013110966243059755,4.92450912986553e-6,4.9566490305606236e-9,1.0003983106968095,3.4688015091433044e-6,0.00023753492187034297,500,7500,500,0.37075934065884325
0.060971105484655556,0.17657838448074706,0.013132643923432576,4.92450912986553e-6,4.825529520153915e-9,1.0003981017573966,3.1855299980065865e-6,0.00023805071376011792,501,7515,501,0.38536243066424497
0.06109280429799818,0.17661414250375534,0.013154326279991337,4.92450912986553e-6,4.815093736993451e-9,1.0003984229759053,5.35062704898337e-6,0.0002385661985528866,502,7530,502,0.5114369428149899
0.06121450311134081,0.1766494335613302,0.013176013020777763,4.92450912986553e-6,5.310586601301875e-9,1.0003984698450605,4.950600818176554e-6,0.00023908138628947421,503,7545,503,0.4832067875762793
0.061336201924683434,0.1766842617236363,0.013197704057079644,4.924509129865528e-6,4.692926938352414e-9,1.00039855710352,4.536936387466994e-6,0.0002395963178011351,504,7560,504,0.4189959992287818
0.06145790073802606,0.17671857340249778,0.013219399699931777,4.92450912986553e-6,5.447218336599801e-9,1.0003987413115596,4.884711529484775e-6,0.0002401109200515846,505,7575,505,0.46600220864045233
0.061579599551368686,0.1767523478958989,0.013241099360353937,4.92450912986553e-6,4.757250023685335e-9,1.0003986580465558,4.583388573564662e-6,0.00024062517609107424,506,7590,506,0.4062468816581879
0.06170129836471131,0.17678548084375,0.013262803484713676,4.92450912986553e-6,5.389333507423432e-9,1.0003991115708244,4.932583863137552e-6,0.00024113898773612708,507,7605,507,0.4445254341932107
0.06182299717805394,0.1768180660665781,0.01328451144105819,4.92450912986553e-6,5.0146156981816e-9,1.0003991590862797,4.720800546920145e-6,0.0002416524120890776,508,7620,508,0.49267169387219845
0.06194469599139656,0.17685015890040648,0.013306223491752428,4.924509129865528e-6,5.2858845098530724e-9,1.000399743740874,4.772261004148959e-6,0.0002421655180242516,509,7635,509,0.4810473119887639
0.06206639480473919,0.17688184096305462,0.013327939579459934,4.92450912986553e-6,5.2219848496626e-9,1.0004000797310395,5.3905446719682e-6,0.00024267839715617025,510,7650,510,0.48622483641573117
0.062188093618081815,0.17691316833382673,0.013349659341626699,4.92450912986553e-6,5.37744237249942e-9,1.000400437488453,4.287147220338738e-6,0.00024319110800962606,511,7665,511,0.46358895404597017
0.06230979243142444,0.17694412136310836,0.013371383322948396,4.92450912986553e-6,5.3614525197259724e-9,1.0004008710481556,3.4578968808318677e-6,0.0002437036717158626,512,7680,512,0.3876393131697448
0.062431491244767066,0.17697473042431747,0.013393110988116191,4.92450912986553e-6,5.708149398081845e-9,1.0004009724204208,6.2821554820402525e-6,0.0002442161148079501,513,7695,513,0.4871154605241139
0.06255319005810969,0.17700489518011045,0.01341484261476568,4.92450912986553e-6,5.6841038242122935e-9,1.000401501515101,5.089479408582065e-6,0.00024472832908222576,514,7710,514,0.45882334282503834
0.06267488887145233,0.1770346286644239,0.013436577951988937,4.924509129865528e-6,5.358653538482664e-9,1.000401483799465,4.915518800885366e-6,0.0002452403679326914,515,7725,515,0.5083249066918634
0.06279658768479496,0.17706396476985756,0.013458316916595228,4.92450912986553e-6,5.596222621808518e-9,1.0004021340611529,4.715763466833778e-6,0.0002457520982562002,516,7740,516,0.4560577243518065
0.06291828649813759,0.17709279744753487,0.013480059712039957,4.924509129865528e-6,5.250363069715274e-9,1.0004023183988602,5.0441883594487535e-6,0.0002462636041513358,517,7755,517,0.4691999628675921
0.06303998531148022,0.1771212526820046,0.013501805719830577,4.92450912986553e-6,5.548814362367333e-9,1.0004027920106038,5.118137053727878e-6,0.00024677491796356725,518,7770,518,0.4584378582018932
0.06316168412482286,0.17714939443508218,0.013523555610060732,4.92450912986553e-6,5.250736350525006e-9,1.000403113569875,5.049739911555662e-6,0.00024728618048045127,519,7785,519,0.46176515188758543
0.06328338293816549,0.1771773158907349,0.013545308712963524,4.92450912986553e-6,5.527234915380228e-9,1.0004033476083551,5.779928279991964e-6,0.000247797478940474,520,7800,520,0.47156326983655505
0.06340508175150812,0.17720510556133248,0.013567065517368323,4.92450912986553e-6,5.4007332528999505e-9,1.000403733727589,5.56419481867465e-6,0.0002483088215684055,521,7815,521,0.45748673125884315
0.06352678056485075,0.17723269664513147,0.013588825795422683,4.92450912986553e-6,5.584333369898628e-9,1.0004039353212442,6.1239028781301386e-6,0.0002488202690918855,522,7830,522,0.5140255742589419
0.06364847937819339,0.1772600950412858,0.013610589371851937,4.92450912986553e-6,5.703473614939637e-9,1.0004042758329026,5.0656268086868295e-6,0.0002493316666517363,523,7845,523,0.4688607725478501
0.06377017819153602,0.1772872213096892,0.013632356747321358,4.92450912986553e-6,5.498778111965659e-9,1.0004045056256747,4.729941743164545e-6,0.00024984303701249824,524,7860,524,0.4270676635154919
0.06389187700487865,0.17731403693436687,0.013654127132748847,4.924509129865528e-6,5.828319341052722e-9,1.0004050664461959,4.537680382554754e-6,0.0002503543045627788,525,7875,525,0.49008332329155596
0.06401357581822129,0.17734063022710683,0.013675901100675531,4.92450912986553e-6,5.483283869221721e-9,1.0004050684945134,3.993338452801254e-6,0.0002508655715848288,526,7890,526,0.46714682899338666
0.06413527463156392,0.17736714199987585,0.01369767805125479,4.92450912986553e-6,5.5238212538837375e-9,1.0004056584079355,4.865453192337554e-6,0.00025137705120221066,527,7905,527,0.4452920983243775
0.06425697344490655,0.17739368446834164,0.013719458428691116,4.92450912986553e-6,5.635732300602091e-9,1.0004053550144918,4.505392411147113e-6,0.00025188879509341295,528,7920,528,0.4699691886350664
0.06437867225824918,0.17742032218004025,0.013741242185939216,4.92450912986553e-6,5.4648447874224315e-9,1.0004056999403461,4.162130011309273e-6,0.00025240093292549446,529,7935,529,0.5153027499877598
0.06450037107159182,0.177446969978663,0.013763029123656114,4.92450912986553e-6,5.61575375030783e-9,1.0004052296316877,4.389225296108634e-6,0.0002529133304330325,530,7950,530,0.38665719135008786
0.06462206988493445,0.17747361863508898,0.013784819786688779,4.92450912986553e-6,5.3255571008450314e-9,1.0004052972460566,4.789064007582056e-6,0.0002534259503240361,531,7965,531,0.438077370038723
0.06474376869827708,0.17750015304284153,0.013806613402637063,4.92450912986553e-6,5.786275193603007e-9,1.0004049799266153,5.25215354230113e-6,0.00025393867433556205,532,7980,532,0.45551584414455637
0.06486546751161971,0.17752665012464458,0.013828410539457743,4.92450912986553e-6,5.197154564093283e-9,1.0004049671951023,5.566967899994779e-6,0.00025445152706650285,533,7995,533,0.4724761300795402
0.06498716632496235,0.17755322327885154,0.013850210732888509,4.92450912986553e-6,6.281121148776471e-9,1.0004049558067512,4.5078252028929455e-6,0.00025496473385438144,534,8010,534,0.42348669066719363
0.06510886513830498,0.17757989018956707,0.013872014318201441,4.92450912986553e-6,5.3411389749988325e-9,1.0004047828213052,4.9533132973067495e-6,0.00025547830889266883,535,8025,535,0.4399322528979641
0.06523056395164761,0.1776067778453866,0.013893821342058825,4.92450912986553e-6,6.2168206131717265e-9,1.0004048568893755,4.745957227214603e-6,0.00025599238097820414,536,8040,536,0.45208904476550993
0.06535226276499025,0.17763384296902573,0.01391563153458776,4.92450912986553e-6,5.233407284436273e-9,1.0004044204354412,6.445264546073304e-6,0.0002565069550792973,537,8055,537,0.49402289073783645
0.06547396157833288,0.17766111510326058,0.013937445440362657,4.92450912986553e-6,6.014245683287145e-9,1.000404507121807,5.708319960717745e-6,0.0002570219800084332,538,8070,538,0.501631448976918
0.06559566039167551,0.1776885143818299,0.013959262487855137,4.92450912986553e-6,5.327512909757675e-9,1.0004040546178272,5.162881720366386e-6,0.00025753737969510203,539,8085,539,0.47124624848297547
0.06571735920501814,0.17771603431264413,0.013981083168021607,4.92450912986553e-6,5.7793858325469926e-9,1.0004042027305895,5.84653346891173e-6,0.00025805309804786074,540,8100,540,0.48577212969335487
0.06583905801836078,0.17774370084031305,0.014002907085807752,4.92450912986553e-6,5.5152587056234714e-9,1.000404137994559,5.594162672650782e-6,0.00025856918944527327,541,8115,541,0.5059318667220476
0.06596075683170341,0.17777156655053167,0.014024734399828096,4.92450912986553e-6,5.636005255514764e-9,1.000404181638086,5.060737287010397e-6,0.00025908580328846015,542,8130,542,0.5132333080419392
0.06608245564504604,0.17779976989594803,0.014046565371049398,4.92450912986553e-6,5.945469577924507e-9,1.000404379753658,4.965721132066392e-6,0.00025960302172581983,543,8145,543,0.5222568365390386
0.06620415445838868,0.17782826504973767,0.014068399565787726,4.92450912986553e-6,5.586436052908618e-9,1.000404160720328,5.118115353752728e-6,0.00026012088167836315,544,8160,544,0.40532894281333426
0.06632585327173131,0.1778571355773928,0.01409023768830381,4.92450912986553e-6,6.573418810632313e-9,1.0004043829793061,5.251002050954412e-6,0.0002606393703398732,545,8175,545,0.3939498216866397
0.06644755208507394,0.17788628861061404,0.014112079291746921,4.92450912986553e-6,5.583368438931533e-9,1.0004039634072222,4.7418420336953204e-6,0.00026115841138005724,546,8190,546,0.5072887491278543
0.06656925089841657,0.17791568295995322,0.014133924610531432,4.92450912986553e-6,6.540643251689934e-9,1.0004041519282998,5.593458780595029e-6,0.0002616779580005083,547,8205,547,0.5204628072765086
0.0666909497117592,0.17794532124926535,0.014155773562202302,4.92450912986553e-6,5.6037614767234496e-9,1.0004039622349958,5.393001373477091e-6,0.0002621979824976059,548,8220,548,0.5251901804868014
0.06681264852510184,0.17797521067706276,0.014177626236258636,4.92450912986553e-6,6.261971572924647e-9,1.000404039086607,5.653495328772351e-6,0.0002627186195367067,549,8235,549,0.5107865823629285
0.06693434733844447,0.17800543850102762,0.014199482687365263,4.924509129865531e-6,5.7210819280744745e-9,1.0004041949237727,4.547189163872645e-6,0.00026323985167606335,550,8250,550,0.4357548876970161
0.0670560461517871,0.1780360138390443,0.014221342829855465,4.924509129865531e-6,6.0988167369071e-9,1.000404190038639,5.1938469880496996e-6,0.00026376180734196265,551,8265,551,0.44727734895953575
0.06717774496512974,0.1780669894346984,0.01424320696705476,4.92450912986553e-6,6.144436647528712e-9,1.0004044349704713,5.283274234102464e-6,0.00026428450895493895,552,8280,552,0.45564967644369847
0.06729944377847237,0.17809828952606951,0.01426507477503478,4.92450912986553e-6,6.030854337091652e-9,1.000404510173191,4.898017323284876e-6,0.00026480787535877986,553,8295,553,0.49210830386384935
0.067421142591815,0.17812989553939404,0.01428694674440983,4.92450912986553e-6,6.868874369273652e-9,1.0004047858544245,6.416059846969802e-6,0.00026533194789107775,554,8310,554,0.5077126595615965
0.06754284140515764,0.17816175965352185,0.014308822542963433,4.92450912986553e-6,5.923837549013484e-9,1.0004046809187201,6.334176930522517e-6,0.00026585653452337833,555,8325,555,0.4942550237829518
0.06766454021850027,0.17819390771809945,0.01433070234783485,4.92450912986553e-6,6.608915392308375e-9,1.000405228285901,4.348413810362217e-6,0.0002663818475154422,556,8340,556,0.4425747211335913
0.0677862390318429,0.17822641258162364,0.014352586150213146,4.924509129865531e-6,5.823129664393309e-9,1.0004053578768415,4.762451311535187e-6,0.0002669078561638913,557,8355,557,0.44835505725141755
0.06790793784518553,0.17825936119207716,0.014374473892207315,4.924509129865532e-6,6.3283463609403214e-9,1.000405824075459,4.6337591896872254e-6,0.0002674347711468444,558,8370,558,0.3813041567585964
0.06802963665852817,0.17829278868429124,0.014396365774919798,4.92450912986553e-6,5.951864339978001e-9,1.0004061686842693,4.312342710477424e-6,0.0002679626189779229,559,8385,559,0.41282272485802474
0.0681513354718708,0.17832671218218682,0.014418261821039379,4.92450912986553e-6,6.248802673428344e-9,1.0004063340739309,4.186058959021466e-6,0.0002684913479274196,560,8400,560,0.4339092668181751
0.06827303428521343,0.1783610964551316,0.014440162220443961,4.92450912986553e-6,6.559459326914209e-9,1.0004067876877192,4.983452292606216e-6,0.00026902105209266914,561,8415,561,0.47485320099924366
0.06839473309855607,0.17839580574879743,0.014462066863249128,4.924509129865531e-6,6.12268367234988e-9,1.0004066864094057,6.523708961481134e-6,0.00026955142037453746,562,8430,562,0.4968268392870077
0.0685164319118987,0.17843088419810643,0.014483975786366813,4.92450912986553e-6,7.032132739029629e-9,1.000407318448885,5.261010898038876e-6,0.00027008268285483045,563,8445,563,0.4189915072832713
0.06863813072524133,0.17846628813109053,0.01450588910849152,4.92450912986553e-6,5.968156334629365e-9,1.0004074340835474,4.284710882984655e-6,0.00027061464014751255,564,8460,564,0.44607751612535557
0.06875982953858396,0.17850208299707795,0.014527806726096682,4.92450912986553e-6,6.828331490616052e-9,1.000407813118709,5.1608973876682285e-6,0.0002711475021682168,565,8475,565,0.46578018796100756
0.0688815283519266,0.17853832752192214,0.014549728742140819,4.92450912986553e-6,6.142113416527511e-9,1.0004080072690136,4.5988808210495336e-6,0.0002716812969145882,566,8490,566,0.45218629045256536
0.06900322716526923,0.17857502747386816,0.014571655309594853,4.92450912986553e-6,6.655831059280814e-9,1.0004080192255849,4.336387803505204e-6,0.00027221603381335043,567,8505,567,0.42576487145045194
0.06912492597861186,0.17861223104464488,0.014593586369545528,4.92450912986553e-6,6.5669707805788696e-9,1.0004081376946812,4.538143542731632e-6,0.0002727518787227138,568,8520,568,0.4177388190438483
0.0692466247919545,0.17864981277000072,0.014615522127051216,4.92450912986553e-6,6.920124121387534e-9,1.000407810971561,6.3611600609192465e-6,0.00027328852997055085,569,8535,569,0.5180774148097945
0.06936832360529713,0.1786877806664795,0.01463746242295129,4.92450912986553e-6,6.766360373968423e-9,1.0004079825566539,5.332876710895107e-6,0.00027382617112509247,570,8550,570,0.4939498721387532
0.06949002241863976,0.17872601894029527,0.014659407422986676,4.924509129865531e-6,6.815195349638825e-9,1.0004075931287566,5.3121351299978414e-6,0.00027436447709793655,571,8565,571,0.4996360985104992
0.06961172123198239,0.17876459308673256,0.014681357258731067,4.924509129865531e-6,7.19292586732022e-9,1.000407865386939,6.4295062713881634e-6,0.000274903679681119,572,8580,572,0.49229294190993483
0.06973342004532503,0.17880353474121988,0.014703311660712103,4.92450912986553e-6,6.496341476894274e-9,1.0004077989399187,5.3780006084025445e-6,0.0002754437729924781,573,8595,573,0.46059371839902125
0.06985511885866766,0.17884282213757877,0.014725270927313495,4.92450912986553e-6,7.159273257376263e-9,1.0004078351948682,5.063585064135623e-6,0.00027598479647268154,574,8610,574,0.44129775823338674
0.06997681767201029,0.17888259066339335,0.014747234969067564,4.92450912986553e-6,6.3184404056705535e-9,1.000407970510055,5.203431648226342e-6,0.00027652701817778295,575,8625,575,0.4425287815365063
0.07,0.17889405970145253,0.014751419471352155,4.92450912986553e-6,6.2544861981486585e-9,1.000404886409133,1.0526757989737234e-6,0.00027662970568063656,576,8628,576,0.4423710955610436
