time,rise_velocity,centroid_y,gas_area,phi_min,phi_max,divergence_linf,kinetic_energy,steps,substeps,poisson_solves,poisson_residual
0.0,0.0,0.00499999999999984,4.912681173479673e-6,0.0,1.0,0.0,0.0,0,0,0,0.0
8.60540561769268e-5,0.0007539620334115287,0.005001356374964275,4.912681173479675e-6,1.0541934237563281e-81,1.0000915188285935,6.651170525819039e-6,1.5807952970333586e-9,1,30,1,1.712919045212578
0.0001721081123538536,0.0015074157555711538,0.005001452648767847,4.912681173479674e-6,2.6121637901268518e-76,1.0000915543224547,8.796145444555856e-6,6.3096198717930455e-9,2,60,2,1.9338897387537195
0.0002581621685307804,0.0022605189338319176,0.005001613726518436,4.912681173479673e-6,3.6490014061578287e-72,1.0000915379924036,8.203452612196016e-6,1.4173567722140868e-8,3,90,3,2.0285551472134453
0.0003442162247077072,0.003013304541873698,0.005001839606799813,4.912681173479673e-6,1.5443064302907322e-68,1.0000915109012307,7.704468269656428e-6,2.5163197494773208e-8,4,120,4,1.9004327670595818
0.000430270280884634,0.00376578289414387,0.005002130265539347,4.912681173479674e-6,2.6607004566817705e-65,1.0000914743550517,6.6846186898006366e-6,3.927091252938272e-8,5,150,5,1.638310099706514
0.0005163243370615608,0.004517965298540035,0.0050024856792195115,4.912681173479675e-6,2.2322323920636608e-62,1.0000914292751524,6.808333276486778e-6,5.649030729634338e-8,6,180,6,1.6600461635999746
0.0006023783932384877,0.005269861335438,0.005002905826448604,4.912681173479674e-6,6.732807552102232e-60,1.0000913764432924,7.687639622805387e-6,7.681576348067782e-8,7,210,7,1.7747548166392335
0.0006884324494154145,0.006021481652496678,0.005003390686774429,4.912681173479675e-6,1.1455816948849183e-57,1.0000913165469838,8.221106787900667e-6,1.0024230500216569e-7,8,240,8,1.8643603959115354
0.0007744865055923413,0.00677283613867743,0.0050039402412744806,4.912681173479674e-6,1.2990358176917698e-55,1.000091250206495,7.607273821486071e-6,1.267654368207159e-7,9,270,9,1.88594174779889
0.0008605405617692682,0.007523932843378452,0.0050045544719617375,4.912681173479674e-6,1.018370842393512e-53,1.0000911779904413,7.394141728497838e-6,1.5638101591242599e-7,10,300,10,1.827624929266524
0.000946594617946195,0.008274770331398885,0.0050052333616822315,4.912681173479674e-6,5.770875686011212e-52,1.000091100412083,8.099508812746403e-6,1.8908481562259451e-7,11,330,11,2.0204379242057153
0.0010326486741231219,0.009025342128014643,0.005005976893470274,4.912681173479674e-6,2.499271008200371e-50,1.0000910176197564,7.893664111108256e-6,2.2487253257324752e-7,12,360,12,1.8195641974377121
0.0011187027303000486,0.009775631166104208,0.00500678505036266,4.912681173479673e-6,8.712352785486605e-49,1.000090929514513,8.375841955121643e-6,2.6373938526342994e-7,13,390,13,1.9531582985781781
0.0012047567864769753,0.0105256145685557,0.005007657812557447,4.912681173479673e-6,2.5065074021001807e-47,1.000090836438611,8.777510664872978e-6,3.056801702619264e-7,14,420,14,2.0705848281042165
0.001290810842653902,0.011275268252532479,0.005008595157857409,4.912681173479674e-6,6.066196241973332e-46,1.0000907387472417,8.864825301220514e-6,3.5068942763232165e-7,15,450,15,2.032775398959895
0.0013768648988308288,0.01202456648570529,0.005009597051725682,4.912681173479674e-6,1.1710572196940043e-44,1.0000906368048008,6.971241043568499e-6,3.987614107452863e-7,16,480,16,1.8525578601078658
0.0014629189550077555,0.012773475095898016,0.005010663463838865,4.912681173479674e-6,1.613269981446626e-43,1.0000905309540666,7.391208736495791e-6,4.4988959111939185e-7,17,510,17,1.9318151034139404
0.0015489730111846822,0.013521956423281165,0.005011794366391298,4.912681173479674e-6,1.9339216020030132e-42,1.0000904215125372,7.80342967306169e-6,5.040668821188128e-7,18,540,18,1.9998415898389574
0.001635027067361609,0.014269974077689035,0.005012989728201815,4.912681173479673e-6,2.0454690266099274e-41,1.0000903087846789,8.275389770197317e-6,5.612859723981687e-7,19,570,19,2.062903719405461
0.0017210811235385357,0.015017495969770736,0.00501424951565825,4.912681173479673e-6,1.9360467055633413e-40,1.0000901930517918,5.7864361302506495e-6,6.215396418489437e-7,20,600,20,1.7371115421994858
0.0018071351797154624,0.015764491004688658,0.005015573691634398,4.912681173479674e-6,1.663521486843455e-39,1.000090074528243,6.170070213196155e-6,6.848205852325781e-7,21,630,21,1.7852216100177185
0.0018931892358923892,0.016510930064632567,0.0050169622155044665,4.912681173479673e-6,1.3138426858290132e-38,1.0000899534206287,6.6096667556969635e-6,7.511215440691447e-7,22,660,22,1.828323966414901
0.001979243292069316,0.017256784388348174,0.00501841504548122,4.912681173479675e-6,9.62907624572389e-38,1.0000898299577416,6.882905140281892e-6,8.204352186877032e-7,23,690,23,1.8563450794643
0.002065297348246243,0.01800202276388036,0.005019932133993716,4.912681173479673e-6,6.5931487843463414e-37,1.0000897043498163,7.0703719712295054e-6,8.927540295164546e-7,24,720,24,1.8670718163494944
0.0021513514044231696,0.01874662118199996,0.005021513431686516,4.912681173479673e-6,3.762829689882249e-36,1.0000895767840647,7.139678342982236e-6,9.680710421955656e-7,25,750,25,1.8778571268483468
0.0022374054606000963,0.01949055965316934,0.005023158888894799,4.912681173479674e-6,1.8325664640334176e-35,1.0000894474373012,7.210713125815893e-6,1.0463798325000812e-6,26,780,26,1.8825129318922666
0.002323459516777023,0.020233817044434436,0.005024868452181931,4.912681173479675e-6,8.435336408315941e-35,1.0000893164745308,7.171568906283454e-6,1.1276740074752785e-6,27,810,27,1.856771402579011
0.0024095135729539498,0.02097637069757544,0.005026642064249202,4.912681173479674e-6,3.697694816063337e-34,1.0000891840431547,7.041981116118201e-6,1.2119471787719202e-6,28,840,28,1.82820610066824
0.0024955676291308765,0.021718203946088473,0.005028479666456206,4.912681173479673e-6,1.555462623749631e-33,1.0000890502132835,6.901611031118193e-6,1.2991937588693332e-6,29,870,29,1.8097713682780256
0.002581621685307803,0.022459299622999147,0.0050303811984421356,4.912681173479674e-6,6.316166031394692e-33,1.0000889150792773,6.783562948919908e-6,1.389408327453412e-6,30,900,30,1.8054026030086192
0.00266767574148473,0.023199643434884638,0.00503234659946622,4.912681173479674e-6,2.485009275257597e-32,1.0000887787657924,7.092766739269507e-6,1.482586180402494e-6,31,930,31,1.8154913185486874
0.0027537297976616567,0.02393921730653417,0.005034375808523426,4.912681173479674e-6,9.009013839018778e-32,1.000088641386688,7.290964479267359e-6,1.5787223784444736e-6,32,960,32,1.8237861378012392
0.0028397838538385834,0.024677988758087906,0.005036468761994134,4.912681173479674e-6,2.7688251247595707e-31,1.0000885029734137,7.358892958997387e-6,1.6778101705454112e-6,33,990,33,1.8174767011611561
0.00292583791001551,0.025415921351135386,0.005038625393238731,4.912681173479673e-6,8.30013833197511e-31,1.0000883635000024,7.356423276316804e-6,1.7798421696174056e-6,34,1020,34,1.8212600072188798
0.003011891966192437,0.02615297965517711,0.005040845633723305,4.912681173479674e-6,2.4432809602955232e-30,1.0000882228267463,7.388995118429165e-6,1.8848110891543618e-6,35,1050,35,1.8427484176516147
0.0030979460223693636,0.02688912503779502,0.005043129411149666,4.912681173479674e-6,7.097884790817796e-30,1.0000880808910848,7.518373069892448e-6,1.9927091695927377e-6,36,1080,36,1.884126664896448
0.0031840000785462903,0.02762432025336735,0.005045476647232312,4.912681173479674e-6,2.0398274401103492e-29,1.000087937770499,7.91883188755449e-6,2.1035287238914077e-6,37,1110,37,1.95054746892436
0.003270054134723217,0.028358527006591163,0.0050478872601932645,4.912681173479674e-6,5.804328164345038e-29,1.0000877934865509,8.355429073514387e-6,2.2172617154770617e-6,38,1140,38,2.0516277092242206
0.003356108190900144,0.029091704393620018,0.00505036116303948,4.912681173479673e-6,1.4118894240508363e-28,1.0000876480946272,8.051839089917578e-6,2.333899635687064e-6,39,1170,39,1.9216417174822817
0.0034421622470770705,0.029823808240441257,0.00505289826562874,4.912681173479675e-6,3.295949670296176e-28,1.0000875016590303,8.671106427105002e-6,2.4534333245249807e-6,40,1200,40,2.09616763168251
0.0035282163032539973,0.0305547944462713,0.0050554984741760026,4.912681173479674e-6,7.672184377350567e-28,1.0000873542407787,9.706951026977606e-6,2.575853448016069e-6,41,1230,41,2.014935416663498
0.003614270359430924,0.031284622744900986,0.005058161689368363,4.912681173479674e-6,1.7856949999234248e-27,1.0000872058983863,6.292664372686829e-6,2.701151232912613e-6,42,1260,42,1.8576698517754906
0.0037003244156078507,0.032013263401909464,0.0050608878079134705,4.912681173479674e-6,4.159215267534359e-27,1.0000870566842623,7.729265914857564e-6,2.829319762624925e-6,43,1290,43,2.0716643546482563
0.0037863784717847774,0.032740678337931414,0.00506367672509875,4.912681173479675e-6,9.370344734715491e-27,1.0000869066518479,6.431363331671491e-6,2.960350705106082e-6,44,1320,44,1.861251753465268
0.003872432527961704,0.0334668173242313,0.00506652833298703,4.912681173479674e-6,1.8326958455434072e-26,1.0000867558057185,6.4866763693771645e-6,3.0942333168250263e-6,45,1350,45,2.0325271706690167
0.003958486584138631,0.034191635575281314,0.005069442519240706,4.912681173479674e-6,3.6116280285533685e-26,1.000086604170133,1.0014836269611749e-5,3.2309578563361976e-6,46,1380,46,1.8860333763348842
0.0040445406403155585,0.03491509115389845,0.005072419164501387,4.912681173479674e-6,7.18653770513624e-26,1.0000864517824084,1.1015561263150175e-5,3.370514818505412e-6,47,1410,47,2.068379827506664
0.004130594696492486,0.03563713851209438,0.005075458148443719,4.912681173479674e-6,1.4435770234668148e-25,1.000086298686533,8.594529083083557e-6,3.512893764021599e-6,48,1440,48,1.911597402905335
0.004216648752669413,0.036357729802182936,0.005078559349006901,4.912681173479674e-6,2.776864809173958e-25,1.000086144915603,9.141256818168131e-6,3.6580835520221946e-6,49,1470,49,2.0900509043316378
0.00430270280884634,0.037076800061659435,0.0050817226390663306,4.912681173479673e-6,4.8032218151073325e-25,1.0000859905060506,7.723354444877373e-6,3.806069368885237e-6,50,1500,50,1.82873490144282
0.004388756865023267,0.03779428222054205,0.00508494788399032,4.912681173479674e-6,8.446348074109452e-25,1.0000858354736655,8.401617801467864e-6,3.9568353203564105e-6,51,1530,51,1.9548865621880516
0.004474810921200194,0.03851013388662153,0.005088234944866778,4.912681173479674e-6,1.5103944096188214e-24,1.0000856797994302,8.763113479304252e-6,4.1103701940686645e-6,52,1560,52,2.074022110987645
0.0045608649773771215,0.039224300472306024,0.005091583675299212,4.912681173479674e-6,2.739722617070866e-24,1.0000855235119703,1.0354153287650547e-5,4.266659847958733e-6,53,1590,53,1.9172356560162769
0.004646919033554049,0.03993671383551637,0.005094993923189788,4.912681173479674e-6,4.323243048931177e-24,1.000085366639396,1.0879389420459518e-5,4.425686390262163e-6,54,1620,54,2.013795150593242
0.004732973089730976,0.04064730841524497,0.005098465531268692,4.912681173479674e-6,6.947563294627155e-24,1.0000852092110124,1.098045511049861e-5,4.5874317339069225e-6,55,1650,55,2.097569318326484
0.004819027145907903,0.0413560291969402,0.0051019983330051685,4.912681173479674e-6,1.1406974078996694e-23,1.0000850512503074,6.389520912364333e-6,4.7518796235626514e-6,56,1680,56,1.658959983400495
0.00490508120208483,0.042062842517380405,0.00510559216255777,4.912681173479673e-6,1.8858971854914443e-23,1.0000848927368626,6.255155462042694e-6,4.919017726195024e-6,57,1710,57,1.6993621834419539
0.004991135258261757,0.0427677087891225,0.005109246852536167,4.912681173479673e-6,2.779324406543163e-23,1.0000847336557614,6.536874074924981e-6,5.08883198436344e-6,58,1740,58,1.6956525512372864
0.0050771893144386845,0.04347056776997647,0.005112962232828951,4.912681173479673e-6,4.202469700796211e-23,1.000084574031348,1.1671420738323945e-5,5.2613032295140115e-6,59,1770,59,1.943348761871004
0.005163243370615612,0.044171368086606,0.005116738127893966,4.912681173479673e-6,6.507893634051119e-23,1.0000844138864364,6.56409999777452e-6,5.436413902043401e-6,60,1800,60,1.7430753151747747
0.005249297426792539,0.04487005637230785,0.005120574362003093,4.912681173479673e-6,9.606715528496104e-23,1.0000842532440144,1.2273945703356048e-5,5.614145506910603e-6,61,1830,61,1.9409281381962415
0.005335351482969466,0.04556657460718494,0.0051244707523502644,4.912681173479674e-6,1.361100429949742e-22,1.0000840921233585,9.224689756948123e-6,5.7944771448261335e-6,62,1860,62,1.9450810092016129
0.005421405539146393,0.04626087325424988,0.005128427109470914,4.912681173479674e-6,1.9813503093712498e-22,1.0000839304864249,1.0186953980806379e-5,5.977388416589137e-6,63,1890,63,2.1183386975154317
0.00550745959532332,0.04695289557987447,0.00513244323954442,4.912681173479674e-6,2.8837885044843312e-22,1.0000837683349657,8.558895968846514e-6,6.162856664615839e-6,64,1920,64,1.8796802954029734
0.0055935136515002475,0.04764255093212391,0.0051365189452226056,4.912681173479674e-6,3.8904818068638366e-22,1.0000836056848692,7.684045844058573e-6,6.350849541800776e-6,65,1950,65,1.952004482422725
0.005679567707677175,0.04832978968077632,0.005140654017398939,4.912681173479673e-6,5.401184763798267e-22,1.0000834425597322,7.485671682516681e-6,6.541344931055543e-6,66,1980,66,2.025777420429543
0.005765621763854102,0.04901457831322393,0.005144848235245356,4.912681173479674e-6,7.618738704158561e-22,1.00008327897355,8.047345989581345e-6,6.734324005729618e-6,67,2010,67,2.088986146251117
0.005851675820031029,0.04969686681083829,0.005149101380137819,4.912681173479673e-6,9.917746914594413e-22,1.0000831148952425,6.203798784909509e-6,6.929762697556676e-6,68,2040,68,1.7159301300434218
0.005937729876207956,0.05037660694678543,0.005153413231486756,4.912681173479675e-6,1.3294909219217838e-21,1.0000829503520157,6.914675898528344e-6,7.127636091744902e-6,69,2070,69,1.741667840071855
0.006023783932384883,0.0510537095544265,0.005157783567121243,4.912681173479674e-6,1.8003920378011247e-21,1.0000827853766163,7.641799170343688e-6,7.3279067525948675e-6,70,2100,70,1.7449830695916995
0.0061098379885618104,0.05172815756750881,0.005162212169942065,4.912681173479674e-6,2.2860639691178172e-21,1.0000826200005957,7.543724022340825e-6,7.530556652152354e-6,71,2130,71,1.7430805735994348
0.006195892044738738,0.052399931736967886,0.005166698819398362,4.912681173479673e-6,2.988912666279035e-21,1.0000824541833506,7.124034162586668e-6,7.735567485719784e-6,72,2160,72,1.740922846387349
0.006281946100915665,0.053068970682237857,0.005171243276263412,4.912681173479674e-6,3.869327353723036e-21,1.0000822879282223,7.408497282312965e-6,7.942908486731445e-6,73,2190,73,1.7372431522688403
0.006368000157092592,0.05373522963036824,0.005175845279142303,4.912681173479674e-6,4.834918388845798e-21,1.0000821212733937,7.888975206427062e-6,8.152552631763433e-6,74,2220,74,2.1234673276716283
0.006454054213269519,0.0543986889754569,0.005180504577899756,4.912681173479674e-6,6.215317271008001e-21,1.0000819542599169,7.786847209700909e-6,8.364479075303096e-6,75,2250,75,2.073952164803613
0.006540108269446446,0.055059332322919846,0.005185220933302984,4.912681173479674e-6,7.685890916466736e-21,1.0000817868931753,7.882951365445479e-6,8.578666294735212e-6,76,2280,76,2.011697004491544
0.006626162325623373,0.05571713349614611,0.005189994114728584,4.912681173479674e-6,9.514226154169361e-21,1.0000816191233384,8.059512168756555e-6,8.795089378888769e-6,77,2310,77,1.9495580875385703
0.006712216381800301,0.05637201268112538,0.005194823880878427,4.912681173479675e-6,1.1948285376876897e-20,1.0000814509904492,7.783991827992054e-6,9.013707102911797e-6,78,2340,78,1.8988694933671555
0.006798270437977228,0.05702390135448622,0.005199709969966653,4.912681173479674e-6,1.4317150209003347e-20,1.0000812825416667,7.86240825689788e-6,9.234481244107686e-6,79,2370,79,1.869711972798899
0.006884324494154155,0.057672777825007224,0.005204652108556554,4.912681173479674e-6,1.764411697957444e-20,1.0000811137834547,8.320605360268019e-6,9.45738604826105e-6,80,2400,80,1.8608242648646083
0.006970378550331082,0.058318627615171086,0.005209650031119371,4.912681173479675e-6,2.1110604848330242e-20,1.0000809446911536,8.094769874844587e-6,9.682399142501924e-6,81,2430,81,1.868319043521475
0.007056432606508009,0.05896147290817607,0.005214703489136647,4.912681173479674e-6,2.5322494087840947e-20,1.0000807752876932,7.384387412656679e-6,9.909508587866418e-6,82,2460,82,1.8975125550139424
0.007142486662684936,0.05960131155507457,0.00521981223698185,4.912681173479674e-6,3.044887754226698e-20,1.0000806056220004,7.183919148445739e-6,1.0138694996202858e-5,83,2490,83,1.9405456598171413
0.007228540718861864,0.060238118669606475,0.005224976022772771,4.912681173479673e-6,3.5694124506190385e-20,1.000080435673881,7.805150724848886e-6,1.036992876279387e-5,84,2520,84,2.002444003148678
0.007314594775038791,0.06087183705475503,0.0052301945836118,4.912681173479673e-6,4.293340342544589e-20,1.000080265459528,9.18660403215199e-6,1.0603167270234457e-5,85,2550,85,2.0770995206503757
0.007400648831215718,0.061502411812607,0.005235467632471665,4.912681173479674e-6,4.9372295781572874e-20,1.0000800950030846,7.055625772522944e-6,1.0838370138560784e-5,86,2580,86,1.81098230190498
0.007486702887392645,0.062129819190665445,0.005240794892425408,4.912681173479675e-6,5.830436859738569e-20,1.0000799243319973,7.561825476898321e-6,1.107550669432503e-5,87,2610,87,1.869273156780771
0.007572756943569572,0.0627540940712982,0.0052461760948373255,4.912681173479675e-6,6.700005765594303e-20,1.0000797534189825,7.943783185027087e-6,1.1314565456891551e-5,88,2640,88,1.9455748663673393
0.007658810999746499,0.06337528575638923,0.005251610965031897,4.912681173479674e-6,7.786022158554661e-20,1.0000795823150752,7.820591861218418e-6,1.1555541586285573e-5,89,2670,89,2.0167040609040647
0.0077448650559234266,0.06399338981890175,0.005257099240190904,4.912681173479674e-6,8.923558095183339e-20,1.0000794110432918,8.298968310782584e-6,1.1798411216996357e-5,90,2700,90,2.0629820644378536
0.007830919112100354,0.0646083553373075,0.005262640644779447,4.912681173479674e-6,1.0232501335380936e-19,1.0000792395731557,8.151406969858499e-6,1.2043131307363838e-5,91,2730,91,2.1091421667404395
0.00791697316827728,0.06522011945815738,0.0052682349003945654,4.912681173479673e-6,1.167411622393693e-19,1.0000790679390676,7.320444851188768e-6,1.22896531063359e-5,92,2760,92,1.7780743449676442
0.008003027224454206,0.0658286720559402,0.005273881732649257,4.912681173479673e-6,1.3240511284599884e-19,1.0000788961872693,7.653204114888013e-6,1.253794363092492e-5,93,2790,93,1.8236511044134112
0.008089081280631133,0.06643406802810857,0.005279580885459313,4.912681173479673e-6,1.5015833405099643e-19,1.00007872428981,7.435237559860752e-6,1.2787995938087307e-5,94,2820,94,1.8542677614144514
0.008175135336808059,0.06703638100984942,0.005285332088865945,4.912681173479674e-6,1.6880931661424415e-19,1.0000785522495916,7.708873273060135e-6,1.3039814675375339e-5,95,2850,95,1.8783967932913723
0.008261189392984985,0.06763561819003708,0.005291135073120064,4.912681173479674e-6,1.9012477608035316e-19,1.0000783801373054,8.02114650255703e-6,1.3293379236750992e-5,96,2880,96,1.9046020168283417
0.008347243449161912,0.06823168837117703,0.005296989567567578,4.912681173479674e-6,2.12234139497739e-19,1.000078207936898,9.237504716708145e-6,1.3548629482576605e-5,97,2910,97,1.9412935908589468
0.008433297505338838,0.06882460036039903,0.005302895308628386,4.912681173479673e-6,2.3725307859871535e-19,1.0000780356200074,9.601349027832384e-6,1.3805539017782491e-5,98,2940,98,1.99083724949757
0.008519351561515764,0.0694144099953924,0.005308852032881411,4.912681173479674e-6,2.6339271090998887e-19,1.000077863264207,9.32067174552742e-6,1.4064098775805899e-5,99,2970,99,2.0542571267728342
0.00860540561769269,0.07000114877664472,0.00531485946489295,4.912681173479673e-6,2.9214085676659153e-19,1.0000776908752713,8.026827320151142e-6,1.432429334605418e-5,100,3000,100,2.0991042335304084
0.008691459673869617,0.07058476654556485,0.005320917321962116,4.912681173479673e-6,3.2297894004300436e-19,1.0000775184043535,8.181230004566942e-6,1.458607570817296e-5,101,3030,101,2.1023263052091745
0.008777513730046543,0.07116532417592451,0.005327025317329458,4.912681173479673e-6,3.554013554358111e-19,1.0000773459337846,9.282139856736649e-6,1.4849443906369001e-5,102,3060,102,2.1009887099961397
0.00886356778622347,0.07174287797479698,0.0053331831978539685,4.912681173479674e-6,3.9169750542011394e-19,1.0000771734765832,9.407500023428383e-6,1.5114394317871498e-5,103,3090,103,2.0823195135670134
0.008949621842400396,0.07231743989643957,0.005339390715370887,4.912681173479674e-6,4.2762730664814703e-19,1.0000770009706204,8.35730964610093e-6,1.5380904761604455e-5,104,3120,104,2.0540318137324043
0.009035675898577322,0.07288904995414863,0.005345647621849642,4.912681173479673e-6,4.702865179220248e-19,1.0000768285043047,8.135716946355842e-6,1.5648963545239775e-5,105,3150,105,1.9916401994060944
0.009121729954754248,0.0734576667932199,0.005351953657711919,4.912681173479674e-6,5.094407869672081e-19,1.000076656085358,8.505605801900629e-6,1.5918525488521728e-5,106,3180,106,1.919366919643291
0.009207784010931174,0.07402326840534908,0.00535830857873009,4.912681173479675e-6,5.589624483389795e-19,1.0000764836546907,7.801829728038001e-6,1.6189552131882207e-5,107,3210,107,1.8249769500312125
0.0092938380671081,0.07458590634283754,0.005364712122366929,4.912681173479673e-6,6.015126670608465e-19,1.0000763113037912,8.205022916651927e-6,1.6462038122330246e-5,108,3240,108,2.0632365359926976
0.009379892123285027,0.07514565927225356,0.005371164034789538,4.912681173479674e-6,6.543251367331238e-19,1.00007613902941,7.493504874944712e-6,1.6735989245448376e-5,109,3270,109,1.9250270014966637
0.009465946179461953,0.07570263630816192,0.005377664085003189,4.912681173479673e-6,7.045202019267738e-19,1.0000759667847403,7.3492231393856855e-6,1.701142406218804e-5,110,3300,110,1.8098063423162647
0.00955200023563888,0.07625677813908016,0.005384212011516759,4.912681173479673e-6,7.601475239898344e-19,1.0000757946600043,6.920491244954974e-6,1.7288288360218317e-5,111,3330,111,1.7634564802175297
0.009638054291815806,0.0768080411956651,0.005390807557633629,4.912681173479674e-6,8.191930483984682e-19,1.0000756226273368,7.4989401355196605e-6,1.7566535461960197e-5,112,3360,112,1.7588090370653147
0.009724108347992732,0.07735651948952947,0.005397450496308515,4.912681173479675e-6,8.771018939362734e-19,1.0000754506690994,7.284096348314506e-6,1.784618251603922e-5,113,3390,113,1.7617985379622354
0.009810162404169659,0.07790233474467179,0.005404140616943343,4.912681173479674e-6,9.463320788108736e-19,1.0000752788769987,7.533043747121049e-6,1.8127261421112142e-5,114,3420,114,1.7762078276916795
0.009896216460346585,0.07844548581183261,0.005410877674252068,4.912681173479673e-6,1.0059192949281775e-18,1.000075107183314,7.98226839071603e-6,1.8409746545895594e-5,115,3450,115,1.8726196792097953
0.009982270516523511,0.07898599217682914,0.005417661428063027,4.912681173479673e-6,1.0780937382461765e-18,1.0000749356122727,7.499932763721517e-6,1.8693617898202458e-5,116,3480,116,1.9868438396420152
0.010068324572700437,0.07952386882983384,0.005424491651578438,4.912681173479674e-6,1.1474285514635174e-18,1.0000747642389056,7.82371620999811e-6,1.897885651294405e-5,117,3510,117,2.0794984036090254
0.010154378628877364,0.08005913952974009,0.0054313681361564895,4.912681173479674e-6,1.2209738568959018e-18,1.0000745929694626,7.987442437240588e-6,1.9265448118976028e-5,118,3540,118,1.86386376274315
0.01024043268505429,0.08059182105905385,0.005438290649469474,4.912681173479673e-6,1.3025195584625808e-18,1.0000744218881585,8.40874116647683e-6,1.955337345584453e-5,119,3570,119,1.8869698293492294
0.010326486741231216,0.0811220431279977,0.005445258976742366,4.912681173479674e-6,1.3768447925155787e-18,1.0000742510004397,8.705714638068685e-6,1.9842672990534402e-5,120,3600,120,1.8855650008554032
0.010412540797408143,0.08164987607649962,0.005452272911275141,4.912681173479673e-6,1.4652695736300635e-18,1.0000740802567953,9.271749767947313e-6,2.013335854835583e-5,121,3630,121,1.8758119573382077
0.010498594853585069,0.08217530363182997,0.00545933224852225,4.912681173479674e-6,1.5466872401854147e-18,1.0000739097489295,8.120868066896492e-6,2.042539757997245e-5,122,3660,122,1.8660675903509605
0.010584648909761995,0.08269833221726883,0.005466436780366787,4.912681173479673e-6,1.6357959268078782e-18,1.0000737394181223,7.578091441473589e-6,2.071877058978133e-5,123,3690,123,1.8174414623141564
0.010670702965938922,0.08321896620955532,0.005473586297424493,4.912681173479674e-6,1.7315133687580907e-18,1.0000735692948366,8.491948655375836e-6,2.1013456232651054e-5,124,3720,124,2.1515561922494855
0.010756757022115848,0.08373723358725729,0.005480780568200893,4.912681173479673e-6,1.8209133211846862e-18,1.000073399422255,9.7479374017162e-6,2.1309442265573494e-5,125,3750,125,2.1473025132182664
0.010842811078292774,0.08425321653965438,0.005488019428083628,4.912681173479673e-6,1.9267035626357193e-18,1.0000732297371786,7.401018532249282e-6,2.160674856986153e-5,126,3780,126,1.7901500982233518
0.0109288651344697,0.08476697662047873,0.005495302665909946,4.912681173479673e-6,2.0217560764392522e-18,1.0000730603158463,7.252658740242168e-6,2.1905386853066584e-5,127,3810,127,1.8232211041057385
0.011014919190646627,0.08527850109792033,0.005502630087172881,4.912681173479675e-6,2.128343368955233e-18,1.000072891132647,7.64340527581453e-6,2.220532671212537e-5,128,3840,128,1.8563779174805337
0.011100973246823553,0.08578780035266882,0.005510001509232208,4.912681173479674e-6,2.2394319721076884e-18,1.0000727221948382,8.346012187132601e-6,2.250655208423531e-5,129,3870,129,1.8510504701058776
0.01118702730300048,0.08629490992364315,0.005517416733965357,4.912681173479673e-6,2.346741283130651e-18,1.000072553548559,8.068133801941713e-6,2.280906849533689e-5,130,3900,130,1.8373769137069949
0.011273081359177406,0.08679990564674042,0.0055248755794126,4.912681173479675e-6,2.474404762397928e-18,1.0000723887600296,8.99413936750193e-6,2.3112891692087537e-5,131,3930,131,1.8274471414457991
0.011359135415354332,0.08730282975475619,0.005532377869742526,4.912681173479673e-6,2.5830950352438607e-18,1.0000722298245004,8.891126347165823e-6,2.3418024252433444e-5,132,3960,132,1.8063851795693984
0.011445189471531258,0.08780369202518572,0.005539923439618012,4.912681173479674e-6,2.712905445325553e-18,1.0000720712176963,7.351051323212232e-6,2.3724452186993086e-5,133,3990,133,1.7662604230582248
0.011531243527708184,0.08830251549287577,0.0055475121015729325,4.912681173479674e-6,2.8385111278882394e-18,1.0000719129532103,9.621104577917095e-6,2.4032164102549908e-5,134,4020,134,2.152113526176638
0.01161729758388511,0.08879938140154488,0.005555143671792576,4.912681173479674e-6,2.9707422793086652e-18,1.0000717550480716,8.100805004573886e-6,2.4341188266744215e-5,135,4050,135,2.035739401794758
0.011703351640062037,0.08929433513195313,0.005562818000796352,4.912681173479673e-6,3.1139981798971876e-18,1.000071597481768,8.069314105796366e-6,2.4651530719528486e-5,136,4080,136,1.9868531695309342
0.011789405696238963,0.08978727533319543,0.00557053491113251,4.912681173479674e-6,3.248990709876337e-18,1.0000714402834487,8.097549560659445e-6,2.4963111575724606e-5,137,4110,137,2.0550638192826405
0.01187545975241589,0.0902783006074736,0.005578294233561381,4.912681173479673e-6,3.410419616955987e-18,1.00007128344614,9.174832094061003e-6,2.5275964870933305e-5,138,4140,138,2.161311607905967
0.011961513808592816,0.09076755574730448,0.005586095811608487,4.912681173479674e-6,3.548568515421235e-18,1.000071126981,7.479743757698998e-6,2.5590155968262235e-5,139,4170,139,1.885362736694636
0.012047567864769742,0.09125495686772184,0.005593939475336479,4.912681173479674e-6,3.71800482138315e-18,1.0000709709032745,8.664180306539038e-6,2.5905615243478393e-5,140,4200,140,1.9238547802179555
0.012133621920946669,0.09174055512829654,0.005601825070503084,4.912681173479674e-6,3.8702323659771775e-18,1.0000708151944475,9.445435630084376e-6,2.6222359386387566e-5,141,4230,141,1.9815395306676422
0.012219675977123595,0.09222440118059129,0.005609752440731713,4.912681173479675e-6,4.045716526882885e-18,1.0000706598778626,8.660562933471283e-6,2.6540396172229764e-5,142,4260,142,2.0443644130537755
0.012305730033300521,0.09270652282894094,0.005617721436097786,4.912681173479674e-6,4.214523488410252e-18,1.0000705049462688,8.271647944368965e-6,2.6859725078505393e-5,143,4290,143,2.075349947900578
0.012391784089477447,0.0931869462107178,0.005625731916964364,4.912681173479673e-6,4.396655477852821e-18,1.0000703503998254,9.132292603908354e-6,2.718034551574489e-5,144,4320,144,2.1040741860904406
0.012477838145654374,0.09366572245839344,0.0056337837528861985,4.912681173479675e-6,4.581692907943072e-18,1.0000701962702172,8.165229536061247e-6,2.7502270319490366e-5,145,4350,145,2.067930962479957
0.0125638922018313,0.09414292832505669,0.00564187681741265,4.912681173479673e-6,4.771005699486063e-18,1.000070042522679,8.478668457101435e-6,2.7825524941495395e-5,146,4380,146,2.0250797288777176
0.012649946258008226,0.0946184985744175,0.0056500109559508216,4.912681173479673e-6,4.971731159501414e-18,1.0000698892206472,7.741778333070215e-6,2.815005457784055e-5,147,4410,147,1.981272989515281
0.012736000314185153,0.095092415653187,0.005658186004003905,4.912681173479674e-6,5.168706946085171e-18,1.0000697363046709,8.00696531655376e-6,2.8475834431309823e-5,148,4440,148,2.0181353670710167
0.012822054370362079,0.0955648400870638,0.00566640184432067,4.912681173479674e-6,5.384405698846017e-18,1.0000695838292786,8.66500628404765e-6,2.8802950576018164e-5,149,4470,149,2.015885310440378
0.012908108426539005,0.09603577158935275,0.005674658341396241,4.912681173479675e-6,5.5894199136448904e-18,1.0000694317475052,8.928184037415576e-6,2.913138689078641e-5,150,4500,150,1.9946347041834744
0.012994162482715932,0.09650523333937391,0.005682955330816986,4.912681173479674e-6,5.819124122590327e-18,1.0000692800957278,9.785925215055613e-6,2.946114157313813e-5,151,4530,151,1.99309227317712
0.013080216538892858,0.09697331369233622,0.00569129271509422,4.912681173479674e-6,6.032509444245756e-18,1.0000691288634966,8.336147283571904e-6,2.9792253517361352e-5,152,4560,152,2.04987298190631
0.013166270595069784,0.09743997917510815,0.005699670391842564,4.912681173479675e-6,6.274880669721583e-18,1.0000689780442367,9.545744312333682e-6,3.012468967859743e-5,153,4590,153,2.0837732508080835
0.01325232465124671,0.09790524602985845,0.005708088251586543,4.912681173479674e-6,6.496714369169993e-18,1.0000688276664247,9.02935546776007e-6,3.045845459632331e-5,154,4620,154,2.071209608774756
0.013338378707423637,0.09836913770129534,0.005716546166756437,4.912681173479673e-6,6.7503110065722454e-18,1.0000686776892906,7.755039725054758e-6,3.079354934856503e-5,155,4650,155,1.9003653407859473
0.013424432763600563,0.09883168813626347,0.005725044029438432,4.912681173479674e-6,6.9805949297718e-18,1.0000685281689756,6.877076771161228e-6,3.112998566005959e-5,156,4680,156,1.824432985071502
0.01351048681977749,0.09929295629826274,0.005733581738937286,4.912681173479673e-6,7.24400904523628e-18,1.0000683790565876,8.526474097436676e-6,3.146778974968606e-5,157,4710,157,2.0554555471973286
0.013596540875954416,0.09975285325224298,0.005742159139078323,4.912681173479674e-6,7.482402718798079e-18,1.0000682303996502,8.857078654500583e-6,3.180688474957157e-5,158,4740,158,1.9801576421704419
0.013682594932131342,0.10021139960826235,0.005750776099583677,4.912681173479673e-6,7.754219571819672e-18,1.0000680821528682,7.432358501091585e-6,3.21472850354874e-5,159,4770,159,1.8604778675867393
0.013768648988308268,0.10066867022088405,0.0057594325337365524,4.912681173479673e-6,8.000182667526808e-18,1.0000679343532561,6.708611529404607e-6,3.248902972067607e-5,160,4800,160,1.7877786480115072
0.013854703044485195,0.10112473396142971,0.005768128334858127,4.912681173479674e-6,8.278757679379706e-18,1.0000677869857009,7.024291456048104e-6,3.28321510673964e-5,161,4830,161,1.8452035016676505
0.01394075710066212,0.10157957345479575,0.005776863385751378,4.912681173479674e-6,8.531816994251925e-18,1.0000676400522597,7.742900123730578e-6,3.317663731248296e-5,162,4860,162,2.015800557715198
0.014026811156839047,0.10203310840449756,0.005785637586118169,4.912681173479674e-6,8.815209787232332e-18,1.0000674935660434,8.290974278679641e-6,3.3522420989087966e-5,163,4890,163,1.884257139584637
0.014112865213015973,0.10248539721304371,0.005794450840326366,4.912681173479673e-6,9.074984929960573e-18,1.0000674649881733,8.311385357728795e-6,3.3869535107772895e-5,164,4920,164,2.0452025507173266
0.0141989192691929,0.10293650492501114,0.005803303058189113,4.912681173479675e-6,9.361351038516515e-18,1.0000682371380862,7.988682718007567e-6,3.421802359163316e-5,165,4950,165,1.900992671510855
0.014284973325369826,0.10338635189193476,0.005812194111251103,4.912681173479673e-6,9.627740777667125e-18,1.0000691047497476,8.21442776555159e-6,3.456783440639393e-5,166,4980,166,2.0773603012258564
0.014371027381546752,0.10383501317221554,0.005821123869819054,4.912681173479673e-6,9.914960999904912e-18,1.0000697106785224,9.628504038516894e-6,3.4919012113678335e-5,167,5010,167,2.0913637040972457
0.014457081437723679,0.10428248476973062,0.005830092259841157,4.912681173479674e-6,1.018650195322871e-17,1.000070648074008,6.572694744022556e-6,3.527154758321367e-5,168,5040,168,1.8324478811703946
0.014543135493900605,0.10472849739222576,0.005839099120279403,4.912681173479673e-6,1.0473285713098287e-17,1.000071323735894,6.573780630958481e-6,3.5625259216206936e-5,169,5070,169,1.843146571167038
0.014629189550077531,0.10517326843913394,0.005848144347493154,4.912681173479673e-6,1.074714357426574e-17,1.0000724356048178,7.2295399036192975e-6,3.598029360300952e-5,170,5100,170,1.9399958702925937
0.014715243606254457,0.1056167864147052,0.005857227878590832,4.912681173479675e-6,1.1032512431946106e-17,1.0000739935306528,8.506868454105643e-6,3.633664437301546e-5,171,5130,171,2.072929128559889
0.014801297662431384,0.10605895374290922,0.005866349613108654,4.912681173479673e-6,1.1307259420565385e-17,1.0000754838548997,8.01685908413674e-6,3.669424500627918e-5,172,5160,172,2.105758660063264
0.01488735171860831,0.1064998619166959,0.005875509440367963,4.912681173479673e-6,1.1590899767956477e-17,1.000077136102054,8.240935578385233e-6,3.705315476767306e-5,173,5190,173,2.1003159366048383
0.014973405774785236,0.10693939717070007,0.00588470721752782,4.912681173479673e-6,1.1865353660636049e-17,1.0000787942007168,7.333271553999765e-6,3.741330235511444e-5,174,5220,174,1.9653914885125834
0.015059459830962163,0.10737760094618301,0.005893942827899333,4.912681173479675e-6,1.2145096697386179e-17,1.000080363574247,7.467734769450729e-6,3.7774708190733874e-5,175,5250,175,1.8277862604561248
0.015145513887139089,0.10781440424369221,0.005903216159828774,4.912681173479673e-6,1.1989647517131175e-17,1.0000819433874097,8.815668373074459e-6,3.8137318138472994e-5,176,5280,176,2.081161797293506
0.015231567943316015,0.10824975729671574,0.005912527086944281,4.912681173479674e-6,1.269230485129458e-17,1.0000837030975191,8.100713436931528e-6,3.850110558337034e-5,177,5310,177,2.0425786284472087
0.015317621999492942,0.10868385106894503,0.005921875522095724,4.912681173479675e-6,1.2963034741059099e-17,1.0000853614686294,8.240444017815207e-6,3.886621034470711e-5,178,5340,178,1.9324363328932885
0.015403676055669868,0.10911648543244344,0.005931261331857097,4.912681173479673e-6,1.3018696036303695e-17,1.000086954065603,8.666563473980204e-6,3.923248742363305e-5,179,5370,179,1.9678454087002766
0.015489730111846794,0.10954756767796374,0.005940684356434315,4.912681173479675e-6,1.2479683344672996e-17,1.0000887006681476,8.638942006200523e-6,3.95998683506291e-5,180,5400,180,2.141343035337882
0.01557578416802372,0.10997724718133971,0.005950144498673364,4.912681173479674e-6,1.173842934077837e-17,1.000090449282959,8.724481286748187e-6,3.9968462343250315e-5,181,5430,181,2.1877556967614673
0.01566183822420065,0.11040541760890106,0.00595964162075463,4.912681173479674e-6,1.3808892461367838e-17,1.0000921217263457,7.699102937408497e-6,4.033819640816919e-5,182,5460,182,2.020011421584976
0.015747892280377575,0.11083209448119251,0.005969175606970722,4.912681173479673e-6,1.1922450771097657e-17,1.000093794596388,8.052756222731716e-6,4.07090852144151e-5,183,5490,183,1.9805868121736925
0.0158339463365545,0.11125729364149135,0.0059787463208675765,4.912681173479673e-6,1.3214042016121542e-17,1.0000956332602557,8.088172080533695e-6,4.108114222873655e-5,184,5520,184,2.0787993173264367
0.015920000392731427,0.1116808650096116,0.00598835361798055,4.912681173479675e-6,1.3408752462597285e-17,1.0000973727653761,7.247702697554814e-6,4.1454251155540206e-5,185,5550,185,1.9454700904949234
0.016006054448908354,0.11210278808389028,0.005997997362348924,4.912681173479675e-6,1.2141598418658794e-17,1.0000990623563701,7.680613478555642e-6,4.182840068316053e-5,186,5580,186,1.8783525180994631
0.01609210850508528,0.11252316929082964,0.006007677428267554,4.912681173479673e-6,1.377936599658036e-17,1.000100839175775,7.2760182323605704e-6,4.220367493336244e-5,187,5610,187,1.8681940416884069
0.016178162561262206,0.11294188852985725,0.006017393661942885,4.912681173479674e-6,1.3095180665044396e-17,1.0001026366799897,8.737214148624162e-6,4.2579984915522946e-5,188,5640,188,2.1344394207025923
0.016264216617439133,0.11335886908695202,0.0060271459370701596,4.912681173479673e-6,1.3090595541917651e-17,1.0001043413106967,7.790890251158089e-6,4.295726978147484e-5,189,5670,189,1.9589659541442859
0.01635027067361606,0.11377415257573226,0.006036934097322013,4.912681173479674e-6,1.2427695231444113e-17,1.0001060220233102,8.021425923487868e-6,4.333556544303472e-5,190,5700,190,2.014077024031323
0.016436324729792985,0.11418771602913079,0.006046757998968481,4.912681173479673e-6,1.3028463955460609e-17,1.0001078453674213,1.2380764488284512e-5,4.371486403646585e-5,191,5730,191,2.1818996474047685
0.01652237878596991,0.11459956997121752,0.006056617522897324,4.912681173479674e-6,1.2472510987322309e-17,1.0001095467863725,8.480592228465866e-6,4.409517602844924e-5,192,5760,192,2.054565407926221
0.016608432842146838,0.1150096215448819,0.0060665124941864075,4.912681173479674e-6,1.3682913736223441e-17,1.0001111533102713,6.794285667410804e-6,4.447642088789798e-5,193,5790,193,1.636057607720557
0.016694486898323764,0.11541779329761208,0.006076442716660993,4.912681173479673e-6,1.1622408595334882e-17,1.0001129440669863,6.374231105610306e-6,4.485854436666074e-5,194,5820,194,1.8267843919047615
0.01678054095450069,0.11582421941311662,0.006086408088404723,4.912681173479675e-6,1.2429111887335818e-17,1.0001146089485229,1.0327345208338556e-5,4.5241664631833316e-5,195,5850,195,2.087362872930428
0.016866595010677617,0.11622878090582388,0.006096408424022902,4.912681173479674e-6,1.2786911632130169e-17,1.0001161976157424,9.725478612665484e-6,4.562568247187544e-5,196,5880,196,2.0440703570938004
0.016952649066854543,0.11663147879904456,0.006106443557157368,4.912681173479674e-6,1.3695723782192319e-17,1.0001179237393503,9.192155651760459e-6,4.601059842679531e-5,197,5910,197,1.8688290921368538
0.01703870312303147,0.1170322045742551,0.006116513321344081,4.912681173479674e-6,1.3784176667769367e-17,1.000119505220079,7.659851334551604e-6,4.6396320319680104e-5,198,5940,198,2.0861023831858168
0.017124757179208396,0.1174309561704251,0.006126617575874146,4.912681173479674e-6,1.3489385148102814e-17,1.0001211036379425,6.905930533207538e-6,4.678284550979007e-5,199,5970,199,1.8119866046564221
0.017210811235385322,0.11782776946861945,0.006136756153699168,4.912681173479674e-6,1.2635316372447433e-17,1.0001227020279595,1.0098918949097424e-5,4.7170207061931116e-5,200,6000,200,2.0053937535527995
0.017296865291562248,0.11822256836431479,0.006146928842067297,4.912681173479674e-6,1.2653621718123192e-17,1.0001241685899438,8.456624954078507e-6,4.755834506229007e-5,201,6030,201,1.8170912198020999
0.017382919347739174,0.11861535565557473,0.006157135471852211,4.912681173479674e-6,1.3029225720660657e-17,1.0001257789910574,1.0335965839658456e-5,4.794726207538029e-5,202,6060,202,2.0937067627884645
0.0174689734039161,0.11900611242865973,0.006167375910398996,4.912681173479673e-6,1.288890669486896e-17,1.0001271840417865,9.00799938108321e-6,4.833694486459156e-5,203,6090,203,1.8937638428512245
0.017555027460093027,0.11939481067270948,0.006177649955853195,4.912681173479675e-6,1.356414224948675e-17,1.0001287524868905,9.091706431263447e-6,4.872736758797131e-5,204,6120,204,2.1340329237342637
0.017641081516269953,0.1197814106617434,0.0061879574215730065,4.912681173479673e-6,1.2753530885798466e-17,1.0001301344083098,7.65967612892382e-6,4.911849165874031e-5,205,6150,205,1.9573581377973144
0.01772713557244688,0.12016588630652743,0.006198298145215092,4.912681173479673e-6,1.2879165124292784e-17,1.0001316308329609,8.269972070706899e-6,4.951028936165849e-5,206,6180,206,1.921268993599888
0.017813189628623806,0.12054818567296911,0.006208671940610922,4.912681173479675e-6,1.2052775189478685e-17,1.0001329858683492,7.582906761172126e-6,4.990272206420665e-5,207,6210,207,1.860219193711637
0.017899243684800732,0.1209283523393587,0.0062190786112589535,4.912681173479674e-6,1.4148152329294243e-17,1.0001344336434879,8.227763316881465e-6,5.029581797185786e-5,208,6240,208,1.9155622824522258
0.01798529774097766,0.12130632405164152,0.006229517972731322,4.912681173479673e-6,1.25190248302747e-17,1.0001357422028354,9.778338579735646e-6,5.068952890415915e-5,209,6270,209,1.9857865786856919
0.018071351797154585,0.1216820741683825,0.00623998984234956,4.912681173479674e-6,1.40637746042954e-17,1.0001371545343394,1.1357248411059118e-5,5.108382713628003e-5,210,6300,210,2.2104954408422315
0.01815740585333151,0.12205559219440257,0.006250494034461852,4.912681173479675e-6,1.2798701352777152e-17,1.000138399053749,9.733478634643689e-6,5.14786971168818e-5,211,6330,211,2.179813766542847
0.018243459909508437,0.12242684157470414,0.006261030349041217,4.912681173479674e-6,1.406773466692212e-17,1.000139799403153,8.955008951261334e-6,5.187410511834057e-5,212,6360,212,2.0659044234311903
0.018329513965685364,0.12279581707750921,0.0062715985820877,4.912681173479674e-6,1.2834863397405907e-17,1.0001409609596725,7.339164838526813e-6,5.2270047097275264e-5,213,6390,213,1.8379895682765541
0.01841556802186229,0.12316242771489073,0.006282198528965976,4.912681173479673e-6,1.3688196593331724e-17,1.0001423419639763,1.197887976900347e-5,5.266643476680247e-5,214,6420,214,2.1770952947492206
0.018501622078039216,0.12352672108369707,0.0062928299818021186,4.912681173479673e-6,1.2769447273305695e-17,1.000143434300269,8.931868507033869e-6,5.306331393804402e-5,215,6450,215,1.9112026886329647
0.018587676134216143,0.12388872277333819,0.006303492785358304,4.912681173479674e-6,1.3385031886743616e-17,1.0001447278129711,9.795604341888975e-6,5.34607110990765e-5,216,6480,216,2.0475693742510988
0.01867373019039307,0.12424831412335559,0.006314186683279217,4.912681173479673e-6,1.2678987990159233e-17,1.0001457998142422,1.0795630771553988e-5,5.3858512426091304e-5,217,6510,217,2.204729150616566
0.018759784246569995,0.12460544035182662,0.006324911489046371,4.912681173479675e-6,1.2837256321804192e-17,1.000146974407281,9.334612585121249e-6,5.425666142418293e-5,218,6540,218,2.0523217746931923
0.01884583830274692,0.12496011174644431,0.006335666994741156,4.912681173479674e-6,1.2447623496774466e-17,1.0001480229481354,8.719612864638293e-6,5.465516290545834e-5,219,6570,219,1.9907001936607724
0.018931892358923848,0.1253123661097267,0.006346452968505959,4.912681173479674e-6,1.3774582300355597e-17,1.0001490980857974,9.49272738637319e-6,5.5054048220944936e-5,220,6600,220,2.096043888410436
0.019017946415100774,0.12566216640160321,0.006357269199412791,4.912681173479675e-6,1.2023405097287229e-17,1.0001501151768877,9.435961132453485e-6,5.545328621349084e-5,221,6630,221,1.983978677088913
0.0191040004712777,0.12600945710958406,0.006368115507763591,4.912681173479674e-6,1.329371165445441e-17,1.0001511084778771,8.424010964347417e-6,5.585282500116432e-5,222,6660,222,1.8504948943032529
0.019190054527454627,0.1263542485287706,0.006378991674153494,4.912681173479674e-6,1.3429378946152447e-17,1.0001520863860784,1.2444770987940501e-5,5.625267162827997e-5,223,6690,223,2.1670653943167952
0.019276108583631553,0.12669650086532402,0.006389897490442719,4.912681173479673e-6,1.2739003011407643e-17,1.0001530172878565,1.0949128878223746e-5,5.665278394622925e-5,224,6720,224,2.047643281461221
0.01936216263980848,0.12703615487260747,0.0064008326905109075,4.912681173479674e-6,1.2706704708749362e-17,1.0001539504977324,8.58320301588833e-6,5.705309190980655e-5,225,6750,225,2.105589148436335
0.019448216695985406,0.12737322511291257,0.0064117970907694895,4.912681173479674e-6,1.3869360771216063e-17,1.000154835608913,9.17729033744763e-6,5.745360804804362e-5,226,6780,226,2.055222070132708
0.019534270752162332,0.1277076981279192,0.006422790479100974,4.912681173479675e-6,1.2359479904456221e-17,1.0001557163157133,9.581770157751635e-6,5.7854320884368005e-5,227,6810,227,2.13138191476754
0.019620324808339258,0.12803947639062932,0.006433812577724824,4.912681173479674e-6,1.4509355116704677e-17,1.000156569871154,1.1147043210257834e-5,5.825512855932589e-5,228,6840,228,1.9612590291898337
0.019706378864516184,0.12836865420315477,0.006444863166203378,4.912681173479675e-6,1.329403860510393e-17,1.0001573905762389,5.58931068894708e-6,5.865610833335716e-5,229,6870,229,1.6508172865074189
0.01979243292069311,0.12869519712222804,0.006455942014847708,4.912681173479673e-6,1.3827629564398505e-17,1.000158225535665,7.104504007315882e-6,5.905722683363626e-5,230,6900,230,1.9762905644387756
0.019878486976870037,0.12901902926574504,0.006467048909893684,4.912681173479674e-6,1.3409913363910687e-17,1.0001589770931576,7.603082877949419e-6,5.945839563431858e-5,231,6930,231,2.1848467347413494
0.019964541033046963,0.1293401519109075,0.006478183610844919,4.912681173479675e-6,1.3024207431003816e-17,1.0001598036006956,1.2635105449021466e-5,5.98596044870002e-5,232,6960,232,2.0309585153586354
0.02005059508922389,0.12965857449419108,0.006489345883025828,4.912681173479673e-6,1.2364908547397516e-17,1.0001604740563772,8.137496855908921e-6,6.026085315270461e-5,233,6990,233,1.934840312557183
0.020136649145400816,0.12997425219318895,0.006500535519381582,4.912681173479673e-6,1.305884944580733e-17,1.0001613014287067,8.259851291825271e-6,6.0662084490651525e-5,234,7020,234,2.0503221421499425
0.020222703201577742,0.13028718820212412,0.006511752275320701,4.912681173479673e-6,1.3281984085335909e-17,1.0001618787943802,8.698298778142544e-6,6.106328936284641e-5,235,7050,235,1.8876569918872796
0.02030875725775467,0.13059739429340195,0.006522995918704989,4.912681173479673e-6,1.2079518647969462e-17,1.0001627174322345,9.362967535508915e-6,6.14644594466466e-5,236,7080,236,2.0282078449964422
0.020394811313931595,0.13090487068827666,0.0065342662034347425,4.912681173479673e-6,1.2919875675007205e-17,1.0001631909351338,1.0254194272363293e-5,6.186558424127735e-5,237,7110,237,2.090045901632509
0.02048086537010852,0.13120958993645634,0.006545562901851062,4.912681173479673e-6,1.3231584231858242e-17,1.0001640516798325,1.0356300322200696e-5,6.226662053907048e-5,238,7140,238,1.9963729390917468
0.020566919426285447,0.13151158916891034,0.006556885764323216,4.912681173479674e-6,1.3493299732489947e-17,1.0001644318874072,9.637453231903237e-6,6.266757833822693e-5,239,7170,239,1.90106852064722
0.020652973482462374,0.13181087706373543,0.006568234522244043,4.912681173479674e-6,1.3558445326036173e-17,1.0001653071261345,8.995013892842962e-6,6.306844273331431e-5,240,7200,240,2.19277382275602
0.0207390275386393,0.13210734042472616,0.00657960896820264,4.912681173479674e-6,1.3449342585752992e-17,1.0001657213044766,9.452433502588065e-6,6.346907974175882e-5,241,7230,241,2.2291446978031977
0.020825081594816226,0.13240106980251268,0.006591008866504308,4.912681173479673e-6,1.3518575305333396e-17,1.0001664868281175,7.920936027971948e-6,6.38695590913769e-5,242,7260,242,2.18371433870494
0.020911135650993153,0.13269216822947197,0.006602434008558306,4.912681173479673e-6,1.341872789999834e-17,1.0001669431876086,8.741635369347023e-6,6.42699689607385e-5,243,7290,243,2.2173954940022598
0.02099718970717008,0.13298055978059584,0.006613884158060819,4.912681173479673e-6,1.2464727596901463e-17,1.0001675874700389,1.0371060128022691e-5,6.467020344999003e-5,244,7320,244,1.921766658794305
0.021083243763347005,0.1332662402994184,0.0066253590489494885,4.912681173479674e-6,1.3369870408410517e-17,1.0001680923077896,1.1512767667198887e-5,6.507021940323093e-5,245,7350,245,2.0549308256495773
0.02116929781952393,0.13354922252454077,0.006636858451410509,4.912681173479674e-6,1.34081069664435e-17,1.000168600251979,1.1039395189982315e-5,6.54700012988006e-5,246,7380,246,2.120371170108198
0.021255351875700858,0.13382954000637398,0.006648382179352154,4.912681173479673e-6,1.418323479965633e-17,1.000169157867895,1.2919241704878459e-5,6.586956406447203e-5,247,7410,247,2.173341292131103
0.021341405931877784,0.1341071997516528,0.006659930009336459,4.912681173479673e-6,1.3636337271270575e-17,1.0001695136329707,1.1266957798738986e-5,6.626888015451504e-5,248,7440,248,2.2015806127995012
0.02142745998805471,0.13438227435714734,0.006671501676300784,4.912681173479674e-6,1.234318187039133e-17,1.0001701288619942,1.1611581271608884e-5,6.66679952720947e-5,249,7470,249,2.1816940455679514
0.021513514044231637,0.13465476393249334,0.006683096965530428,4.912681173479674e-6,1.2561491244121061e-17,1.0001703179381838,1.0082521569643177e-5,6.706687177194681e-5,250,7500,250,2.160398317688576
0.021599568100408563,0.13492466278635198,0.0066947156584934225,4.912681173479674e-6,1.2862985164950399e-17,1.0001709989576777,1.1827209235093505e-5,6.746546216969026e-5,251,7530,251,2.1668148108627268
0.02168562215658549,0.1351920030197288,0.006706357523818347,4.912681173479673e-6,1.362851915210249e-17,1.0001712134548368,1.1665718691489246e-5,6.786376678049585e-5,252,7560,252,2.07932944333009
0.021771676212762416,0.13545683301395436,0.006718022355878035,4.912681173479674e-6,1.2649579093045552e-17,1.0001717667846735,1.1240410501045517e-5,6.826180851227792e-5,253,7590,253,1.9618687179401229
0.021857730268939342,0.13571919685527997,0.006729709933416743,4.912681173479674e-6,1.3009714659870344e-17,1.0001720549096318,1.1103287555158659e-5,6.865960441948244e-5,254,7620,254,1.842606472407044
0.021943784325116268,0.13597915316504214,0.006741420026157493,4.912681173479673e-6,1.2535681319094978e-17,1.0001724351822028,9.160607440605872e-6,6.905718484227301e-5,255,7650,255,2.131899874556643
0.022029838381293194,0.13623671842994314,0.006753152423405066,4.912681173479673e-6,1.3040946995203186e-17,1.0001728092744817,9.095564493577513e-6,6.94545324404654e-5,256,7680,256,2.053946232073226
0.02211589243747012,0.13649189610532175,0.006764906930719491,4.912681173479675e-6,1.2733742815776365e-17,1.0001730098369643,9.058193953137561e-6,6.985161274928441e-5,257,7710,257,2.062767570636235
0.022201946493647047,0.13674470477479386,0.006776683342116304,4.912681173479675e-6,1.3254785520029901e-17,1.0001734821664556,1.0171681736892424e-5,7.024840565944639e-5,258,7740,258,2.0651890337795162
0.022288000549823973,0.13699515138579652,0.006788481496473441,4.912681173479675e-6,1.3125513661609393e-17,1.0001735147595636,8.469777185382554e-6,7.06448807050375e-5,259,7770,259,2.0450495746437
0.0223740546060009,0.13724329616109257,0.006800301163489924,4.912681173479675e-6,1.2497808627286739e-17,1.0001740802862695,9.052426584332807e-6,7.104107034630522e-5,260,7800,260,2.1738621308578168
0.022460108662177826,0.13748918414535347,0.0068121421167148845,4.912681173479673e-6,1.3932689106531943e-17,1.0001742218377636,1.137462376732401e-5,7.143699166891835e-5,261,7830,261,2.2736349314663347
0.022546162718354752,0.137732869333938,0.006824004192422852,4.912681173479673e-6,1.2951514965286115e-17,1.0001746104857439,9.590223999822456e-6,7.183267430168521e-5,262,7860,262,2.2628998376790532
0.02263221677453168,0.13797433563028624,0.006835887190484617,4.912681173479673e-6,1.3487706958206495e-17,1.0001748718621568,9.604333449431124e-6,7.222806416700038e-5,263,7890,263,1.9200304874293816
0.022718270830708605,0.1382136413628799,0.006847790923955095,4.912681173479674e-6,1.2361464632818276e-17,1.000175078451037,1.0326482186684416e-5,7.262319327395047e-5,264,7920,264,1.967492586485003
0.02280432488688553,0.13845082026408934,0.00685971520519707,4.912681173479673e-6,1.362446566299462e-17,1.0001754702206074,1.0117061798098348e-5,7.3018063520706e-5,265,7950,265,2.2340760687394043
0.022890378943062457,0.1386858704697016,0.0068716598809651025,4.912681173479673e-6,1.3181222830068525e-17,1.0001754866550936,8.622965019355888e-6,7.341264320246184e-5,266,7980,266,2.0744786056049076
0.022976432999239384,0.1389188358625933,0.0068836247733251475,4.912681173479674e-6,1.317136849689238e-17,1.0001760173496546,9.364995058547265e-6,7.380694931420295e-5,267,8010,267,2.0294040177603945
0.02306248705541631,0.13914976708521587,0.00689560970845118,4.912681173479673e-6,1.437249459511203e-17,1.000176124071073,1.0143477901181086e-5,7.420101075817975e-5,268,8040,268,2.077445858482079
0.023148541111593236,0.13937867088716008,0.006907614518422439,4.912681173479673e-6,1.2663916974122027e-17,1.0001765118265835,1.0174352929936958e-5,7.459480069670743e-5,269,8070,269,2.231887625078261
0.023234595167770163,0.13960558188451014,0.0069196389828031874,4.912681173479674e-6,1.2418096674074016e-17,1.000176758121272,9.54750343851174e-6,7.498831628156422e-5,270,8100,270,2.0040439799157213
0.02332064922394709,0.13983054234734477,0.006931682921904749,4.912681173479674e-6,1.3308582369526181e-17,1.0001769486040575,1.1575621449821938e-5,7.538157562017677e-5,271,8130,271,2.000686192844765
0.023406703280124015,0.14005358637910206,0.006943746184713765,4.912681173479674e-6,1.2854432416617269e-17,1.0001773387972446,1.0977950957169469e-5,7.577459337702553e-5,272,8160,272,2.0353025985518505
0.02349275733630094,0.14027472550502973,0.006955828604718586,4.912681173479675e-6,1.2560943596421493e-17,1.0001773192379848,1.1803951736055751e-5,7.61673557516828e-5,273,8190,273,2.1467010359814642
0.023578811392477868,0.14049398945007555,0.006967930022704631,4.912681173479675e-6,1.3584450146595606e-17,1.0001778595150546,1.0931072635500527e-5,7.655986795580419e-5,274,8220,274,2.061940785260532
0.023664865448654794,0.14071142033497025,0.006980050273280454,4.912681173479674e-6,1.2259455127986147e-17,1.0001779828615696,9.074174869283524e-6,7.6952151611929e-5,275,8250,275,2.0359628823420755
0.02375091950483172,0.140927000538063,0.006992189222128155,4.912681173479675e-6,1.2471057554049954e-17,1.0001783139355578,7.266671929073709e-6,7.734415754128266e-5,276,8280,276,1.9338130142919874
0.023836973561008647,0.14114075582073782,0.007004346726416708,4.912681173479675e-6,1.245003830287195e-17,1.0001785875479439,1.3433299770326812e-5,7.773588474195785e-5,277,8310,277,2.0274431210341306
0.023923027617185573,0.14135273115045943,0.007016522592052883,4.912681173479674e-6,1.3271074399590966e-17,1.0001786990449053,1.078986717573116e-5,7.812735924049952e-5,278,8340,278,2.038684221731492
0.0240090816733625,0.14156295453728676,0.007028716679579085,4.912681173479673e-6,1.3103061613594068e-17,1.000179131051025,1.2406388258057177e-5,7.851858935064988e-5,279,8370,279,2.0813103823488075
0.024095135729539426,0.14177145814224282,0.007040928844567756,4.912681173479673e-6,1.223439379485661e-17,1.0001791618965665,1.2015452369951163e-5,7.89095910680858e-5,280,8400,280,2.0905932443768047
0.024181189785716352,0.1419782699215262,0.007053158919619457,4.912681173479674e-6,1.378005500891501e-17,1.0001796141061114,7.0254494914934185e-6,7.930036924008254e-5,281,8430,281,1.9723764301146156
0.024267243841893278,0.14218340712787497,0.007065406752025035,4.912681173479674e-6,1.2324538710683522e-17,1.0001798076445878,1.1073591814181327e-5,7.96909088498758e-5,282,8460,282,2.278435052600032
0.024353297898070204,0.14238688783111686,0.007077672204359769,4.912681173479675e-6,1.2261277214570226e-17,1.0001800387100677,7.935992044849627e-6,8.00812027600214e-5,283,8490,283,1.9293100801335448
0.02443935195424713,0.14258873127512522,0.00708995517041285,4.912681173479673e-6,1.527436174450995e-17,1.0001804036008128,8.711047172482722e-6,8.047124621866018e-5,284,8520,284,2.0841977860867176
0.024525406010424057,0.1427889716051531,0.007102255508037846,4.912681173479674e-6,1.4454169136739318e-17,1.0001804033802144,7.592704420744667e-6,8.08610507567205e-5,285,8550,285,2.0931565164407107
0.024611460066600983,0.14298763163166353,0.007114573069595932,4.912681173479674e-6,1.4376522134338343e-17,1.0001809485240873,8.205542286532364e-6,8.125060972775843e-5,286,8580,286,2.0714459991388208
0.02469751412277791,0.1431847509948237,0.007126907727872133,4.912681173479675e-6,1.3393988524036177e-17,1.0001810987349493,9.010104832896104e-6,8.163993550339285e-5,287,8610,287,1.9920634257124934
0.024783568178954836,0.14338036190911674,0.0071392593355034005,4.912681173479673e-6,1.3293348314656168e-17,1.0001814393042021,7.651904354588623e-6,8.202904081742176e-5,288,8640,288,1.9473831603700864
0.024869622235131762,0.14357450335625108,0.007151627757116499,4.912681173479673e-6,1.428606573027794e-17,1.0001817696179018,7.2218224289599675e-6,8.241794183858165e-5,289,8670,289,1.9415475862168339
0.02495567629130869,0.14376722011207543,0.007164012860519129,4.912681173479674e-6,1.384523446767604e-17,1.0001818720892321,6.983049217978987e-6,8.280665941310358e-5,290,8700,290,1.8836157756468705
0.025041730347485615,0.143958535409275,0.00717641453804256,4.912681173479674e-6,1.3405064823685982e-17,1.0001823890323718,1.0781969447037909e-5,8.319519149836542e-5,291,8730,291,2.302672435133985
0.02512778440366254,0.14414847212141685,0.00718883268783382,4.912681173479673e-6,1.4142036866816416e-17,1.0001825211275377,6.389294782138677e-6,8.3583538033982e-5,292,8760,292,1.8382416107362491
0.025213838459839467,0.144337070880508,0.007201267212689359,4.912681173479673e-6,1.4644408365808306e-17,1.0001829534034639,7.714282673987327e-6,8.397171737726453e-5,293,8790,293,1.915928155820386
0.025299892516016394,0.1445243702508445,0.007213717979641114,4.912681173479673e-6,1.401530265299649e-17,1.000183271452726,8.097017484942626e-6,8.435974078052259e-5,294,8820,294,2.0426430468699306
0.02538594657219332,0.14471041343767627,0.007226184860551235,4.912681173479675e-6,1.4336111735025008e-17,1.0001834555282183,8.262879816811619e-6,8.47476265293334e-5,295,8850,295,2.160155247456448
0.025472000628370246,0.144895227282634,0.007238667748029532,4.912681173479674e-6,1.5779358401807233e-17,1.00018396562766,7.970911383381463e-6,8.513537215404748e-5,296,8880,296,2.231197299827561
0.025558054684547173,0.1450788461529273,0.007251166542280739,4.912681173479674e-6,1.3809424916527141e-17,1.0001840958222048,1.219899559501414e-5,8.552298832299773e-5,297,8910,297,1.937675051646714
0.0256441087407241,0.145261321729945,0.0072636811232967636,4.912681173479674e-6,1.398046188611731e-17,1.0001845930453772,7.860172189566583e-6,8.59105130852939e-5,298,8940,298,2.1913428317082015
0.025730162796901025,0.14544269093600673,0.007276211390133313,4.912681173479674e-6,1.3350896852770116e-17,1.0001849105392853,9.515624302736114e-6,8.629796391435284e-5,299,8970,299,2.1012372735655136
0.02581621685307795,0.14562298023929465,0.007288757275809059,4.912681173479673e-6,1.441727008921927e-17,1.0001851420787784,9.469650876781088e-6,8.668534800500012e-5,300,9000,300,1.9351593063400145
0.025902270909254878,0.14580221647014371,0.0073013187029385695,4.912681173479674e-6,1.4207769663735653e-17,1.0001856489027618,1.1096864668047601e-5,8.707266818602402e-5,301,9030,301,2.308758191487141
0.025988324965431804,0.14598043456798535,0.007313895563485856,4.912681173479674e-6,1.6109305008984417e-17,1.000185779061006,7.857952454060069e-6,8.745993444789685e-5,302,9060,302,2.003332300312801
0.02607437902160873,0.14615767906258004,0.007326487763464437,4.912681173479675e-6,1.4945351627555963e-17,1.0001862983473506,7.82629462037221e-6,8.784717555072068e-5,303,9090,303,2.137362677816819
0.026160433077785657,0.1463339819224735,0.007339095215040693,4.912681173479673e-6,1.406270748189994e-17,1.00018661358706,7.942047531628305e-6,8.823440445738411e-5,304,9120,304,2.151081556014538
0.026246487133962583,0.1465093697158044,0.007351717843847624,4.912681173479674e-6,1.5388182479670284e-17,1.0001868449416473,7.732997829634769e-6,8.862162557476471e-5,305,9150,305,2.1188512976450333
0.02633254119013951,0.14668387319121248,0.007364355585952289,4.912681173479673e-6,1.435201674686272e-17,1.0001873501734055,9.65916643735909e-6,8.900885237149019e-5,306,9180,306,2.200941397612435
0.026418595246316436,0.1468575318341108,0.0073770083621306935,4.912681173479674e-6,1.4629823048301037e-17,1.0001874817754928,8.702722681164232e-6,8.939611635005398e-5,307,9210,307,2.2776562710121264
0.026504649302493362,0.1470303760683915,0.00738967610162222,4.912681173479674e-6,1.604609974251634e-17,1.0001879778132479,8.160813536051137e-6,8.978342881946279e-5,308,9240,308,2.249592573802579
0.026590703358670288,0.1472024285110646,0.0074023587345847155,4.912681173479674e-6,1.5163723358023744e-17,1.0001882974353817,8.19859500467146e-6,9.017078922440801e-5,309,9270,309,2.2282597674124105
0.026676757414847214,0.1473737184615263,0.007415056206591465,4.912681173479674e-6,1.6166554774939553e-17,1.0001884865073511,8.921829049768348e-6,9.055820799659213e-5,310,9300,310,2.150655258340545
0.02676281147102414,0.14754427931114167,0.00742776846571587,4.912681173479674e-6,1.4746313246121e-17,1.0001889985257888,9.500447760046882e-6,9.094570235555524e-5,311,9330,311,2.308184432588086
0.026848865527201067,0.14771415978797148,0.007440495422042651,4.912681173479674e-6,1.5132923465176602e-17,1.0001891399532985,1.06650101656669e-5,9.133331308679008e-5,312,9360,312,2.177469985231673
0.026934919583377993,0.14788339435863926,0.00745323702292533,4.912681173479675e-6,1.5289455019259063e-17,1.0001895728648378,9.330714988209365e-6,9.1721063157392e-5,313,9390,313,2.2513943571789876
0.02702097363955492,0.1480520060027144,0.007465993214048317,4.912681173479674e-6,1.4774419595008228e-17,1.0001899049610583,8.496075963648764e-6,9.210895574685737e-5,314,9420,314,2.0458945168137865
0.027107027695731846,0.14822001893310685,0.007478763927413495,4.912681173479674e-6,1.5025321616253995e-17,1.0001900086205195,8.83170932652888e-6,9.24969951890423e-5,315,9450,315,2.1808560753460293
0.027193081751908772,0.1483874715551179,0.007491549118533855,4.912681173479674e-6,1.5096412721141458e-17,1.0001905388085912,9.576907267216939e-6,9.288520926703774e-5,316,9480,316,2.2729599106276055
0.0272791358080857,0.14855439386754357,0.0075043487369574925,4.912681173479674e-6,1.4732037517372897e-17,1.0001907015840896,9.119937658397248e-6,9.327361937536552e-5,317,9510,317,2.343714641097711
0.027365189864262625,0.14872082031089384,0.007517162756344989,4.912681173479674e-6,1.6759878893549534e-17,1.0001910321195548,1.1721910892825704e-5,9.366224912530648e-5,318,9540,318,2.0617466664315662
0.02745124392043955,0.14888677173198187,0.007529991123042146,4.912681173479675e-6,1.5576700775153364e-17,1.000191393420471,1.1682180294236844e-5,9.405110800663128e-5,319,9570,319,2.1627302187494535
0.027537297976616477,0.14905226608160632,0.007542833792226345,4.912681173479673e-6,1.486813657557384e-17,1.0001914005561547,1.1581809999938741e-5,9.444020394914244e-5,320,9600,320,2.2315832960175213
0.027623352032793404,0.14921732773028537,0.007555690739032043,4.912681173479674e-6,1.6025159743614876e-17,1.0001919470587188,1.2574505023010829e-5,9.482954786318353e-5,321,9630,321,2.2814980039790504
0.02770940608897033,0.1493819802904768,0.007568561916673674,4.912681173479674e-6,1.594783482652586e-17,1.0001921552344921,1.0795741032687545e-5,9.521915562794607e-5,322,9660,322,2.2413099742639866
0.027795460145147256,0.1495462522918261,0.007581447289804199,4.912681173479674e-6,1.4295355892676403e-17,1.000192357927486,1.0270876856566247e-5,9.560905490757973e-5,323,9690,323,2.2927616935672535
0.027881514201324183,0.14971016628097403,0.007594346833802578,4.912681173479673e-6,1.5404997802774887e-17,1.0001927797623065,9.988069651356568e-6,9.599926036635542e-5,324,9720,324,2.2968721510038175
0.02796756825750111,0.14987373705878831,0.007607260513505984,4.912681173479673e-6,1.5000338487315948e-17,1.0001929523845379,9.321168903397847e-6,9.638978052814872e-5,325,9750,325,2.3360604347922833
0.028053622313678035,0.15003697518628561,0.007620188308915977,4.912681173479674e-6,1.500479284077724e-17,1.000193560422606,1.021701677927922e-5,9.67806206415619e-5,326,9780,326,2.0465756105265362
0.02813967636985496,0.150199893986641,0.007633130192962452,4.912681173479674e-6,1.436171861373674e-17,1.0001941280766178,1.09659792180139e-5,9.717178402801036e-5,327,9810,327,2.056202620564008
0.028225730426031888,0.15036251089181793,0.007646086135999408,4.912681173479675e-6,1.6074277474390018e-17,1.0001946402137287,9.736363004719806e-6,9.756328416232452e-5,328,9840,328,2.0723882654298844
0.028311784482208814,0.15052483724593269,0.0076590561117545536,4.912681173479673e-6,1.5012415405262597e-17,1.0001952198791382,1.1086035421215001e-5,9.795513218985676e-5,329,9870,329,2.108209234447838
0.02839783853838574,0.15068688577144054,0.007672040101231018,4.912681173479674e-6,1.4104202495845207e-17,1.0001957854779628,1.1673912254650531e-5,9.834734158316128e-5,330,9900,330,2.1420293984303203
0.028483892594562667,0.15084866764767987,0.0076850380730039995,4.912681173479674e-6,1.3988319760068634e-17,1.000196296420785,1.0454968165873879e-5,9.873992090198255e-5,331,9930,331,2.163901883004364
0.028569946650739593,0.15101018757189294,0.0076980499977860155,4.912681173479674e-6,1.4070623341623262e-17,1.0001968454229506,1.0729186749713904e-5,9.913286885398103e-5,332,9960,332,2.1899608058339064
0.02865600070691652,0.1511714524056074,0.007711075877571661,4.912681173479674e-6,1.5319958623293553e-17,1.0001974116573449,1.1403871245541097e-5,9.952619310000797e-5,333,9990,333,2.2090191030715296
0.028742054763093446,0.15133245508867071,0.007724115674547692,4.912681173479673e-6,1.5439009646994064e-17,1.0001979245527346,9.391327317587184e-6,9.991988914225717e-5,334,10020,334,2.159933280767595
0.028828108819270372,0.15149319570358108,0.00773716938443977,4.912681173479673e-6,1.474645992140054e-17,1.0001984408613702,1.0912271505958415e-5,0.00010031395436373413,335,10050,335,2.1389476021715637
0.028914162875447298,0.15165367099207325,0.007750236974394185,4.912681173479675e-6,1.5405111589617678e-17,1.0001990104118372,1.0383140004677216e-5,0.00010070838906566782,336,10080,336,2.1231451156159125
0.029000216931624224,0.15181388946083077,0.0077633184105258424,4.912681173479673e-6,1.4874254714314427e-17,1.0001995272872817,8.528342053892857e-6,0.000101103206564964,337,10110,337,2.0691557889667775
0.02908627098780115,0.15197384531508876,0.007776413662792834,4.912681173479675e-6,1.465365277160973e-17,1.000200008352689,1.0306732690423814e-5,0.00010149839845032252,338,10140,338,2.264085314842265
0.029172325043978077,0.1521335355883012,0.0077895227173164746,4.912681173479673e-6,1.4762221364719705e-17,1.0002005835625145,1.2131922829894393e-5,0.0001018939652697744,339,10170,339,2.2019333546254334
0.029258379100155003,0.15229295771824428,0.00780264554992332,4.912681173479673e-6,1.429322715445664e-17,1.000201106526539,8.914430260631434e-6,0.00010228990528803384,340,10200,340,2.072038663370988
0.02934443315633193,0.1524521073964774,0.00781578213920066,4.912681173479674e-6,1.4040250273440782e-17,1.0002015779388047,1.0874291611173703e-5,0.00010268621811710512,341,10230,341,2.338487639316455
0.029430487212508856,0.15261098630685435,0.007828932452100947,4.912681173479674e-6,1.5285984735256514e-17,1.0002021337136044,1.000260499495198e-5,0.0001030829105707835,342,10260,342,2.1382923600749857
0.029516541268685782,0.15276958930497042,0.00784209646743124,4.912681173479674e-6,1.470119022399954e-17,1.0002026663478458,8.515208236303806e-6,0.00010347998057588517,343,10290,343,2.2470608518513417
0.02960259532486271,0.15292791247725487,0.007855274171734407,4.912681173479675e-6,1.5540186341930974e-17,1.0002031487266183,9.9485654345699e-6,0.00010387742966311746,344,10320,344,2.317943916093198
0.029688649381039635,0.15308594274354917,0.007868465521663022,4.912681173479674e-6,1.4671748479854588e-17,1.0002036674633918,9.012743447556204e-6,0.00010427524569743217,345,10350,345,2.232516683920547
0.02977470343721656,0.15324367439600584,0.007881670515081426,4.912681173479674e-6,1.4265687343829868e-17,1.000204213873831,7.939004802892669e-6,0.00010467342262735221,346,10380,346,2.1887771822398645
0.029860757493393487,0.1534010847039919,0.00789488911294589,4.912681173479674e-6,1.5352343169747688e-17,1.000204710672618,9.494805482290758e-6,0.00010507193100478872,347,10410,347,2.228483543034411
0.029946811549570414,0.15355817459922166,0.007908121303372886,4.912681173479673e-6,1.437872029763497e-17,1.000205190476071,8.179990118151181e-6,0.00010547077384928202,348,10440,348,2.1822380359745868
0.03003286560574734,0.15371493675318076,0.007921367058286197,4.912681173479674e-6,1.5068113793323124e-17,1.0002057534733164,8.24738091864674e-6,0.00010586994622968273,349,10470,349,2.1156745667892984
0.030118919661924266,0.15387136093740392,0.007934626340061809,4.912681173479675e-6,1.5324431182736276e-17,1.0002062679713788,7.991583572675154e-6,0.00010626943846667503,350,10500,350,2.089593318390873
0.030204973718101193,0.15402745370581097,0.00794789913318127,4.912681173479673e-6,1.5689907345268967e-17,1.0002067350123511,8.803575351379322e-6,0.00010666926526474011,351,10530,351,2.4117534717039777
0.03029102777427812,0.15418320399741448,0.00796118539049484,4.912681173479674e-6,1.5233235296534795e-17,1.0002072910495154,7.573868060717359e-6,0.00010706941626725945,352,10560,352,1.9533085097423344
0.030377081830455045,0.1543386212613088,0.007974485090054282,4.912681173479674e-6,1.4638330629669996e-17,1.000207828239753,7.794432946184315e-6,0.0001074699087211128,353,10590,353,1.981906318080029
0.03046313588663197,0.15449369722979603,0.007987798188539025,4.912681173479673e-6,1.489766731256824e-17,1.0002083201188179,8.43747838530362e-6,0.00010787073385193309,354,10620,354,1.968100934462567
0.030549189942808898,0.15464843136262932,0.008001124660581636,4.912681173479674e-6,1.5079150543094534e-17,1.0002088376540779,8.582546153768078e-6,0.00010827189287025043,355,10650,355,2.3662630261337427
0.030635243998985824,0.15480282579324547,0.00801446448236244,4.912681173479673e-6,1.5201374186562618e-17,1.0002094040011038,8.321596554949906e-6,0.00010867339076163154,356,10680,356,2.258406432977242
0.03072129805516275,0.15495686719952312,0.008027817610959173,4.912681173479675e-6,1.4556696475898825e-17,1.0002099269402127,7.592481665597006e-6,0.00010907521379518344,357,10710,357,2.169492490264108
0.030807352111339677,0.1551105510797632,0.008041184013739823,4.912681173479674e-6,1.4482459626301216e-17,1.000210406694649,8.054686979619419e-6,0.00010947736019874129,358,10740,358,2.142610056739054
0.030893406167516603,0.15526387209165027,0.008054563665604673,4.912681173479674e-6,1.4674141574484344e-17,1.0002110028056697,7.345595946617323e-6,0.00010987982086089221,359,10770,359,2.150500543602525
0.03097946022369353,0.15541682292610046,0.008067956524707993,4.912681173479673e-6,1.4128562950066305e-17,1.0002115588312892,7.1008548729878385e-6,0.00011028258500639711,360,10800,360,2.0871993360570653
0.031065514279870456,0.15556940452870005,0.008081362588413625,4.912681173479673e-6,1.405665457067739e-17,1.0002120720523622,7.180071690982004e-6,0.00011068565545800148,361,10830,361,1.9579295119667395
0.031151568336047382,0.15572160804491322,0.008094781806503427,4.912681173479675e-6,1.4174663875704032e-17,1.0002126220687866,1.156707398553003e-5,0.00011108901961144867,362,10860,362,2.3033219002979823
0.031237622392224308,0.15587344426958694,0.008108214159992109,4.912681173479673e-6,1.5532228595881363e-17,1.0002132124214715,9.359375056305907e-6,0.0001114926935841349,363,10890,363,2.201251603652023
0.031323676448401234,0.1560249028407503,0.008121659606047915,4.912681173479674e-6,1.4053141244931935e-17,1.0002137613062085,1.0905115686909994e-5,0.00011189666695800452,364,10920,364,2.158975966672269
0.03140973050457816,0.1561759795819228,0.008135118103952866,4.912681173479674e-6,1.517521472217726e-17,1.0002142693872729,9.496056197377811e-6,0.00011230093657932282,365,10950,365,2.2223400132093256
0.03149578456075509,0.15632667910074602,0.008148589650898399,4.912681173479674e-6,1.3695840806884309e-17,1.0002148928751005,9.587320377590913e-6,0.00011270551590752997,366,10980,366,2.3197751746188695
0.03158183861693201,0.15647698284300224,0.008162074188741616,4.912681173479674e-6,1.4413363685909632e-17,1.00021548405781,1.0397291795527508e-5,0.0001131103803653067,367,11010,367,2.26974500635577
0.03166789267310894,0.15662688983311718,0.008175571683397425,4.912681173479674e-6,1.493379056591402e-17,1.0002160372304854,1.018722468870692e-5,0.00011351553896462556,368,11040,368,2.2440139921565714
0.031753946729285866,0.15677638869872576,0.008189082097033949,4.912681173479674e-6,1.601587617908469e-17,1.0002166133149923,1.0353369351179253e-5,0.00011392098119579307,369,11070,369,2.310598057292268
0.03184000078546279,0.15692547282688368,0.008202605405926147,4.912681173479674e-6,1.485931085153009e-17,1.0002172517627932,1.101705270123432e-5,0.00011432670611613962,370,11100,370,2.3276676371062646
0.03192605484163972,0.15707412893653322,0.008216141584672485,4.912681173479673e-6,1.4473244720957103e-17,1.0002178525077072,9.335651114383836e-6,0.0001147326964317413,371,11130,371,2.4211050930584355
0.032012108897816645,0.15722234738712942,0.008229690589678335,4.912681173479674e-6,1.467158907843465e-17,1.0002184156143228,6.1461516054350795e-6,0.0001151389386748585,372,11160,372,1.897525807241163
0.03209816295399357,0.15737012427387034,0.008243252387638253,4.912681173479673e-6,1.38505193416489e-17,1.0002190586898951,1.0057087603820847e-5,0.00011554543486710647,373,11190,373,2.4131509213990823
0.0321842170101705,0.15751744366304565,0.008256826927945809,4.912681173479675e-6,1.5682842163782138e-17,1.000219704748571,6.692399523444692e-6,0.00011595216813248073,374,11220,374,1.8938412518468581
0.032270271066347424,0.15766430261306494,0.008270414178870948,4.912681173479674e-6,1.525059337747349e-17,1.0002203125585287,6.581479539136126e-6,0.00011635914269042973,375,11250,375,1.887621753729062
0.03235632512252435,0.1578106789731147,0.008284014088778043,4.912681173479674e-6,1.5413868109954186e-17,1.000220892972823,7.653127369167123e-6,0.0001167663372707386,376,11280,376,1.925083284649146
0.032442379178701276,0.15795656495374066,0.008297626625734534,4.912681173479674e-6,1.3870876952169671e-17,1.0002215845033722,7.528178457505419e-6,0.00011717374909516239,377,11310,377,1.9837953866453062
0.0325284332348782,0.15810194437723613,0.00831125174735532,4.912681173479673e-6,1.521773354384468e-17,1.0002222386128266,6.949796073740799e-6,0.0001175813699206899,378,11340,378,1.9907717122751318
0.03261448729105513,0.15824679137619432,0.008324889393203336,4.912681173479674e-6,1.4590776766942233e-17,1.000222855789052,6.941981212094106e-6,0.00011798917208259459,379,11370,379,2.014259278194802
0.032700541347232055,0.15839108952306222,0.008338539532181902,4.912681173479673e-6,1.4926699575809732e-17,1.0002234945551265,8.352963106972311e-6,0.00011839714353960713,380,11400,380,1.998143157524365
0.03278659540340898,0.1585348202695932,0.008352202109475543,4.912681173479673e-6,1.4986803107489162e-17,1.0002241977600346,6.2559010416407546e-6,0.00011880526720062835,381,11430,381,1.9258439184043377
0.03287264945958591,0.15867797182772211,0.008365877063857295,4.912681173479675e-6,1.4572173130122177e-17,1.0002248638303912,7.750352759572365e-6,0.00011921353692846493,382,11460,382,2.2784616840900216
0.032958703515762834,0.1588205224455461,0.008379564349805748,4.912681173479673e-6,1.5017653236183238e-17,1.0002254928721452,7.205624200423699e-6,0.00011962193196215496,383,11490,383,2.0039069831256118
0.03304475757193976,0.15896245482985724,0.008393263926344994,4.912681173479674e-6,1.5466348089792158e-17,1.0002261864245863,8.709086468883243e-6,0.0001200304349450359,384,11520,384,2.014637256853984
0.03313081162811669,0.15910375481839462,0.008406975741398575,4.912681173479674e-6,1.5519846401890296e-17,1.000226900379883,7.10651053381639e-6,0.0001204390395776745,385,11550,385,1.9821010925391065
0.03321686568429361,0.15924440158609451,0.008420699720024941,4.912681173479674e-6,1.5840716071473852e-17,1.000227576423296,9.287111026878847e-6,0.00012084772240385195,386,11580,386,2.422148118756918
0.03330291974047054,0.1593843828849526,0.008434435819292322,4.912681173479674e-6,1.49627479814006e-17,1.0002282145361532,7.751850539250427e-6,0.00012125648076548056,387,11610,387,2.3381531092664525
0.033388973796647466,0.15952367549113883,0.008448183983034869,4.912681173479674e-6,1.5179584947096765e-17,1.0002289585028057,9.28509049913373e-6,0.0001216652926705127,388,11640,388,2.3096588951591284
0.03347502785282439,0.15966225427652148,0.008461944146900456,4.912681173479674e-6,1.5365045117368293e-17,1.000229682031046,8.608240221974484e-6,0.00012207413896224016,389,11670,389,2.1482932738845193
0.03356108190900132,0.15980009994008548,0.008475716255165031,4.912681173479673e-6,1.3966745804938287e-17,1.0002303683092695,7.68707230136556e-6,0.00012248300602636525,390,11700,390,2.19154132504795
0.033647135965178245,0.15993717707367816,0.008489500228500682,4.912681173479674e-6,1.6077590906199266e-17,1.0002310386186184,9.058761918367964e-6,0.00012289185958034608,391,11730,391,2.3282879303624555
0.03373319002135517,0.16007346885234475,0.008503296010706688,4.912681173479674e-6,1.4115717137939024e-17,1.000231811826773,9.524873604505046e-6,0.00012330068426507655,392,11760,392,2.440306894397392
0.0338192440775321,0.1602089407178821,0.008517103530953453,4.912681173479673e-6,1.5359843061317357e-17,1.0002325472067621,7.750936845241085e-6,0.0001237094422957509,393,11790,393,2.0516687174808617
0.03390529813370902,0.16034357414390446,0.008530922710482421,4.912681173479674e-6,1.5991748932718004e-17,1.0002332446932967,9.215499289894069e-6,0.00012411812461868928,394,11820,394,2.1266579742353566
0.03399135218988595,0.16047733851637827,0.008544753468977147,4.912681173479674e-6,1.4256983810395234e-17,1.000233960821727,7.444922630384099e-6,0.00012452669961442753,395,11850,395,2.1579270526165826
0.034077406246062876,0.1606102125651985,0.008558595746530834,4.912681173479674e-6,1.4911757871517174e-17,1.0002347426917688,1.073632989800899e-5,0.0001249351470990034,396,11880,396,2.26694487601171
0.0341634603022398,0.16074217530810628,0.008572449471228032,4.912681173479673e-6,1.4961020880635678e-17,1.0002354850334165,7.724504428097134e-6,0.00012534344306288587,397,11910,397,2.2813466230808532
0.03424951435841673,0.16087320448310227,0.008586314556126141,4.912681173479675e-6,1.494577428640892e-17,1.0002361880107677,7.474477126123702e-6,0.00012575155749942467,398,11940,398,2.3068845554381117
0.034335568414593655,0.16100328456310284,0.008600190943325058,4.912681173479674e-6,1.5001799947521737e-17,1.0002369457006208,9.328795414376145e-6,0.00012615947653106895,399,11970,399,2.3525257648915154
0.03442162247077058,0.16113239556306655,0.008614078528746067,4.912681173479673e-6,1.5007473634483728e-17,1.000237734541497,7.41402645587641e-6,0.00012656717844466536,400,12000,400,2.3073031272054783
0.03450767652694751,0.16126052724182086,0.008627977220947616,4.912681173479674e-6,1.3275677805866923e-17,1.0002384851354045,7.942901447677286e-6,0.0001269746531516915,401,12030,401,2.33844909344076
0.034593730583124434,0.1613876704400222,0.008641886943092675,4.912681173479673e-6,1.4657315826412894e-17,1.000239198591546,9.870389675370461e-6,0.00012738189603808429,402,12060,402,2.410479903266412
0.03467978463930136,0.16151380976267335,0.008655807596012137,4.912681173479674e-6,1.4481995606397767e-17,1.0002400020097884,8.109952887025429e-6,0.00012778889433133757,403,12090,403,2.4005239645379577
0.034765838695478286,0.16163893004616242,0.008669739091773822,4.912681173479674e-6,1.329078105809155e-17,1.000240804109485,8.143157259610234e-6,0.000128195631961252,404,12120,404,2.446395709535691
0.03485189275165521,0.16176301387321676,0.00868368135641283,4.912681173479673e-6,1.5274305829140206e-17,1.0002415682311037,8.894855028529491e-6,0.0001286020904455117,405,12150,405,2.4072807153159337
0.03493794680783214,0.16188605453586985,0.008697634298917085,4.912681173479674e-6,1.367785457475982e-17,1.0002422936549398,8.139488556935248e-6,0.0001290082620290469,406,12180,406,2.368355143491995
0.035024000864009065,0.16200803662097277,0.008711597816271495,4.912681173479674e-6,1.280061528187584e-17,1.000243136331167,9.818649658654977e-6,0.00012941412629847843,407,12210,407,2.398988183850378
0.03511005492018599,0.16212894997890762,0.008725571818410952,4.912681173479675e-6,1.495108397653608e-17,1.0002439464827158,8.013777829773971e-6,0.000129819668919563,408,12240,408,2.3213149354436897
0.03519610897636292,0.16224879263209963,0.008739556210293606,4.912681173479674e-6,1.4365554142228303e-17,1.0002447157590602,7.296872304607405e-6,0.00013022488572936547,409,12270,409,2.270935545245883
0.035282163032539844,0.16236755268825123,0.008753550899264226,4.912681173479674e-6,1.451366278105183e-17,1.0002454628072122,7.744193652570175e-6,0.0001306297560449949,410,12300,410,2.1779915247907766
0.03536821708871677,0.16248522503302465,0.008767555801826836,4.912681173479673e-6,1.5542861461260628e-17,1.0002463148640328,9.543018705926443e-6,0.0001310342673351875,411,12330,411,2.4741789918527815
0.0354542711448937,0.1626018081088692,0.008781570830703944,4.912681173479674e-6,1.6231938189138176e-17,1.0002471257774725,8.285515207262506e-6,0.00013143840518030359,412,12360,412,2.310791251317833
0.03554032520107062,0.1627173056174835,0.008795595894830182,4.912681173479674e-6,1.3980959699807796e-17,1.0002478961171823,7.298930526644654e-6,0.0001318421660564153,413,12390,413,2.262984733870591
0.03562637925724755,0.16283171717628372,0.008809630906379205,4.912681173479673e-6,1.4488987002551684e-17,1.0002486693480384,8.665361008297623e-6,0.0001322455390646447,414,12420,414,2.2454866498063857
0.035712433313424476,0.1629450493062781,0.008823675773610554,4.912681173479673e-6,1.741498532014223e-17,1.000249524640215,7.796086531897117e-6,0.00013264852293447775,415,12450,415,2.0892912150930036
0.0357984873696014,0.16305730782465105,0.008837730401056582,4.912681173479674e-6,1.4111435566341607e-17,1.0002503410992356,8.042715649025922e-6,0.00013305111880544858,416,12480,416,2.389337192371313
0.03588454142577833,0.16316848928934535,0.00885179470807653,4.912681173479674e-6,1.34682797707949e-17,1.0002511181892746,7.80285347445897e-6,0.00013345331803795997,417,12510,417,2.338040074526402
0.035970595481955255,0.16327858242899881,0.008865868581895078,4.912681173479675e-6,1.6953339660226197e-17,1.0002519190618442,7.815989633286335e-6,0.00013385510300644118,418,12540,418,2.299787295166933
0.03605664953813218,0.1633875920887357,0.008879951927973903,4.912681173479674e-6,1.4650327906387973e-17,1.000252782575663,8.146341468062701e-6,0.0001342564744821792,419,12570,419,2.320906845058507
0.03614270359430911,0.16349551163044657,0.008894044639315707,4.912681173479674e-6,1.1895669667011674e-17,1.0002536057919942,8.391045014377596e-6,0.00013465742545300694,420,12600,420,2.512367911659449
0.03622875765048603,0.1636023367473574,0.008908146635831952,4.912681173479674e-6,1.714936137586944e-17,1.0002543882287271,7.603586382742833e-6,0.00013505794902378128,421,12630,421,2.1464119214932316
0.03631481170666296,0.16370806792107745,0.008922257814957224,4.912681173479674e-6,1.7393073523176296e-17,1.0002552057701874,8.635359847630752e-6,0.00013545804146489118,422,12660,422,2.402132291219916
0.036400865762839886,0.1638126982018855,0.008936378077551158,4.912681173479674e-6,1.3118842198231198e-17,1.0002560692256635,6.926183715449952e-6,0.00013585768491055335,423,12690,423,2.0882147809277485
0.03648691981901681,0.16391622776668785,0.008950507330811774,4.912681173479673e-6,1.3639186673925145e-17,1.000256890468893,8.494177983209283e-6,0.00013625687715553342,424,12720,424,2.2659190703522225
0.03657297387519374,0.16401866145048966,0.0089646454865447,4.912681173479674e-6,1.5908346576159192e-17,1.0002576690173655,8.095936721019825e-6,0.0001366556102690845,425,12750,425,2.434473746774887
0.036659027931370665,0.16411999969310603,0.008978792443523037,4.912681173479674e-6,1.442722797916059e-17,1.0002584913552108,7.264278650609413e-6,0.00013705387282369157,426,12780,426,2.115194681865716
0.03674508198754759,0.16422025909914512,0.008992948122915161,4.912681173479673e-6,1.670261614079354e-17,1.000259349070546,7.578438498967444e-6,0.00013745168024977697,427,12810,427,2.1406635030148293
0.03683113604372452,0.16431943534042043,0.00900711243335924,4.912681173479673e-6,1.6130120431877605e-17,1.0002601641159348,8.334980350355181e-6,0.00013784902060645564,428,12840,428,2.282933830794414
0.036917190099901444,0.1644175248781016,0.009021285257934131,4.912681173479674e-6,1.578998252185402e-17,1.0002609367216133,8.76945492223058e-6,0.00013824587117417534,429,12870,429,2.3272498000795196
0.03700324415607837,0.1645145398876545,0.009035466512160868,4.912681173479673e-6,1.4561333483986846e-17,1.0002617621694467,9.462504557689044e-6,0.0001386422449993986,430,12900,430,2.4465445232653225
0.037089298212255296,0.1646104817573088,0.009049656110864184,4.912681173479674e-6,1.637508436484265e-17,1.0002626151547784,1.0597227827702227e-5,0.00013903813516272836,431,12930,431,2.511997052164821
0.03717535226843222,0.16470535183352408,0.00906385395692381,4.912681173479674e-6,1.5572620674409917e-17,1.0002634264017856,8.430775277901148e-6,0.0001394335367863095,432,12960,432,2.3847137051639073
0.03726140632460915,0.16479913216508266,0.009078059950538548,4.912681173479674e-6,1.3610929327223952e-17,1.0002641951021867,8.294765052596631e-6,0.0001398284143887442,433,12990,433,2.285779217428806
0.037347460380786075,0.16489184852633312,0.009092274018786725,4.912681173479673e-6,1.5953638215492426e-17,1.0002650185711577,7.359615977975409e-6,0.00014022279165265656,434,13020,434,2.247760059577319
0.037433514436963,0.1649835068155693,0.009106496070254495,4.912681173479673e-6,1.5739685051824783e-17,1.0002658637987443,9.245374087640812e-6,0.00014061666567688485,435,13050,435,2.4584840984026557
0.03751956849313993,0.1650740912833885,0.009120725994244266,4.912681173479674e-6,1.2745401639230713e-17,1.0002666645640435,1.0402156647160155e-5,0.00014100999656401105,436,13080,436,2.4701065355706073
0.037605622549316854,0.1651636284977926,0.00913496372405729,4.912681173479674e-6,1.652599593888055e-17,1.0002674187817515,7.956177228152228e-6,0.00014140281925889767,437,13110,437,2.3743017563533138
0.03769167660549378,0.1652521160437398,0.009149209162115784,4.912681173479675e-6,1.5028833278189184e-17,1.0002682283285151,8.299085550333984e-6,0.00014179511290314463,438,13140,438,2.1680833570631
0.03777773066167071,0.16533956372870792,0.009163462215081014,4.912681173479675e-6,1.4661271230651738e-17,1.0002690547651112,7.6124964465407174e-6,0.00014218688532547272,439,13170,439,2.1886980067580915
0.03786378471784763,0.16542598049554974,0.009177722800388132,4.912681173479673e-6,1.473333440604469e-17,1.000269834944642,8.893334779713769e-6,0.00014257814790867365,440,13200,440,2.4344227346017497
0.03794983877402456,0.16551136030102317,0.009191990825774194,4.912681173479673e-6,1.539159011632667e-17,1.0002705680166581,9.104021273742546e-6,0.00014296887978931108,441,13230,441,2.2183648149695054
0.038035892830201486,0.16559572170349426,0.0092062662331987,4.912681173479675e-6,1.4873778544417233e-17,1.0002713603592568,8.566900106643516e-6,0.00014335910488830696,442,13260,442,2.2895675279690453
0.03812194688637841,0.1656790532221113,0.009220548896541546,4.912681173479674e-6,1.4640612402337778e-17,1.0002721645793275,7.802254842204093e-6,0.0001437487897595579,443,13290,443,2.36243925770903
0.03820800094255534,0.16576136261456356,0.009234838731239911,4.912681173479674e-6,1.4835000020109505e-17,1.0002729228072946,8.72467396106913e-6,0.00014413793964572954,444,13320,444,2.277040100162996
0.038294054998732265,0.1658426648688628,0.009249135654391142,4.912681173479674e-6,1.4339713651072095e-17,1.0002736340170648,6.9995678018131e-6,0.00014452656621989009,445,13350,445,2.1942907095855273
0.03838010905490919,0.16592295746386893,0.00926343957933069,4.912681173479673e-6,1.4005648272929683e-17,1.0002744103329209,9.467336781199265e-6,0.0001449146530071619,446,13380,446,2.500961183818819
0.03846616311108612,0.16600224541506317,0.009277750404623948,4.912681173479673e-6,1.3497777540109984e-17,1.0002751936500092,8.589326228047867e-6,0.00014530219595543006,447,13410,447,2.3888507642412704
0.03855221716726304,0.16608054327645969,0.009292068056026592,4.912681173479673e-6,1.3858483331896794e-17,1.0002759296662236,8.435544998519617e-6,0.0001456892056863371,448,13440,448,2.3741510371047627
0.03863827122343997,0.16615785713864525,0.009306392437950195,4.912681173479673e-6,1.3975984426660732e-17,1.0002766175317488,8.149197938678299e-6,0.00014607567675989068,449,13470,449,2.420794326825963
0.038724325279616896,0.16623419946224166,0.009320723459831861,4.912681173479673e-6,1.454146517105962e-17,1.0002773730255385,8.140604990103384e-6,0.0001464616115131851,450,13500,450,2.3891607820849723
0.03881037933579382,0.16630958117730124,0.009335061034828361,4.912681173479674e-6,1.3744850457069658e-17,1.000278129937039,9.052574512224965e-6,0.00014684701808586955,451,13530,451,2.470344314126219
0.03889643339197075,0.16638399903605514,0.009349405090252446,4.912681173479673e-6,1.3321031564427246e-17,1.0002788400652902,8.331440938036394e-6,0.0001472318840489514,452,13560,452,2.4124864809545588
0.038982487448147675,0.16645744358505113,0.009363755533517825,4.912681173479673e-6,1.353178133886025e-17,1.0002795017030117,8.061623987032362e-6,0.00014761619194047446,453,13590,453,2.350705108827019
0.0390685415043246,0.16652992187904564,0.009378112290669064,4.912681173479673e-6,1.4241439283249866e-17,1.0002802366635355,7.657868650312594e-6,0.0001479999513716537,454,13620,454,2.3190531579208558
0.03915459556050153,0.16660142672719297,0.009392475273713794,4.912681173479673e-6,1.4141101478976778e-17,1.0002809688015368,8.844212828762466e-6,0.00014838314408247838,455,13650,455,2.209540414921215
0.039240649616678454,0.16667196283001495,0.009406844413541345,4.912681173479674e-6,1.3417185659442209e-17,1.0002816538483073,8.1034151833137e-6,0.00014876576441154418,456,13680,456,2.1798606732939
0.03932670367285538,0.166741534964481,0.00942121963108554,4.912681173479673e-6,1.4364034722697702e-17,1.0002822910190472,9.307036464178964e-6,0.00014914781339015859,457,13710,457,2.507976818607037
0.039412757729032306,0.16681015325493417,0.00943560082726334,4.912681173479674e-6,1.512271003246979e-17,1.0002830054920622,8.214303107934029e-6,0.00014952929112502502,458,13740,458,2.409294821240835
0.03949881178520923,0.16687783275278453,0.009449987931459071,4.912681173479674e-6,1.4098760487962697e-17,1.0002837115671621,8.329815074148428e-6,0.00014991020022015267,459,13770,459,2.437767412828438
0.03958486584138616,0.16694458851669228,0.009464380855140314,4.912681173479673e-6,1.407528077944244e-17,1.000284369929455,9.223594929608225e-6,0.00015029054623289943,460,13800,460,2.5250799135456683
0.039670919897563085,0.1670104423214161,0.009478779538257138,4.912681173479673e-6,1.41468014433571e-17,1.0002849794792863,7.728133510909174e-6,0.00015067034419160257,461,13830,461,2.1434509122419136
0.03975697395374001,0.16707539578459263,0.009493183881159457,4.912681173479673e-6,1.1220066888271821e-17,1.000285669378309,7.78170594628591e-6,0.00015104958437531436,462,13860,462,2.1628946438826686
0.03984302800991694,0.16713945919856546,0.009507593802979216,4.912681173479673e-6,1.4393334275482943e-17,1.0002863461029199,9.972977409233863e-6,0.0001514282776732533,463,13890,463,2.56833710944946
0.039929082066093864,0.1672026453619351,0.009522009247161137,4.912681173479673e-6,1.3537166899004887e-17,1.0002869749524956,7.979690622050839e-6,0.00015180644219052,464,13920,464,2.1996603136152624
0.04001513612227079,0.16726493740985454,0.009536430112062504,4.912681173479673e-6,1.2352044698377296e-17,1.000287555987656,8.35073024063604e-6,0.0001521840439320948,465,13950,465,2.292914890268417
0.04010119017844772,0.16732633906408087,0.009550856334767223,4.912681173479673e-6,1.4388539267607825e-17,1.0002882239983288,9.147043300572477e-6,0.00015256108401228677,466,13980,466,2.30908367444025
0.04018724423462464,0.16738685054613686,0.009565287834252973,4.912681173479673e-6,1.4435599348333276e-17,1.0002888744908407,7.934534806963711e-6,0.00015293755208283796,467,14010,467,2.3311627910570327
0.04027329829080157,0.16744647808720514,0.009579724540932356,4.912681173479673e-6,1.377187802827334e-17,1.0002894789524983,7.977019137683783e-6,0.0001533134354879581,468,14040,468,2.195495598587646
0.040359352346978496,0.16750524466010835,0.00959416638282403,4.912681173479673e-6,1.499218452779325e-17,1.000290036609412,8.092285241900754e-6,0.00015368874569565436,469,14070,469,2.170622605527471
0.04044540640315542,0.1675631679782133,0.009608613297571547,4.912681173479675e-6,1.4826741466149842e-17,1.0002906848396014,8.117685368347338e-6,0.00015406348782057093,470,14100,470,2.3023746928928097
0.04053146045933235,0.16762027265943527,0.009623065217049715,4.912681173479673e-6,1.4666840315030886e-17,1.000291308833132,8.431731401969955e-6,0.0001544376850868783,471,14130,471,2.3511524221872
0.040617514515509275,0.1676765883978073,0.00963752207513032,4.912681173479674e-6,1.449449222324099e-17,1.0002918839742385,7.849478578236813e-6,0.00015481136575943872,472,14160,472,2.470612606224775
0.0407035685716862,0.167732132379258,0.009651983797227589,4.912681173479673e-6,1.419893407936232e-17,1.0002924098298016,7.782983061588311e-6,0.0001551845421935641,473,14190,473,2.3740159800002933
0.04078962262786313,0.16778690865001344,0.009666450280705027,4.912681173479675e-6,1.409313367105802e-17,1.000293031257734,9.892461790173002e-6,0.00015555720419213934,474,14220,474,2.2910301487593405
0.04087567668404005,0.16784094291881727,0.009680921491547869,4.912681173479675e-6,1.2877708882275847e-17,1.0002936235470763,7.845920293902964e-6,0.0001559293892212116,475,14250,475,2.2928666767186994
0.04096173074021698,0.16789423261396338,0.009695397342368768,4.912681173479673e-6,1.3783899078735136e-17,1.0002941688271096,7.713063610026438e-6,0.00015630108264906448,476,14280,476,2.216950014128039
0.041047784796393906,0.16794680694981656,0.009709877798146273,4.912681173479675e-6,1.3916571200537926e-17,1.0002946677270308,7.719796002447765e-6,0.00015667231723498818,477,14310,477,2.19787127207163
0.04113383885257083,0.16799866938220576,0.00972436276403363,4.912681173479674e-6,1.3116740127034909e-17,1.0002952704167885,8.432201781261028e-6,0.00015704307632991395,478,14340,478,2.4952952518800706
0.04121989290874776,0.1680498456304215,0.009738852202367802,4.912681173479675e-6,1.4308931001041526e-17,1.0002958407749358,8.698018007180508e-6,0.00015741339097549836,479,14370,479,2.3925481055899316
0.041305946964924685,0.16810034260232828,0.00975334603473739,4.912681173479673e-6,1.4315176567862908e-17,1.0002963656874,7.485287767394766e-6,0.00015778324722217252,480,14400,480,2.293731765356908
0.04139200102110161,0.16815018907801885,0.009767844222113062,4.912681173479673e-6,1.42166583009778e-17,1.0002968438695536,9.628845894837923e-6,0.00015815267174561614,481,14430,481,2.344096895320623
0.04147805507727854,0.1681994097584119,0.009782346704627796,4.912681173479675e-6,1.47272133239443e-17,1.0002974261008,8.60678284198002e-6,0.0001585216694834384,482,14460,482,2.4993482578665174
0.041564109133455464,0.1682480426568717,0.009796853432479909,4.912681173479673e-6,1.512126402282112e-17,1.0002979697385375,9.84859127584059e-6,0.0001588902710159559,483,14490,483,2.609043955709836
0.04165016318963239,0.1682961191952747,0.009811364360741877,4.912681173479673e-6,1.4168620178991864e-17,1.0002984648263904,8.27968094085918e-6,0.00015925849559454754,484,14520,484,2.2405914119625834
0.041736217245809316,0.1683436701913549,0.009825879439748124,4.912681173479673e-6,1.3544157858250232e-17,1.0002989115187255,8.645358477110676e-6,0.0001596263701750413,485,14550,485,2.31017773392032
0.04182227130198624,0.16839071299872033,0.00984039861881418,4.912681173479674e-6,1.4539505847028166e-17,1.0002994657971904,7.600340580893317e-6,0.0001599939071512035,486,14580,486,2.3168519354623567
0.04190832535816317,0.16843726032464762,0.009854921858511792,4.912681173479673e-6,1.4150810504774037e-17,1.00029997851425,8.416931507326808e-6,0.00016036111134013563,487,14610,487,2.3598051931686297
0.041994379414340095,0.16848334241262394,0.00986944912066825,4.912681173479673e-6,1.2936974051751362e-17,1.000300444979838,8.075452619493717e-6,0.00016072802140560134,488,14640,488,2.413605836362464
0.04208043347051702,0.16852895622549252,0.009883980356476736,4.912681173479673e-6,1.287706595583685e-17,1.0003008662729127,8.133407021659878e-6,0.00016109462708956357,489,14670,489,2.359626563498515
0.04216648752669395,0.1685741214554917,0.009898515546169412,4.912681173479673e-6,1.3161573458160268e-17,1.0003014000486916,8.60470077412856e-6,0.00016146094589860813,490,14700,490,2.3050913522378274
0.042252541582870874,0.16861886095902623,0.009913054644333659,4.912681173479674e-6,1.3317050200011366e-17,1.000301889404764,7.182043759712542e-6,0.00016182699648367195,491,14730,491,2.242413420780646
0.0423385956390478,0.1686631946508371,0.009927597611594424,4.912681173479675e-6,1.2922326980950629e-17,1.0003023333828878,8.588756372773787e-6,0.00016219279086338975,492,14760,492,2.201729017216273
0.04242464969522473,0.1687071487025261,0.009942144410463876,4.912681173479673e-6,1.4485862114449534e-17,1.000302735159007,7.029440538985909e-6,0.00016255835390995403,493,14790,493,2.2227505601768462
0.04251070375140165,0.16875074217017372,0.009956695010808982,4.912681173479673e-6,1.3506721499766588e-17,1.0003032439509436,7.05567214254188e-6,0.000162923698920539,494,14820,494,2.2094536723896865
0.04259675780757858,0.168793998623584,0.009971249390518425,4.912681173479673e-6,1.413136188709741e-17,1.0003037063402997,8.102284709821106e-6,0.00016328885013968696,495,14850,495,2.6396824127104943
0.042682811863755506,0.1688369445429706,0.00998580753163527,4.912681173479674e-6,1.3962324882495014e-17,1.0003041213520492,9.830900182805635e-6,0.00016365383662660473,496,14880,496,2.543886063324139
0.04276886591993243,0.16887958326783734,0.010000369384125582,4.912681173479673e-6,1.3337779142865469e-17,1.0003044960102425,8.338496115811722e-6,0.00016401864453114833,497,14910,497,2.5599983806311615
0.04285491997610936,0.16892193825686574,0.010014934932454813,4.912681173479673e-6,1.1345526007484627e-17,1.000304972341557,8.913123750176055e-6,0.00016438329805037736,498,14940,498,2.4235973379250293
0.042940974032286285,0.16896402377919023,0.010029504138300716,4.912681173479673e-6,1.4102000969670895e-17,1.000305403938321,7.664641898941227e-6,0.000164747803264129,499,14970,499,2.4040365515431916
0.04302702808846321,0.1690058598535181,0.010044076992315744,4.912681173479673e-6,1.3269479469904055e-17,1.0003057900329746,8.20111552002345e-6,0.0001651121728216661,500,15000,500,2.390255650501741
0.04311308214464014,0.16904748197474775,0.010058653479837183,4.912681173479673e-6,1.3375203925422363e-17,1.0003061440815966,8.797503170399068e-6,0.00016547644440444398,501,15030,501,2.2594772686988978
0.04319913620081706,0.1690888978273363,0.010073233565273855,4.912681173479673e-6,1.458542132734889e-17,1.0003065959862056,8.166726672698132e-6,0.00016584062230542193,502,15060,502,2.2728515799389193
0.04328519025699399,0.16913013981268635,0.010087817240275973,4.912681173479673e-6,1.3912805870741873e-17,1.000307005591615,8.554589570053395e-6,0.00016620474452787708,503,15090,503,2.6214502947728437
0.043371244313170916,0.16917120561934118,0.010102404480540061,4.912681173479673e-6,1.4367073325746066e-17,1.0003073716209472,9.311005300105535e-6,0.00016656880205974205,504,15120,504,2.6110306148273046
0.04345729836934784,0.1692121105594131,0.01011699529698425,4.912681173479673e-6,1.322600114181577e-17,1.0003077093946677,7.041404970209442e-6,0.0001669328176195575,505,15150,505,2.2574600889452787
0.04354335242552477,0.16925284003589253,0.01013158964863452,4.912681173479673e-6,1.477195536180026e-17,1.0003081368414215,9.101097816710535e-6,0.00016729676977592385,506,15180,506,2.652671937377128
0.043629406481701695,0.16929339922521458,0.010146187520963365,4.912681173479675e-6,1.3983947528823522e-17,1.0003085189825367,9.217139762540683e-6,0.00016766066585103097,507,15210,507,2.6778205262274493
0.04371546053787862,0.1693338017226764,0.010160788909770261,4.912681173479673e-6,1.2249497367992811e-17,1.00030885494369,9.203366246879341e-6,0.00016802451865576345,508,15240,508,2.664871007783811
0.04380151459405555,0.1693740578166238,0.010175393808379516,4.912681173479675e-6,1.449553049997428e-17,1.0003091673932945,8.687788977113087e-6,0.0001683883389602197,509,15270,509,2.596471578318427
0.043887568650232474,0.1694141877324284,0.010190002183925068,4.912681173479673e-6,1.4466053529031204e-17,1.000309562645968,1.0198275646189359e-5,0.00016875213580638132,510,15300,510,2.6421387160669934
0.0439736227064094,0.1694542209471377,0.010204614059930284,4.912681173479674e-6,1.2543694787072282e-17,1.000309912614268,8.497409709207204e-6,0.00016911594413464748,511,15330,511,2.568234142937484
0.044059676762586326,0.16949418388046208,0.01021922941554624,4.912681173479673e-6,1.4112976842036618e-17,1.0003102178388763,9.300714509663521e-6,0.0001694797890868835,512,15360,512,2.586113819700686
0.04414573081876325,0.16953408501569348,0.010233848225477142,4.912681173479675e-6,1.5735999821997053e-17,1.0003105111492947,8.53209201068239e-6,0.0001698436724824901,513,15390,513,2.63133641206217
0.04423178487494018,0.16957394116565921,0.010248470491698265,4.912681173479673e-6,1.4216906190261313e-17,1.000310879286032,9.344453388848706e-6,0.00017020762720023206,514,15420,514,2.573109426650409
0.044317838931117105,0.16961374354525108,0.010263096212628317,4.912681173479674e-6,1.3968026800688474e-17,1.0003112040718103,1.1021698753665987e-5,0.00017057163823382698,515,15450,515,2.6056644904038926
0.04440389298729403,0.16965350700226425,0.010277725381830072,4.912681173479674e-6,1.425270726964042e-17,1.0003114853852628,9.057985650429146e-6,0.0001709357247236535,516,15480,516,2.5085444209073766
0.04448994704347096,0.1696932298319178,0.010292357996627845,4.912681173479673e-6,1.536846250444433e-17,1.0003117660069758,8.554861352649823e-6,0.00017129988026950489,517,15510,517,2.3991372689329062
0.044576001099647884,0.16973291704625196,0.010306994052243614,4.912681173479673e-6,1.3922261730701556e-17,1.0003121099402477,7.85709239892185e-6,0.00017166411064564507,518,15540,518,2.280851331445763
0.04466205515582481,0.16977258341883697,0.010321633558360795,4.912681173479674e-6,1.520520296405614e-17,1.0003124116351447,7.415241398689432e-6,0.0001720284309106435,519,15570,519,2.1892838441270244
0.04474810921200174,0.1698122363183015,0.010336276513820866,4.912681173479673e-6,1.483361128477176e-17,1.0003126706093057,7.341767016555423e-6,0.0001723928379440428,520,15600,520,2.170382927525765
0.04483416326817866,0.16985189008817905,0.01035092291415277,4.912681173479673e-6,1.2297488323896135e-17,1.0003129406719644,7.468119989084698e-6,0.00017275735249279203,521,15630,521,2.120699100112184
0.04492021732435559,0.16989155868005879,0.01036557275225084,4.912681173479673e-6,1.531387528583208e-17,1.0003132636961838,8.536991202845456e-6,0.00017312198203017117,522,15660,522,2.114749681862279
0.045006271380532516,0.16993126391383367,0.01038022605117031,4.912681173479674e-6,1.4500973078284543e-17,1.0003135442859086,7.048885919402892e-6,0.00017348675866028746,523,15690,523,2.160931976220832
0.04509232543670944,0.16997101186935482,0.010394882823170361,4.912681173479674e-6,1.4131934544893692e-17,1.000313780330086,8.536352424926008e-6,0.00017385167907842195,524,15720,524,2.3366089309937244
0.04517837949288637,0.170010819485341,0.010409543069098675,4.912681173479674e-6,1.4156996252606557e-17,1.000314036093393,9.153815483387007e-6,0.00017421676852175046,525,15750,525,2.5770763438045883
0.045264433549063295,0.17005069076864077,0.0104242067654764,4.912681173479674e-6,1.4474016976810717e-17,1.0003143302466806,9.31472641241271e-6,0.00017458202968907634,526,15780,526,2.57881266339862
0.04535048760524022,0.1700906404157026,0.010438873944185962,4.912681173479674e-6,1.4276573599517955e-17,1.0003145812963663,7.973611104716838e-6,0.000174947487056668,527,15810,527,2.179345957948826
0.04543654166141715,0.1701306538131581,0.010453544568842772,4.912681173479673e-6,1.2928995109647016e-17,1.0003147906079193,7.567340531977607e-6,0.00017531313045354995,528,15840,528,2.4275848402682527
0.045522595717594073,0.17017071659085714,0.0104682186808727,4.912681173479673e-6,1.4224615558767054e-17,1.0003150353425707,1.0316838938706496e-5,0.00017567894263183532,529,15870,529,2.5014781593409277
0.045608649773771,0.17021083194621398,0.010482896284114246,4.912681173479673e-6,1.4638607048472655e-17,1.000315307203185,6.9946707981216605e-6,0.00017604493676910286,530,15900,530,2.1662279804742446
0.045694703829947926,0.17025100348800867,0.01049757738705555,4.912681173479673e-6,1.3568448045047141e-17,1.00031553900599,8.451405975051784e-6,0.00017641110659712096,531,15930,531,2.4534757793371593
0.04578075788612485,0.17029124126875383,0.01051226197192767,4.912681173479673e-6,1.254239496963728e-17,1.0003157303337802,1.064608881051754e-5,0.00017677746921485618,532,15960,532,2.7057686814586135
0.04586681194230178,0.17033155422535734,0.01052695004824431,4.912681173479673e-6,1.3086864706018626e-17,1.0003159714421892,9.78515046767825e-6,0.00017714402209817318,533,15990,533,2.7261775306726013
0.045952865998478705,0.1703719561252193,0.010541641630325935,4.912681173479674e-6,1.3925216457948684e-17,1.0003162251529218,1.0217640067367029e-5,0.00017751078282683664,534,16020,534,2.5830770429630894
0.04603892005465563,0.17041246089297105,0.010556336729775103,4.912681173479673e-6,1.3830254303087295e-17,1.0003164378111762,8.073863000390702e-6,0.0001778777598379858,535,16050,535,2.421888331095894
0.04612497411083256,0.1704531051110742,0.010571035349474423,4.912681173479674e-6,1.3599906907555712e-17,1.0003166093093545,8.396678907729438e-6,0.0001782450016553549,536,16080,536,2.34382946065229
0.046211028167009484,0.1704938937918795,0.010585737491156266,4.912681173479675e-6,1.4419301075443116e-17,1.0003168404656617,9.7099466245254e-6,0.0001786125142814996,537,16110,537,2.457470256389449
0.04629708222318641,0.17053484580830464,0.010600443178199855,4.912681173479673e-6,1.3176345870856354e-17,1.0003170718557035,9.116870103298425e-6,0.0001789803272489803,538,16140,538,2.624902041417846
0.046383136279363336,0.17057597486956735,0.010615152416248696,4.912681173479673e-6,1.3316098513857651e-17,1.000317264773943,8.4249647187562e-6,0.00017934845411325272,539,16170,539,2.528260197285659
0.04646919033554026,0.17061728491442163,0.010629865238641014,4.912681173479673e-6,1.351776842826437e-17,1.000317418232499,8.574485832468781e-6,0.0001797169028139012,540,16200,540,2.641747034615981
0.04655524439171719,0.17065879241938334,0.010644581667539708,4.912681173479675e-6,1.3330516835394892e-17,1.0003176442775852,9.574855397431747e-6,0.0001800856841614759,541,16230,541,2.667326432578509
0.046641298447894115,0.17070050754846466,0.010659301712769758,4.912681173479673e-6,1.3200832260679727e-17,1.000317859073384,8.370780690825086e-6,0.00018045480791380287,542,16260,542,2.6030021209846375
0.04672735250407104,0.17074244962099727,0.010674025384876848,4.912681173479673e-6,1.3223328048757093e-17,1.000318036560069,9.1801258150781e-6,0.00018082430659623484,543,16290,543,2.6620288031780093
0.04681340656024797,0.1707846338995826,0.010688752718055528,4.912681173479673e-6,1.3678055971658112e-17,1.0003181758290078,8.020239761208359e-6,0.00018119419798621163,544,16320,544,2.1946976866768435
0.046899460616424894,0.17082705664754866,0.01070348373642544,4.912681173479673e-6,1.2308400961244456e-17,1.000318396932712,7.563877346683512e-6,0.00018156447939594148,545,16350,545,2.190589292095959
0.04698551467260182,0.17086972887335322,0.010718218455375765,4.912681173479673e-6,1.3779548270205447e-17,1.0003185944482451,8.778402005304997e-6,0.00018193516981983456,546,16380,546,2.596568690774173
0.04707156872877875,0.17091265181545728,0.010732956875294054,4.912681173479673e-6,1.3587972139791444e-17,1.0003187540661178,1.0003916628420484e-5,0.0001823062647183743,547,16410,547,2.693005215024171
0.04715762278495567,0.17095583736828326,0.010747699041359554,4.912681173479674e-6,1.3948644182917822e-17,1.00031887403548,8.075685542507927e-6,0.00018267778562465527,548,16440,548,2.3708169080896497
0.0472436768411326,0.17099929566632072,0.010762444958845497,4.912681173479674e-6,1.41386398892454e-17,1.0003190832774198,9.052504168494124e-6,0.00018304974359163476,549,16470,549,2.6974843465302674
0.047329730897309526,0.17104302569204355,0.010777194664303776,4.912681173479673e-6,1.4803069725616662e-17,1.0003192586792276,7.44061239288385e-6,0.0001834221376782816,550,16500,550,2.3410583030932317
0.04741578495348645,0.17108701618820177,0.010791948156579967,4.912681173479673e-6,1.4722985376978043e-17,1.000319395558086,8.487709379778607e-6,0.00018379495707177807,551,16530,551,2.3723674365602485
0.04750183900966338,0.17113126400080778,0.010806705486980438,4.912681173479675e-6,1.255632802861037e-17,1.0003195019854894,1.0117906157347534e-5,0.0001841682059033434,552,16560,552,2.496252246705432
0.047587893065840305,0.17117576697583967,0.010821466635307668,4.912681173479674e-6,1.4686814802535705e-17,1.0003196955698712,8.46802095111343e-6,0.0001845418763115776,553,16590,553,2.4021983135276392
0.04767394712201723,0.17122053785902266,0.010836231667958345,4.912681173479674e-6,1.4639734728461384e-17,1.0003198539549762,9.627541430745623e-6,0.00018491598983548464,554,16620,554,2.547148301581905
0.04776000117819416,0.17126557053550268,0.010851000585535665,4.912681173479674e-6,1.4180017813590982e-17,1.0003199766278905,9.548157464678297e-6,0.00018529053470312985,555,16650,555,2.4756935568861635
0.047846055234371083,0.1713108874429598,0.010865773420203197,4.912681173479674e-6,1.442894767860342e-17,1.000320082196393,9.486535645919503e-6,0.00018566555035641344,556,16680,556,2.707126150390534
0.04793210929054801,0.17135646952902614,0.01088055017593274,4.912681173479673e-6,1.3985553949112097e-17,1.0003202621447989,8.456780534515929e-6,0.00018604101586749324,557,16710,557,2.3933517603482932
0.048018163346724936,0.17140233465386942,0.010895330879203654,4.912681173479674e-6,1.3957198367496707e-17,1.0003204082254669,9.289962576986e-6,0.00018641695089873314,558,16740,558,2.637121950778071
0.04810421740290186,0.17144848506341884,0.010910115565255996,4.912681173479673e-6,1.2825580484825985e-17,1.0003205195724125,9.61537196531026e-6,0.0001867933774394204,559,16770,559,2.58198148347757
0.04819027145907879,0.1714949171156026,0.010924904261406417,4.912681173479673e-6,1.3427878474161591e-17,1.0003206215287497,9.094333819348321e-6,0.0001871702848015961,560,16800,560,2.657363251749464
0.048276325515255715,0.17154163825711147,0.01093969701104121,4.912681173479673e-6,1.2866083722025537e-17,1.000320787794644,8.972437370857733e-6,0.00018754768318210628,561,16830,561,2.682583479396061
0.04836237957143264,0.17158864770657717,0.010954493800737302,4.912681173479672e-6,1.3065448412504081e-17,1.0003209195523168,1.0310849773986774e-5,0.00018792555961701167,562,16860,562,2.6778836472221337
0.04844843362760957,0.17163596320109978,0.010969294691229745,4.912681173479673e-6,1.3193986951052612e-17,1.0003210157084552,1.0032248098923446e-5,0.00018830394477946746,563,16890,563,2.5576138943221163
0.048534487683786494,0.17168356962462872,0.010984099708876526,4.912681173479675e-6,1.421017006069851e-17,1.000321108787325,9.90589015259502e-6,0.00018868282140412928,564,16920,564,2.4703637380748913
0.04862054173996342,0.17173148360777887,0.01099890887168584,4.912681173479675e-6,1.4576023512985856e-17,1.0003212567259183,1.1340178573959747e-5,0.00018906221800690123,565,16950,565,2.7312463278110535
0.048706595796140346,0.17177968925321305,0.011013722207062608,4.912681173479674e-6,1.3532430721758469e-17,1.000321370316845,9.694569769180816e-6,0.00018944211230547314,566,16980,566,2.5346325887688854
0.04879264985231727,0.17182819089542956,0.011028539741417764,4.912681173479673e-6,1.5382064068662687e-17,1.000321449482314,9.42802884651428e-6,0.00018982251580908116,567,17010,567,2.687549810702273
0.0488787039084942,0.1718769829058564,0.011043361475291523,4.912681173479673e-6,1.4142432464439364e-17,1.000321534199322,8.896380876421972e-6,0.00019020343001301267,568,17040,568,2.487677386589233
0.048964757964671125,0.17192605797112465,0.011058187484964784,4.912681173479673e-6,1.3119499480839238e-17,1.0003216634392795,8.038442445013061e-6,0.00019058485294697625,569,17070,569,2.2706438629412973
0.04905081202084805,0.17197538527858214,0.01107301775107775,4.912681173479673e-6,1.3493781169926121e-17,1.0003217589709923,9.955526536487014e-6,0.00019096675201565595,570,17100,570,2.5235445338428213
0.04913686607702498,0.17202494027636592,0.011087852270218992,4.912681173479673e-6,1.5004089606307533e-17,1.0003218206347422,1.0056231758426293e-5,0.0001913491067392378,571,17130,571,2.4503871181731536
0.049222920133201904,0.17207472060435577,0.011102691093580237,4.912681173479674e-6,1.4717010300655356e-17,1.0003218966751446,1.0128775329576456e-5,0.00019173193233516136,572,17160,572,2.7283895743032476
0.04930897418937883,0.17212470910754454,0.011117534226135074,4.912681173479674e-6,1.1964103302944891e-17,1.000322008430174,9.083633045747774e-6,0.0001921152076160046,573,17190,573,2.6809123089087454
0.04939502824555576,0.1721748940353959,0.011132381696996912,4.912681173479673e-6,1.479173307962621e-17,1.0003220872116831,9.155335334298798e-6,0.00019249891580087682,574,17220,574,2.5418962314469145
0.04948108230173268,0.1722252732316075,0.011147233531966626,4.912681173479673e-6,1.3972980657925857e-17,1.0003221324799794,1.063149888125281e-5,0.00019288305049417986,575,17250,575,2.5287282799154016
0.04956713635790961,0.17227584263898899,0.011162089734443815,4.912681173479674e-6,1.431313039750087e-17,1.0003222032771455,9.804261225099253e-6,0.0001932676066944757,576,17280,576,2.7099595832005723
0.049653190414086536,0.17232661372290736,0.011176950342364395,4.912681173479674e-6,1.3059968342895926e-17,1.0003222987410054,9.376785925496733e-6,0.0001936526052507613,577,17310,577,2.8018614664742625
0.04973924447026346,0.17237759227540767,0.011191815340673409,4.912681173479673e-6,1.5269794311058448e-17,1.0003223638687937,9.853700078110705e-6,0.00019403803790466397,578,17340,578,2.7496676931460655
0.04982529852644039,0.17242879716295045,0.011206684787051148,4.912681173479673e-6,1.443671889628782e-17,1.0003223968318837,9.86290302762427e-6,0.00019442393641095425,579,17370,579,2.788023384329302
0.049911352582617315,0.17248020393516209,0.01122155867907386,4.912681173479674e-6,1.3483100999192009e-17,1.000322463776133,8.531846518167185e-6,0.0001948102861711038,580,17400,580,2.514408838944822
0.04999740663879424,0.172531797059688,0.011236437028568856,4.912681173479674e-6,1.4201122662540232e-17,1.0003225455124165,8.71849152872528e-6,0.00019519709521947327,581,17430,581,2.596783220018557
0.05008346069497117,0.17258354697667727,0.011251319831381433,4.912681173479673e-6,1.4883266299454403e-17,1.0003225973079193,9.224640251659366e-6,0.00019558432814610364,582,17460,582,2.70365667002776
0.050169514751148094,0.17263543703910583,0.01126620709582242,4.912681173479673e-6,1.430670092506182e-17,1.0003226192038162,1.0611094936052723e-5,0.00019597196826704803,583,17490,583,2.712018104041921
0.05025556880732502,0.17268745560158422,0.011281098863830046,4.912681173479675e-6,1.4363755868119356e-17,1.0003226835487438,1.0122391103095651e-5,0.00019636000584773993,584,17520,584,2.7470776042233513
0.050341622863501946,0.17273959950921647,0.01129599515155963,4.912681173479675e-6,1.496871026091841e-17,1.0003227526816023,1.0118787940882612e-5,0.0001967484386911322,585,17550,585,2.8062907237648727
0.05042767691967887,0.17279187934913598,0.011310895963159337,4.912681173479674e-6,1.573764874372852e-17,1.0003227916068733,9.335278861044571e-6,0.00019713727360247025,586,17580,586,2.37860006638824
0.0505137309758558,0.1728443088297877,0.011325801301833534,4.912681173479674e-6,1.4098519893364007e-17,1.0003228008294784,8.903424486561562e-6,0.00019752652554168716,587,17610,587,2.365758960180353
0.050599785032032725,0.17289687374634538,0.011340711194391034,4.912681173479673e-6,1.474905409651793e-17,1.000322857240669,1.0613221590460853e-5,0.00019791616583750144,588,17640,588,2.7607140934218286
0.05068583908820965,0.17294958790255896,0.01135562564179661,4.912681173479673e-6,1.510841592230267e-17,1.0003229101685884,1.0209331691157786e-5,0.0001983062270352071,589,17670,589,2.7688483671278976
0.05077189314438658,0.17300243196466591,0.01137054467681437,4.912681173479673e-6,1.4553105316052573e-17,1.0003229322770317,9.413850676764923e-6,0.000198696684577875,590,17700,590,2.7804498877822605
0.050857947200563504,0.1730553933324835,0.01138546828873734,4.912681173479673e-6,1.2301629672025366e-17,1.000322922785717,9.506744191867256e-6,0.00019908752017993328,591,17730,591,2.7820749638981246
0.05094400125674043,0.1731084584058917,0.011400396483766975,4.912681173479673e-6,1.5204777221467927e-17,1.000322967880095,1.080919744822495e-5,0.00019947873078147603,592,17760,592,2.766953344727838
0.051030055312917356,0.17316161310634726,0.011415329275980641,4.912681173479673e-6,1.4680522299184693e-17,1.0003230002526209,1.034553562817564e-5,0.00019987030653519035,593,17790,593,2.8182684587813283
0.05111610936909428,0.17321482390782517,0.011430266668496137,4.912681173479673e-6,1.418881677819755e-17,1.0003230031956578,9.517860632968222e-6,0.00020026219931379492,594,17820,594,2.5333968750811207
0.05120216342527121,0.1732680744855735,0.011445208654222633,4.912681173479673e-6,1.5504279774948346e-17,1.00032297625171,9.569637526851693e-6,0.00020065440517883109,595,17850,595,2.6250482841116334
0.051288217481448135,0.17332134308980465,0.011460155238797976,4.912681173479673e-6,1.515628620931729e-17,1.0003230178150904,1.0071411793433072e-5,0.00020104690088303652,596,17880,596,2.6960336628621473
0.05137427153762506,0.17337462284043337,0.01147510643609605,4.912681173479673e-6,1.4592558961861115e-17,1.0003230376515657,9.221064800613021e-6,0.00020143968639616328,597,17910,597,2.628397545291535
0.05146032559380199,0.1734278956364873,0.011490062239043627,4.912681173479673e-6,1.2237562794001974e-17,1.0003230305367532,8.561668352058405e-6,0.00020183272079005255,598,17940,598,2.5356699975936485
0.051546379649978914,0.17348117298147567,0.011505022673941195,4.912681173479674e-6,1.518351248817329e-17,1.0003230026945373,9.298550196490396e-6,0.0002022260391747204,599,17970,599,2.5136177376512054
0.05163243370615584,0.17353444355578745,0.011519987713193739,4.912681173479674e-6,1.4944380110868264e-17,1.0003230383265076,9.223032293448341e-6,0.00020261963252590786,600,18000,600,2.7941473802933445
0.05171848776233277,0.17358770012149174,0.011534957368573772,4.912681173479673e-6,1.421469710139805e-17,1.0003230479543406,9.643254372804222e-6,0.00020301350054079137,601,18030,601,2.7515354110249213
0.05180454181850969,0.17364093726962487,0.011549931621597993,4.912681173479673e-6,1.2788269889050243e-17,1.0003230305849664,1.010975552162563e-5,0.00020340764091693613,602,18060,602,2.640451717915783
0.05189059587468662,0.1736941565348524,0.011564910491614417,4.912681173479673e-6,1.4549415015325174e-17,1.0003229985704258,9.584394433659327e-6,0.00020380207318937635,603,18090,603,2.5775502901300458
0.051976649930863546,0.17374731568521207,0.011579893955259669,4.912681173479673e-6,1.4967481910496975e-17,1.000323017649558,1.029855312140171e-5,0.0002041967255452069,604,18120,604,2.607854829495726
0.05206270398704047,0.1738004321852447,0.011594882008594242,4.912681173479673e-6,1.390573302326449e-17,1.0003230111007635,8.82018724723821e-6,0.00020459164922378517,605,18150,605,2.573180045367051
0.0521487580432174,0.1738534759677934,0.01160987462593953,4.912681173479674e-6,1.5091689768914692e-17,1.0003229785969097,8.944080320816283e-6,0.00020498679019247395,606,18180,606,2.5609437323741395
0.052234812099394325,0.1739064534389614,0.011624871838358485,4.912681173479673e-6,1.4574423053170376e-17,1.0003229427588851,8.796162376256689e-6,0.00020538215335891494,607,18210,607,2.467016569704686
0.05232086615557125,0.17395935835998141,0.011639873626327818,4.912681173479674e-6,1.469039511550308e-17,1.0003229490858634,8.524100181261929e-6,0.00020577771817889033,608,18240,608,2.3962520738683186
0.05240692021174818,0.17401220537987902,0.01165488001185952,4.912681173479673e-6,1.2030519526752593e-17,1.0003229312675692,9.206107876025271e-6,0.00020617350892172915,609,18270,609,2.5132320374207215
0.052492974267925104,0.17406500378451167,0.011669890972908995,4.912681173479674e-6,1.3856984245987696e-17,1.0003228890606841,9.110236476317368e-6,0.0002065695292773087,610,18300,610,2.7494342007082446
0.05257902832410203,0.17411776602931556,0.011684906519405546,4.912681173479674e-6,1.611476334227518e-17,1.0003228520013399,1.0103949676931734e-5,0.00020696580879961656,611,18330,611,2.704314714632642
0.052665082380278956,0.174170485433437,0.011699926632650801,4.912681173479674e-6,1.2844442804924221e-17,1.0003228447549564,9.780479004461995e-6,0.00020736233470163603,612,18360,612,2.7598983707630484
0.05275113643645588,0.17422314426916133,0.011714951309808173,4.912681173479673e-6,1.2240114393413592e-17,1.0003228127209889,1.0678473216785278e-5,0.00020775909482712268,613,18390,613,2.790597577059182
0.05283719049263281,0.1742757138860121,0.01172998052457114,4.912681173479674e-6,1.5432123317204923e-17,1.0003227556045704,9.442079829113936e-6,0.0002081560698208131,614,18420,614,2.6596536569193745
0.052923244548809735,0.17432818705303166,0.011745014279395226,4.912681173479674e-6,1.4498938743707523e-17,1.00032271035089,1.0070928624372755e-5,0.00020855325486125528,615,18450,615,2.8031356338296955
0.05300929860498666,0.17438053578968352,0.01176005254732042,4.912681173479674e-6,1.2258435454352363e-17,1.0003226843684785,1.051394988849097e-5,0.00020895060420195307,616,18480,616,2.7414577248691256
0.05309535266116359,0.17443274380741838,0.011775095321731441,4.912681173479673e-6,1.287301363296621e-17,1.0003226341297702,8.168798970586977e-6,0.00020934809149700595,617,18510,617,2.2500944233127567
0.053181406717340514,0.17448481570488064,0.011790142632346243,4.912681173479673e-6,1.4644845295070986e-17,1.000322558932429,8.586746957917057e-6,0.00020974573833342652,618,18540,618,2.358322317489422
0.05326746077351744,0.17453674725982624,0.011805194417931887,4.912681173479674e-6,1.2867867518896801e-17,1.0003225087522536,9.993483729431318e-6,0.00021014351621811693,619,18570,619,2.507712434427943
0.053353514829694366,0.1745885692017747,0.011820250695936582,4.912681173479673e-6,1.2305775357238982e-17,1.0003224661874857,9.767566666596394e-6,0.00021054147660437098,620,18600,620,2.6178370912895788
0.05343956888587129,0.17464027066994425,0.011835311461909356,4.912681173479673e-6,1.4549147720439467e-17,1.0003224010833136,1.014488972828076e-5,0.0002109395955986307,621,18630,621,2.7732712274322053
0.05352562294204822,0.17469185756736014,0.011850376732911738,4.912681173479673e-6,1.371549473884376e-17,1.0003223124365337,1.0926751059514572e-5,0.00021133788654834412,622,18660,622,2.683057550016769
0.053611676998225145,0.1747433001955686,0.011865446450995784,4.912681173479674e-6,1.341141491026294e-17,1.000322260678408,9.908499976063467e-6,0.00021173632055818977,623,18690,623,2.6419602454332622
0.05369773105440207,0.17479459677259204,0.01188052059348997,4.912681173479674e-6,1.2452323099174393e-17,1.0003222018012772,1.024060409804406e-5,0.0002121349059723172,624,18720,624,2.715243235205376
0.053783785110579,0.17484573146455737,0.011895599157036125,4.912681173479673e-6,1.530499119481278e-17,1.0003221208353494,9.490810981560571e-6,0.00021253364143595241,625,18750,625,2.7608745400245973
0.053869839166755924,0.17489668793449265,0.011910682129711945,4.912681173479673e-6,1.2805153205918981e-17,1.0003220175925904,9.549857423962749e-6,0.00021293249266897876,626,18780,626,2.8043171159593996
0.05395589322293285,0.17494747332058191,0.01192576950052243,4.912681173479673e-6,1.2736847415778312e-17,1.0003219618035426,9.550299751026614e-6,0.00021333146099031011,627,18810,627,2.703572384824384
0.05404194727910978,0.17499809337372105,0.011940861249545286,4.912681173479673e-6,1.2417976676826567e-17,1.0003218860352578,9.892304575487287e-6,0.00021373055907903315,628,18840,628,2.7949174968810317
0.0541280013352867,0.1750485466345314,0.011955957368834081,4.912681173479673e-6,1.580065064400728e-17,1.0003217896479177,8.393557493491244e-6,0.00021412978015939032,629,18870,629,2.397033588465898
0.05421405539146363,0.17509884870641587,0.01197105786579128,4.912681173479673e-6,1.3411441715955896e-17,1.0003216891803115,1.0417614504376616e-5,0.0002145291452296574,630,18900,630,2.4719151466558955
0.054300109447640556,0.17514901048419526,0.011986162716098838,4.912681173479674e-6,1.3184613351383994e-17,1.0003216187537225,9.24814997915746e-6,0.00021492867192075067,631,18930,631,2.576042947147419
0.05438616350381748,0.1751989926463927,0.012001271895040933,4.912681173479673e-6,1.2106947165180902e-17,1.000321529007729,9.82664616344664e-6,0.00021532828849417162,632,18960,632,2.5610207070736393
0.05447221755999441,0.17524879843828262,0.01201638540002209,4.912681173479673e-6,1.5783181261594814e-17,1.0003214185711613,1.0001527783742858e-5,0.00021572801049290076,633,18990,633,2.673917234365465
0.054558271616171335,0.1752984139287753,0.012031503181092706,4.912681173479673e-6,1.3579691998443805e-17,1.0003213208716413,1.0001836869832914e-5,0.00021612782473137695,634,19020,634,2.8301648079917148
0.05464432567234826,0.17534781864993412,0.012046625243671491,4.912681173479674e-6,1.2605600497948417e-17,1.0003212324354573,1.0620718882137226e-5,0.0002165277156338374,635,19050,635,2.867169015776409
0.05473037972852519,0.17539697256002082,0.012061751555384283,4.912681173479673e-6,1.207509507234957e-17,1.0003211230653948,1.0143699569198361e-5,0.00021692762592769304,636,19080,636,2.8710064910794584
0.054816433784702114,0.17544586521207958,0.012076882111186663,4.912681173479674e-6,1.5470232778129167e-17,1.0003209937020439,9.742700513015734e-6,0.0002173275325936687,637,19110,637,2.738224890877307
0.05490248784087904,0.17549449161401573,0.012092016906938735,4.912681173479673e-6,1.3508740447616627e-17,1.000320895271212,9.042274484727386e-6,0.0002177274388226941,638,19140,638,2.6375671622155155
0.054988541897055966,0.1755428636206858,0.012107155896443194,4.912681173479673e-6,1.2845804795842489e-17,1.0003207847772932,8.40982892214015e-6,0.00021812734680304706,639,19170,639,2.53968186449789
0.05507459595323289,0.17559097145614425,0.012122299075447018,4.912681173479673e-6,1.2209961793367884e-17,1.0003206558288653,9.228089226098746e-6,0.00021852725729353578,640,19200,640,2.3766963080287913
0.05516065000940982,0.17563879016086456,0.012137446391230279,4.912681173479674e-6,1.5564597138403277e-17,1.0003205259452754,9.408346812733726e-6,0.00021892713037702756,641,19230,641,2.825474743853944
0.055246704065586745,0.17568628943879036,0.012152597819816485,4.912681173479673e-6,1.339697587201884e-17,1.0003204152740348,9.64865414232463e-6,0.00021932693538677988,642,19260,642,2.698468041891593
0.05533275812176367,0.17573345763958448,0.012167753342346887,4.912681173479673e-6,1.3048307741506346e-17,1.0003202877550996,9.118651433936975e-6,0.00021972666293814029,643,19290,643,2.6840623198334765
0.0554188121779406,0.17578028504263665,0.012182912938369867,4.912681173479673e-6,1.2436483152647858e-17,1.0003201412701064,1.0126397143039867e-5,0.0002201262942857434,644,19320,644,2.739670099883203
0.055504866234117524,0.17582676884600051,0.012198076566258481,4.912681173479674e-6,1.4735862101052317e-17,1.0003200186964003,1.0629573665710268e-5,0.00022052583028590197,645,19350,645,2.726969882645911
0.05559092029029445,0.17587292859987522,0.012213244232617363,4.912681173479674e-6,1.3222366247597643e-17,1.000319885987103,8.925830385919653e-6,0.0002209252962807045,646,19380,646,2.7425142351281506
0.055676974346471376,0.17591875307948496,0.01222841584766144,4.912681173479674e-6,1.2516181812256298e-17,1.0003197354087512,1.036636305684624e-5,0.00022132467534754092,647,19410,647,2.6834067511783775
0.0557630284026483,0.17596424732386634,0.01224359141314432,4.912681173479674e-6,1.2922641457269309e-17,1.0003195907854183,9.96602480540787e-6,0.00022172397050713232,648,19440,648,2.7022641557205915
0.05584908245882523,0.1760094126019692,0.012258770918240574,4.912681173479674e-6,1.546521269333151e-17,1.0003194526603056,1.1190299176178087e-5,0.00022212318086044176,649,19470,649,2.760370006940716
0.055935136515002155,0.17605424089653526,0.01227395432557254,4.912681173479674e-6,1.303465555238587e-17,1.0003192971944017,1.024251119474684e-5,0.00022252228989813526,650,19500,650,2.7686409129332845
0.05602119057117908,0.1760987383624046,0.0122891415813353,4.912681173479673e-6,1.2313638331355044e-17,1.0003191396722386,9.416681308493935e-6,0.00022292131626699418,651,19530,651,2.813832573665026
0.05610724462735601,0.1761428878184856,0.012304332664766084,4.912681173479673e-6,1.2922777328987431e-17,1.0003189964135184,9.750954887977059e-6,0.00022332022912292904,652,19560,652,2.7558974556869527
0.056193298683532934,0.17618668403414034,0.012319527546170382,4.912681173479673e-6,1.5134093085208816e-17,1.0003188372303538,1.089647554408657e-5,0.0002237190269714638,653,19590,653,2.7133737245445873
0.05627935273970986,0.17623009493820913,0.012334726219298629,4.912681173479673e-6,1.249787218463455e-17,1.0003186741414711,9.859002148004947e-6,0.00022411766734665075,654,19620,654,2.698079573491685
0.05636540679588679,0.17627312024643216,0.012349928617584393,4.912681173479673e-6,1.2482640149781643e-17,1.0003185229797869,9.237255937932787e-6,0.00022451614777654262,655,19650,655,2.649372925751743
0.05645146085206371,0.1763157660376934,0.012365134724439049,4.912681173479673e-6,1.3344552180677652e-17,1.0003183561046913,8.845535148793715e-6,0.00022491447104219236,656,19680,656,2.6309386699080113
0.05653751490824064,0.1763580261093858,0.01238034451217076,4.912681173479674e-6,1.528388325522661e-17,1.000318192709514,9.849248527871168e-6,0.0002253126247187536,657,19710,657,2.673300588760643
0.056623568964417566,0.17639989537044024,0.012395557929593473,4.912681173479674e-6,1.2568270196853432e-17,1.000318032054542,1.0605874933844461e-5,0.00022571058435460285,658,19740,658,2.7881652664161636
0.05670962302059449,0.17644137938412308,0.012410774966221146,4.912681173479674e-6,1.2922926504839758e-17,1.0003178579633192,1.131654201458332e-5,0.000226108364384384,659,19770,659,2.913764574440369
0.05679567707677142,0.1764824644502732,0.012425995597326704,4.912681173479673e-6,1.3187459197538824e-17,1.0003177013488775,8.937710305190194e-6,0.00022650595455342968,660,19800,660,2.4468788145150286
0.056881731132948345,0.17652313213445514,0.012441219786768066,4.912681173479673e-6,1.637261634806233e-17,1.000317531151726,9.084016738825085e-6,0.00022690334024246314,661,19830,661,2.455605734817836
0.05696778518912527,0.17656335392987135,0.012456447463098468,4.912681173479673e-6,1.313377341125214e-17,1.0003173731434218,8.874243917489366e-6,0.00022730048815826402,662,19860,662,2.439688015676912
0.0570538392453022,0.17660311180587945,0.01247167861297856,4.912681173479673e-6,1.2584117171637546e-17,1.0003172057774796,9.20084914923791e-6,0.00022769738222600162,663,19890,663,2.412914116526111
0.057139893301479124,0.17664236882594403,0.012486913167634913,4.912681173479674e-6,1.3005196956673373e-17,1.0003170534898627,9.147839818979264e-6,0.00022809396118635115,664,19920,664,2.449146269962231
0.05722594735765605,0.17668112734844219,0.012502151087902875,4.912681173479673e-6,1.6032182134560845e-17,1.0003169018567637,9.480535112516009e-6,0.00022849024116381695,665,19950,665,2.5111124242748994
0.057312001413832976,0.1767193773958376,0.012517392365412206,4.912681173479673e-6,1.3266286452353035e-17,1.0003167585876616,8.576621723932476e-6,0.00022888620462634148,666,19980,666,2.4654534569026723
0.0573980554700099,0.1767571392814615,0.012532636941177835,4.912681173479674e-6,1.2841228853902475e-17,1.0003166292608385,8.30318640510086e-6,0.0002292818734317317,667,20010,667,2.4902788718892084
0.05748410952618683,0.17679442200866977,0.012547884777188717,4.912681173479673e-6,1.308551961140615e-17,1.000316516964099,1.148477366541556e-5,0.00022967726227206568,668,20040,668,2.52531271154778
0.057570163582363755,0.17683122431879644,0.012563135809859557,4.912681173479675e-6,1.6232319375163996e-17,1.0003164216741742,9.80751977408545e-6,0.00023007236188990945,669,20070,669,2.5804783795880444
0.05765621763854068,0.17686755197003567,0.012578390024887674,4.912681173479673e-6,1.3355296208053048e-17,1.0003163422337926,9.957389579540177e-6,0.00023046717472464376,670,20100,670,2.623448430129244
0.05774227169471761,0.17690341883520247,0.01259364735033189,4.912681173479674e-6,1.252941643453312e-17,1.0003162758245476,9.018557989293186e-6,0.00023086170923291804,671,20130,671,2.7766488661079034
0.057828325750894534,0.17693883377280714,0.01260890775260256,4.912681173479674e-6,1.2175662119949803e-17,1.0003162181320782,9.520675803287304e-6,0.00023125594641162329,672,20160,672,2.6064852805496646
0.05791437980707146,0.17697382347110155,0.012624171216972667,4.912681173479673e-6,1.5139507510384347e-17,1.0003161651564045,1.0530315108780997e-5,0.00023164991993805632,673,20190,673,2.5842968873584455
0.058000433863248387,0.17700839480449126,0.012639437713212836,4.912681173479673e-6,1.3376027103379049e-17,1.0003161301128953,9.98590365952623e-6,0.00023204363241845726,674,20220,674,2.604773984823609
0.05808648791942531,0.17704257556157157,0.012654707202467638,4.912681173479674e-6,1.2577594470248361e-17,1.0003160972371994,9.773334852525295e-6,0.000232437118725586,675,20250,675,2.651414635962983
0.05817254197560224,0.17707636849768346,0.012669979660439944,4.912681173479673e-6,1.2239600451652963e-17,1.0003160648183191,8.924911298890947e-6,0.00023283039929173626,676,20280,676,2.5898580229839703
0.058258596031779165,0.17710974539479166,0.012685255033276638,4.912681173479674e-6,1.499622128553611e-17,1.0003160498719317,9.280180357507106e-6,0.00023322343092494478,677,20310,677,2.609897982257206
0.05834465008795609,0.17714268180287263,0.012700533257486282,4.912681173479674e-6,1.5121613674981145e-17,1.00031602628297,1.195584431457064e-5,0.0002336161869356496,678,20340,678,2.678728208097238
0.05843070414413302,0.17717515351544438,0.012715814330535175,4.912681173479675e-6,1.3108384450231347e-17,1.0003160219834717,9.517593113628209e-6,0.00023400865319016029,679,20370,679,2.7615124807235767
0.058516758200309944,0.1772071710302656,0.012731098171627396,4.912681173479673e-6,1.2179644917852362e-17,1.0003160095770927,1.0176816545026668e-5,0.00023440084073942345,680,20400,680,2.8697283666910147
0.05860281225648687,0.17723871885935202,0.012746384757749736,4.912681173479673e-6,1.5530453321603438e-17,1.0003160117792853,1.120073065408178e-5,0.0002347927256253874,681,20430,681,2.8497224736446687
0.0586888663126638,0.17726980656246819,0.012761674061498113,4.912681173479673e-6,1.5352793059194575e-17,1.0003160070807955,1.0911949033243218e-5,0.0002351842948971486,682,20460,682,2.891723762309248
0.05877492036884072,0.17730043428968573,0.012776966023958981,4.912681173479673e-6,1.3775823373967373e-17,1.000316017030855,1.1652117848370835e-5,0.00023557556203069775,683,20490,683,2.867810768505477
0.05886097442501765,0.17733060370353013,0.012792260618717868,4.912681173479674e-6,1.2343752044010118e-17,1.00031601771962,1.0804269834352453e-5,0.00023596651172546612,684,20520,684,2.9345793239537756
0.058947028481194576,0.17736034188156571,0.012807557815208514,4.912681173479674e-6,1.552234323365716e-17,1.0003160359188803,9.189975003209838e-6,0.00023635717902589082,685,20550,685,2.3584984010630703
0.0590330825373715,0.17738967822235296,0.012822857595721566,4.912681173479674e-6,1.546750179676056e-17,1.0003160392783037,1.034351626572061e-5,0.00023674759602838533,686,20580,686,2.9162834610974837
0.05911913659354843,0.17741860514593752,0.012838159878217745,4.912681173479674e-6,1.2592108384290538e-17,1.00031606664216,9.29731456267291e-6,0.00023713773526322599,687,20610,687,2.364181653685014
0.059205190649725355,0.17744711362586743,0.012853464659517361,4.912681173479675e-6,1.2148994788717627e-17,1.0003160743892165,1.4289119576460507e-5,0.00023752757485191492,688,20640,688,2.9530535346951003
0.05929124470590228,0.17747520384185034,0.012868771885841474,4.912681173479673e-6,1.6580367332716527e-17,1.0003161078140048,7.85015430437852e-6,0.00023791711246056357,689,20670,689,2.364231257054994
0.05937729876207921,0.17750287598405937,0.012884081516993523,4.912681173479674e-6,1.5499324886677546e-17,1.0003161253368138,1.0162138863734071e-5,0.00023830636357329043,690,20700,690,2.372851490467758
0.059463352818256134,0.1775301126034903,0.012899393519949733,4.912681173479673e-6,1.2746719204479817e-17,1.0003161575681254,1.0857478116577113e-5,0.0002386953091161356,691,20730,691,2.9016404376798777
0.05954940687443306,0.17755691396703194,0.012914707888995748,4.912681173479674e-6,1.2124879517157656e-17,1.0003161872143356,9.472094575357914e-6,0.0002390839543058321,692,20760,692,2.344344685545235
0.059635460930609986,0.17758329140320556,0.012930024581314613,4.912681173479673e-6,1.6359485171167217e-17,1.0003162151108047,1.260816162584888e-5,0.00023947230541616552,693,20790,693,2.9141704156415056
0.05972151498678691,0.17760927398592388,0.012945343572149527,4.912681173479674e-6,1.5929288555786475e-17,1.0003162560584884,1.068375681256839e-5,0.00023986040020482975,694,20820,694,2.9133134797874676
0.05980756904296384,0.17763486405724924,0.012960664816888203,4.912681173479673e-6,1.4574064260831825e-17,1.0003162770051595,1.1386281784098173e-5,0.00024024823112262788,695,20850,695,2.837076703707265
0.059893623099140765,0.17766007022352473,0.012975988258406925,4.912681173479675e-6,1.2198840173369692e-17,1.0003163298949962,9.356790897641076e-6,0.0002406357903224868,696,20880,696,2.740268199410607
0.05997967715531769,0.17768488806314392,0.012991313874975503,4.912681173479673e-6,1.5936893189655565e-17,1.0003163618359232,1.1073127126337567e-5,0.0002410230732460862,697,20910,697,2.777836419027292
0.06006573121149462,0.17770932444594012,0.013006641635627174,4.912681173479674e-6,1.6396039264181147e-17,1.0003164055178075,1.2550567163316373e-5,0.00024141008329318933,698,20940,698,2.6874696572450647
0.060151785267671544,0.17773337773659406,0.013021971510724411,4.912681173479673e-6,1.5209512328684917e-17,1.0003164493989405,8.770388859602463e-6,0.00024179683224948261,699,20970,699,2.757203314469691
0.06023783932384847,0.17775703780902957,0.01303730344778904,4.912681173479674e-6,1.2331085545912667e-17,1.0003164811464529,1.1358051921206425e-5,0.00024218330867330307,700,21000,700,2.8012455998625696
0.060323893380025397,0.17778031175929235,0.013052637412277477,4.912681173479674e-6,1.49759366712413e-17,1.000316538447244,9.984838555965325e-6,0.00024256950726607278,701,21030,701,2.784112956577229
0.06040994743620232,0.17780322115276861,0.013067973391681592,4.912681173479673e-6,1.6260195318539624e-17,1.0003165740804982,1.1348188166948603e-5,0.00024295546746594946,702,21060,702,2.915380449002772
0.06049600149237925,0.17782575924804447,0.013083311343100226,4.912681173479673e-6,1.491195488288355e-17,1.0003166261856111,1.2050905695559777e-5,0.00024334117550605565,703,21090,703,2.8541326851461646
0.060582055548556175,0.17784792676979047,0.013098651255072744,4.912681173479673e-6,1.2541299993678823e-17,1.0003166748774535,1.0080853485305852e-5,0.00024372662464819308,704,21120,704,2.8936132697399803
0.0606681096047331,0.17786971889675718,0.013113993061754184,4.912681173479673e-6,1.4232348637178705e-17,1.0003167113332192,1.1638957886361823e-5,0.0002441117952127644,705,21150,705,2.8532662633498695
0.06075416366091003,0.17789114986098623,0.013129336736934874,4.912681173479674e-6,1.6082009170370732e-17,1.0003167743251762,9.450793214682562e-6,0.00024449670785382316,706,21180,706,2.8173577073924427
0.060840217717086954,0.17791222231157142,0.013144682257083358,4.912681173479673e-6,1.5119166186096827e-17,1.0003168156495053,1.279319690183911e-5,0.00024488135113618373,707,21210,707,2.9257008289451547
0.06092627177326388,0.17793295338823775,0.013160029604080307,4.912681173479673e-6,1.2940366701494496e-17,1.000316870450104,1.3420361710814177e-5,0.00024526575156693444,708,21240,708,2.8835294543614887
0.06101232582944081,0.17795335183597522,0.013175378755798406,4.912681173479674e-6,1.3203743545104869e-17,1.0003169253990984,1.0656707871703475e-5,0.0002456499026926864,709,21270,709,2.911380098610946
0.06109837988561773,0.17797343062125984,0.013190729644590697,4.912681173479673e-6,1.466808775582636e-17,1.0003169611040403,1.1420926426808364e-5,0.00024603383114811696,710,21300,710,2.855120436344537
0.06118443394179466,0.17799317567819098,0.013206082272387358,4.912681173479673e-6,1.4876692901360748e-17,1.0003170321056785,1.0457529953100675e-5,0.00024641752318764693,711,21330,711,2.798954947920006
0.061270487997971586,0.17801257142768762,0.013221436603558148,4.912681173479672e-6,1.2303448253451182e-17,1.0003170810725148,1.192094316593284e-5,0.00024680096822366106,712,21360,712,2.7649192957919753
0.06135654205414851,0.17803160930582407,0.013236792581996457,4.912681173479673e-6,1.2107809962729694e-17,1.0003171335162433,1.0090511892713039e-5,0.0002471841263881091,713,21390,713,2.5159926770410035
0.06144259611032544,0.17805030152226492,0.013252150216855867,4.912681173479673e-6,1.5287514433912476e-17,1.0003171982592067,9.207764151142328e-6,0.00024756703015972175,714,21420,714,2.6421677617733175
0.061528650166502365,0.17806869412419013,0.013267509470306502,4.912681173479675e-6,1.5441708879752814e-17,1.000317241323298,1.0311988773992198e-5,0.0002479497460496099,715,21450,715,2.9437808393461053
0.06161470422267929,0.1780867994994143,0.013282870331956666,4.912681173479674e-6,1.3820830423733813e-17,1.0003173095360733,1.2549902095315701e-5,0.00024833226722352486,716,21480,716,2.844162145193778
0.06170075827885622,0.17810461585477172,0.013298232753838216,4.912681173479673e-6,1.2181434308351394e-17,1.0003173686365405,1.2368722224209705e-5,0.00024871458405933825,717,21510,717,2.8223075121154597
0.061786812335033144,0.17812215894972094,0.01331359670284027,4.912681173479674e-6,1.54102306396292e-17,1.0003174139813358,9.199390405001395e-6,0.0002490967142529353,718,21540,718,2.5540968310715124
0.06187286639121007,0.17813941516471246,0.013328962171928591,4.912681173479673e-6,1.519846982787001e-17,1.000317490005192,1.0913583281535466e-5,0.00024947863923274164,719,21570,719,2.715903952297646
0.061958920447386996,0.17815638382788943,0.013344329162871415,4.912681173479673e-6,1.4872520296051247e-17,1.0003175437105005,9.804924161471718e-6,0.00024986037239601655,720,21600,720,2.647398359874454
0.06204497450356392,0.17817303645022978,0.013359697593545952,4.912681173479674e-6,1.2316875566210521e-17,1.0003176029680398,1.0433788588670723e-5,0.00025024187360427925,721,21630,721,2.709542152241913
0.06213102855974085,0.17818936729397145,0.013375067462680393,4.912681173479674e-6,1.6327932353484178e-17,1.0003176743421915,1.0807931971612561e-5,0.00025062315210530063,722,21660,722,2.756560946598607
0.062217082615917775,0.17820534862878532,0.01339043872263002,4.912681173479675e-6,1.52829469550891e-17,1.0003177237278955,1.1102936170459543e-5,0.00025100416441852424,723,21690,723,2.757994449107338
0.0623031366720947,0.1782209977225326,0.013405811345566033,4.912681173479674e-6,1.505429173418933e-17,1.000317796241146,1.102210731573905e-5,0.0002513849253460751,724,21720,724,2.876275587393504
0.06238919072827163,0.1782363354683595,0.013421185311814987,4.912681173479674e-6,1.2505968305161543e-17,1.0003178621259436,8.751280859087274e-6,0.00025176545113625394,725,21750,725,2.604471690902445
0.062475244784448554,0.17825141706141118,0.013436560621214517,4.912681173479674e-6,1.5940714121288757e-17,1.0003179061946248,1.1958411505474942e-5,0.00025214579088936177,726,21780,726,3.00799840947972
0.06256129884062549,0.17826630132563953,0.013451937246716084,4.912681173479674e-6,1.6120418869214477e-17,1.0003179882372197,1.4880303567110786e-5,0.00025252600058139863,727,21810,727,2.9150943432306944
0.06264735289680241,0.1782810169490162,0.013467315167405977,4.912681173479673e-6,1.471366199575263e-17,1.0003180476820537,1.2198772836313765e-5,0.00025290611170264004,728,21840,728,2.706849948058048
0.06273340695297934,0.17829557189225267,0.013482694386469462,4.912681173479674e-6,1.3608765966514453e-17,1.0003181016503988,1.0942026307247943e-5,0.0002532861498288341,729,21870,729,2.8281685993521974
0.06281946100915627,0.1783099627810107,0.01349807487101307,4.912681173479673e-6,1.487234152589066e-17,1.0003181784956916,1.0518411386328808e-5,0.0002536661061445138,730,21900,730,2.866445152469513
0.06290551506533319,0.1783241555878372,0.01351345659695824,4.912681173479672e-6,1.6468380288423477e-17,1.0003182325815452,1.2410602323598141e-5,0.00025404593505677154,731,21930,731,2.884784409413908
0.06299156912151012,0.17833815639705292,0.013528839578537658,4.912681173479673e-6,1.4701299605225866e-17,1.0003182963529422,1.3147455035777966e-5,0.0002544256667784381,732,21960,732,2.837044579672058
0.06307762317768704,0.1783519505954244,0.01354422375411553,4.912681173479673e-6,1.3178226547862875e-17,1.0003183679764989,1.0281758022756549e-5,0.0002548052773022671,733,21990,733,2.7239014453918577
0.06316367723386397,0.17836552788199836,0.013559609137054023,4.912681173479673e-6,1.381632081464314e-17,1.0003184167927446,9.3413675017473e-6,0.0002551847585936418,734,22020,734,2.490042421370218
0.0632497312900409,0.17837887913532546,0.013574995688625401,4.912681173479674e-6,1.635799115598851e-17,1.0003184895778108,1.1361242258089987e-5,0.00025556408446610236,735,22050,735,2.8235617793993897
0.06333578534621782,0.17839199224960864,0.013590383387070679,4.912681173479675e-6,1.584411479501365e-17,1.0003185560916663,1.0056832877580746e-5,0.00025594325016828963,736,22080,736,2.762823509000742
0.06342183940239475,0.17840487600655403,0.013605772242906218,4.912681173479673e-6,1.491018529800123e-17,1.0003185997612696,1.3439665735859307e-5,0.0002563222714544166,737,22110,737,2.7002691823888747
0.06350789345857168,0.1784175089454436,0.013621162211215763,4.912681173479673e-6,1.2299705854395946e-17,1.0003186805890907,1.1203194105746661e-5,0.0002567011172509485,738,22140,738,2.7479618124092684
0.0635939475147486,0.17842990582440227,0.013636553256904927,4.912681173479673e-6,1.5448082260771185e-17,1.0003187421605337,1.0480388823452813e-5,0.00025707980784286184,739,22170,739,2.7487778565332173
0.06368000157092553,0.17844208491801938,0.013651945385740908,4.912681173479674e-6,1.539965864450636e-17,1.000318789065517,1.1163897539745449e-5,0.00025745837415423923,740,22200,740,2.7768129491462488
0.06376605562710246,0.1784540553177576,0.01366733854914187,4.912681173479674e-6,1.4939536316837848e-17,1.0003188684764983,1.1433835567231654e-5,0.0002578368016437361,741,22230,741,2.879658098055595
0.06385210968327938,0.17846585164794476,0.013682732767493282,4.912681173479673e-6,1.2256002516239681e-17,1.0003189250699203,1.2243776126297234e-5,0.000258215143098322,742,22260,742,2.961089417382772
0.06393816373945631,0.1784774835533308,0.013698127991803918,4.912681173479673e-6,1.4781252692013683e-17,1.000318979186018,1.1959932777472204e-5,0.0002585934003875072,743,22290,743,3.0281826880218055
0.06402421779563323,0.17848903278617395,0.013713524263949346,4.912681173479673e-6,1.5572071824423874e-17,1.0003190539079672,1.1685731848842806e-5,0.00025897168875478084,744,22320,744,3.002507148862928
0.06411027185181016,0.1785005251510172,0.013728921553532036,4.912681173479674e-6,1.491045006502894e-17,1.0003191056811955,8.714783206187349e-6,0.00025935001229032386,745,22350,745,2.3933973239548187
0.06419632590798709,0.17851199064538958,0.013744319860554455,4.912681173479674e-6,1.261192322552509e-17,1.0003191654648045,1.2539904759023557e-5,0.0002597284198699469,746,22380,746,2.471130511709921
0.06428237996416401,0.17852342498875284,0.013759719180352029,4.912681173479674e-6,1.4968800480119877e-17,1.0003192366357574,1.0689660356888453e-5,0.00026010692202681733,747,22410,747,2.5813047629008796
0.06436843402034094,0.17853479411660544,0.013775119470630837,4.912681173479674e-6,1.5027188500924003e-17,1.0003192849321352,1.0705573316727168e-5,0.0002604854587041915,748,22440,748,2.673411308501866
0.06445448807651787,0.17854610408805194,0.013790520754920791,4.912681173479673e-6,1.5025935962277063e-17,1.0003193506183363,1.0284518481284977e-5,0.0002608640403625138,749,22470,749,2.7244643668277573
0.06454054213269479,0.17855735503579892,0.013805922999783756,4.912681173479674e-6,1.278215788823071e-17,1.0003194183530122,1.2384609249238565e-5,0.0002612426905554581,750,22500,750,2.895101636232592
0.06462659618887172,0.1785685370909055,0.01382132623156309,4.912681173479673e-6,1.4686790749363924e-17,1.0003194627276568,1.4432081485438175e-5,0.0002616213853326149,751,22530,751,3.000235468546012
0.06471265024504864,0.17857966309988965,0.013836730404543602,4.912681173479674e-6,1.4843751776557777e-17,1.0003195350775413,1.0818462925499261e-5,0.0002620001238662052,752,22560,752,2.6070993974997085
0.06479870430122557,0.17859077529212974,0.01385213558050318,4.912681173479674e-6,1.529086356195182e-17,1.000319599546947,9.728272942766125e-6,0.000262378936115531,753,22590,753,2.667943487243099
0.0648847583574025,0.1786019390503536,0.013867541737094246,4.912681173479674e-6,1.4435906027388763e-17,1.0003196397654128,9.723225957714021e-6,0.0002627579066230724,754,22620,754,2.6907051384873912
0.06497081241357942,0.17861318162288356,0.01388294889232611,4.912681173479674e-6,1.4524774817103816e-17,1.000319715467917,1.0623627844097427e-5,0.000263137080672586,755,22650,755,2.8344469461897783
0.06505686646975635,0.17862446027288176,0.013898356997675422,4.912681173479673e-6,1.4502573078143123e-17,1.0003197756475681,1.1036143021669886e-5,0.00026351638481809405,756,22680,756,2.897843653348588
0.06514292052593328,0.17863577014043086,0.013913766090291052,4.912681173479674e-6,1.4407054307024534e-17,1.0003198124428574,1.0339673650605619e-5,0.0002638958458671698,757,22710,757,2.530744594691186
0.0652289745821102,0.17864711020448207,0.013929176203424017,4.912681173479673e-6,1.49356508137681e-17,1.000319891224781,1.1096194540982651e-5,0.00026427547253338754,758,22740,758,2.4996174979233263
0.06531502863828713,0.1786584600705224,0.013944587285954416,4.912681173479674e-6,1.2888924428125185e-17,1.0003199469591089,1.1267239415246877e-5,0.0002646552275041539,759,22770,759,3.0140524543312517
0.06540108269446405,0.17866982708859386,0.013959999360182837,4.912681173479674e-6,1.669520445576957e-17,1.0003199857680265,1.1021666779242878e-5,0.0002650351288258549,760,22800,760,3.038759020410899
0.06548713675064098,0.17868119791997794,0.013975412418910914,4.912681173479674e-6,1.4204073686447888e-17,1.0003200607402263,1.1049040438138036e-5,0.0002654151460527091,761,22830,761,2.995076807886584
0.06557319080681791,0.17869258033960259,0.013990826487142559,4.912681173479674e-6,1.4478029967945673e-17,1.0003201125234156,1.006268419700973e-5,0.0002657952714657569,762,22860,762,2.5979253898828585
0.06565924486299483,0.1787040133297958,0.014006241559053502,4.912681173479673e-6,1.2170730796126715e-17,1.000320154323419,1.07784103420272e-5,0.0002661755647796387,763,22890,763,2.5684119246249772
0.06574529891917176,0.1787155232081979,0.014021657637426663,4.912681173479674e-6,1.610963179520244e-17,1.0003202252391132,9.722710814230595e-6,0.0002665560737574072,764,22920,764,2.5794936208239228
0.06583135297534869,0.17872712070654548,0.014037074750039296,4.912681173479673e-6,1.541440188261559e-17,1.0003202724480917,1.105527047684518e-5,0.00026693681482993774,765,22950,765,2.7061142555475817
0.06591740703152561,0.17873880545949775,0.014052492870920832,4.912681173479674e-6,1.487251409511907e-17,1.000320315948337,1.0730305888273506e-5,0.0002673177992889019,766,22980,766,2.7175724341869714
0.06600346108770254,0.17875057151949753,0.014067912026979624,4.912681173479674e-6,1.2416538417859423e-17,1.0003203832636682,1.1213975170676349e-5,0.00026769901661484523,767,23010,767,2.775798428638918
0.06608951514387947,0.1787624237223062,0.014083332205728499,4.912681173479674e-6,1.5982879923440074e-17,1.0003204270892367,1.0926024529567258e-5,0.0002680804622010472,768,23040,768,2.6667041460311336
0.06617556920005639,0.17877438716688232,0.014098753399610128,4.912681173479673e-6,1.5851786476737107e-17,1.0003204720929437,1.0595819333047984e-5,0.0002684621733251294,769,23070,769,2.653851426656866
0.06626162325623332,0.17878648787359133,0.014114175641920579,4.912681173479673e-6,1.4688434401629133e-17,1.0003205357138634,1.0466985145285435e-5,0.0002688441911253234,770,23100,770,2.7057677005103637
0.06634767731241024,0.17879874835287976,0.014129598960443603,4.912681173479674e-6,1.36713183366468e-17,1.0003205759943437,1.0988573961867587e-5,0.0002692265241064973,771,23130,771,2.6651869350002673
0.06643373136858717,0.17881118045250133,0.01414502334519278,4.912681173479673e-6,1.5517198104484917e-17,1.000320622424,1.0751967494115888e-5,0.00026960915737030724,772,23160,772,2.724385702308954
0.0665197854247641,0.1788238071701318,0.01416044882600192,4.912681173479673e-6,1.580762194925708e-17,1.000320682625835,1.1105366937158578e-5,0.0002699921517190823,773,23190,773,2.6631530445630407
0.06660583948094102,0.17883661754014124,0.014175875445000725,4.912681173479674e-6,1.571655200548511e-17,1.0003207191434522,1.0588895094088002e-5,0.00027037546324880444,774,23220,774,2.690694543916381
0.06669189353711795,0.17884959050417262,0.014191303157198772,4.912681173479674e-6,1.4390464764647963e-17,1.0003207675760928,1.1261655430416795e-5,0.0002707590667175447,775,23250,775,2.8350084789063583
0.06677794759329488,0.17886269207920896,0.01420673204491768,4.912681173479673e-6,1.420497803023659e-17,1.0003208243477688,1.2120899128831297e-5,0.000271142945281435,776,23280,776,2.8748927029501745
0.0668640016494718,0.1788758900950007,0.014222162061255447,4.912681173479673e-6,1.570647294059659e-17,1.0003208587518209,1.2887066702660377e-5,0.00027152704059705515,777,23310,777,2.9555599939753083
0.06695005570564873,0.178889171092637,0.014237593232506458,4.912681173479673e-6,1.5947438491792863e-17,1.000320907621214,1.1740029748352754e-5,0.00027191136842101316,778,23340,778,2.9487815737095815
0.06703610976182565,0.17890252010546467,0.014253025576069143,4.912681173479673e-6,1.4710825805615792e-17,1.0003209622567564,1.092875407948668e-5,0.0002722959259228517,779,23370,779,2.629031693388044
0.06712216381800258,0.17891591895640543,0.01426845906829379,4.912681173479674e-6,1.2372864656407054e-17,1.0003209944041718,1.0495543634192472e-5,0.00027268068541115174,780,23400,780,2.664909951308045
0.06720821787417951,0.17892938986729162,0.014283893734906133,4.912681173479673e-6,1.5035284779307523e-17,1.0003210444142079,1.1209985473215056e-5,0.000273065693365597,781,23430,781,2.7903221472054467
0.06729427193035643,0.17894296981777263,0.01429932957142973,4.912681173479674e-6,1.5794937517280074e-17,1.0003210979733401,1.1709401803727815e-5,0.0002734510116489126,782,23460,782,2.8534021112950327
0.06738032598653336,0.17895669326166436,0.014314766595499337,4.912681173479673e-6,1.4250350012443177e-17,1.000321128552432,1.0876895117917229e-5,0.00027383667099392824,783,23490,783,2.802815958189613
0.06746638004271029,0.17897060531160353,0.014330204822165583,4.912681173479674e-6,1.3462896196003442e-17,1.0003211798381084,9.719238036609568e-6,0.0002742227104553503,784,23520,784,2.8492203176427333
0.06755243409888721,0.17898474813885226,0.014345644281159338,4.912681173479675e-6,1.4647338307877812e-17,1.000321231612532,1.0020322719128671e-5,0.0002746091907420739,785,23550,785,2.478429028024872
0.06763848815506414,0.1789991199475788,0.01436108496859706,4.912681173479674e-6,1.519672452014594e-17,1.0003212610673917,1.0265492278449528e-5,0.00027499610954847517,786,23580,786,2.6046140282634043
0.06772454221124106,0.17901372458516093,0.01437652692726765,4.912681173479673e-6,1.5169787444718264e-17,1.0003213137135731,1.1848425174321164e-5,0.0002753834830877274,787,23610,787,2.6608311794988535
0.06781059626741799,0.1790285806347562,0.014391970178797241,4.912681173479673e-6,1.4363473962905775e-17,1.0003213649419869,1.062695389464352e-5,0.00027577130847543916,788,23640,788,2.6534095454702897
0.06789665032359492,0.1790436764989846,0.014407414712736846,4.912681173479673e-6,1.4447022615289765e-17,1.0003213928765864,1.0667661598517952e-5,0.0002761595712208066,789,23670,789,2.8377393783671354
0.06798270437977184,0.1790590107461408,0.014422860571927772,4.912681173479673e-6,1.4743843619602178e-17,1.000321445598266,1.3115863254142823e-5,0.000276548257964734,790,23700,790,3.0624788044066227
0.06806875843594877,0.17907453700635617,0.01443830774218752,4.912681173479674e-6,1.5321071786252054e-17,1.0003214953796704,1.0154244023397041e-5,0.0002769373244459819,791,23730,791,2.606687182394024
0.0681548124921257,0.1790902485501714,0.014453756290705451,4.912681173479674e-6,1.4593855241358338e-17,1.0003215208718785,1.1543230016286543e-5,0.00027732677936404085,792,23760,792,2.697571036092349
0.06824086654830262,0.1791061621010704,0.014469206199140895,4.912681173479673e-6,1.3623672416458272e-17,1.0003215732093325,1.1322170223593275e-5,0.00027771662673018496,793,23790,793,2.684382401611306
0.06832692060447955,0.17912229162743262,0.014484657494022833,4.912681173479674e-6,1.4599566476097723e-17,1.0003216197839757,1.2631545587282744e-5,0.0002781068703348624,794,23820,794,2.7687914654852444
0.06841297466065648,0.17913863307468506,0.014500110199321119,4.912681173479674e-6,1.483261888970148e-17,1.0003216433228965,1.0887145407423304e-5,0.0002784975017932431,795,23850,795,2.704119037141732
0.0684990287168334,0.17915519052003254,0.014515564360384528,4.912681173479674e-6,1.4626788007421424e-17,1.0003216941844855,1.020590900679963e-5,0.00027888854801320435,796,23880,796,2.6803310827874567
0.06858508277301033,0.17917198248221675,0.014531019974882459,4.912681173479674e-6,1.3261919202086908e-17,1.0003217386680927,1.1512938158375619e-5,0.0002792800436726991,797,23910,797,2.58436756955899
0.06867113682918725,0.1791889793249882,0.014546477048953222,4.912681173479673e-6,1.5114305770877917e-17,1.0003217604870485,1.2793271508826365e-5,0.0002796719454396533,798,23940,798,3.060152106594351
0.06875719088536418,0.17920614965343953,0.014561935625126306,4.912681173479673e-6,1.41451245020729e-17,1.000321810608811,1.1911138031450719e-5,0.00028006422048443286,799,23970,799,3.0536260752014663
0.0688432449415411,0.17922347644868422,0.014577395696065679,4.912681173479673e-6,1.4386094323605116e-17,1.0003218541891346,1.229868615837404e-5,0.0002804568303510921,800,24000,800,2.926725191374835
0.06892929899771803,0.17924093902065924,0.014592857277883156,4.912681173479674e-6,1.4427084727086515e-17,1.0003218744458182,1.0638602901735794e-5,0.0002808497821780701,801,24030,801,2.78627879945881
0.06901535305389496,0.17925852868541078,0.014608320387796555,4.912681173479674e-6,1.639375861286312e-17,1.000321923413817,9.59199049077597e-6,0.00028124305197208514,802,24060,802,2.605423198620215
0.06910140711007189,0.17927623993050432,0.014623785020897765,4.912681173479673e-6,1.4223148775387756e-17,1.000321964496375,1.1126992660592805e-5,0.00028163665199229044,803,24090,803,3.1040601371137284
0.06918746116624881,0.17929407593262364,0.014639251186421561,4.912681173479674e-6,1.447338566825546e-17,1.0003219834276484,1.0228991698113532e-5,0.00028203058756601544,804,24120,804,2.5188958394343173
0.06927351522242574,0.1793119968471696,0.014654718886627189,4.912681173479675e-6,1.3910842909394056e-17,1.0003220318595039,1.1083616868745594e-5,0.0002824248162511346,805,24150,805,3.116099223935969
0.06935956927860266,0.1793300581769796,0.014670188168989982,4.912681173479673e-6,1.423681487247415e-17,1.0003220713872896,8.804218509794737e-6,0.00028281942587347745,806,24180,806,2.5084596932024654
0.06944562333477959,0.17934827193085298,0.014685659014741911,4.912681173479673e-6,1.6234712285390772e-17,1.0003220882903188,1.141626668754725e-5,0.0002832144163684186,807,24210,807,3.0905646213712212
0.06953167739095652,0.17936663041863776,0.014701131455163805,4.912681173479674e-6,1.4353450147093146e-17,1.0003221354792065,1.027137415121615e-5,0.00028360976027575163,808,24240,808,2.5187575691198805
0.06961773144713344,0.1793851272910711,0.01471660546686573,4.912681173479674e-6,1.438216379230931e-17,1.0003221748872622,9.854623073124458e-6,0.00028400549030101153,809,24270,809,2.6538011063352527
0.06970378550331037,0.1794037633823787,0.014732081118224438,4.912681173479673e-6,1.2481476179109065e-17,1.000322190390234,1.0244123785696502e-5,0.00028440161333037807,810,24300,810,2.7260254408946083
0.0697898395594873,0.17942254179438766,0.014747558383547812,4.912681173479673e-6,1.6308758276008332e-17,1.0003222364496533,1.002975054120725e-5,0.0002847981362665876,811,24330,811,2.7632437233054907
0.06987589361566422,0.1794414695180573,0.01476303726297684,4.912681173479673e-6,1.5385480354900013e-17,1.0003222737781712,9.620868013371364e-6,0.0002851950781635019,812,24360,812,2.6964560275907385
0.06996194767184115,0.17946054712895887,0.014778517794839047,4.912681173479675e-6,1.4230693455375844e-17,1.0003222891850878,1.2629226375793223e-5,0.00028559242806738496,813,24390,813,2.7534706521764925
0.07,0.17947027941539195,0.014785363689762701,4.912681173479673e-6,1.6030942546960407e-17,1.0003219565733574,5.35831929937558e-6,0.0002857682105176665,814,24404,814,2.9187516286469215
