time,rise_velocity,centroid_y,gas_area,phi_min,phi_max,divergence_linf,kinetic_energy,steps,substeps,poisson_solves,poisson_residual
0.0,0.0,0.004999999999999944,4.92450912986553e-6,2.5701663020072374e-14,1.0,0.0,0.0,0,0,0,0.0
0.00012169881334262609,0.0010547075837346643,0.005002609985674641,4.92450912986553e-6,2.611362859481562e-14,1.0001702143581748,2.027884596911278e-6,3.1117744296849976e-9,1,16,1,0.27856469870248485
0.00024339762668525218,0.002108542191407823,0.005002798319786142,4.92450912986553e-6,2.608883359832244e-14,1.0001702604782967,2.2512586034806326e-6,1.2430853967633608e-8,2,32,2,0.33032873629785164
0.00036509644002787826,0.003161620071993733,0.005003114827047004,4.92450912986553e-6,2.5946064283546278e-14,1.000170192874519,3.2728834207518265e-6,2.793858677781123e-8,3,48,3,0.3458277627481975
0.00048679525337050436,0.004213989337729992,0.005003559486879534,4.92450912986553e-6,2.5751753096350866e-14,1.000170087626698,2.8377754234809593e-6,4.9616792271388205e-8,4,64,4,0.3114404699548482
0.0006084940667131305,0.005265632776934703,0.005004132233549303,4.92450912986553e-6,2.551432458384995e-14,1.0001699467935414,4.040920801751113e-6,7.744755857932667e-8,5,80,5,0.3547008661334998
0.0007301928800557565,0.006316528295645278,0.005004833000168445,4.92450912986553e-6,2.5245435265820406e-14,1.0001697719792275,2.959402727764626e-6,1.1141304255637243e-7,6,96,6,0.3016773835930929
0.0008518916933983826,0.007366650244292552,0.005005661721318852,4.92450912986553e-6,2.4960782030025147e-14,1.0001695648375992,3.68134281258925e-6,1.5149532278033164e-7,7,112,7,0.3407171779437078
0.0009735905067410086,0.00841596911048288,0.005006618332325813,4.92450912986553e-6,2.4676995297585685e-14,1.0001693270751326,3.3527052396564727e-6,1.9767627954432834e-7,8,128,8,0.33607990916049035
0.0010952893200836347,0.00946445143765773,0.005007702768366433,4.92450912986553e-6,2.4417493104558677e-14,1.0001690604354188,2.8148760946589135e-6,2.4993750361955925e-7,9,144,9,0.3038541086272351
0.0012169881334262607,0.010512059698122548,0.005008914963582524,4.92450912986553e-6,2.420736426199774e-14,1.0001687666726082,3.25489340324836e-6,3.0826023547003673e-7,10,160,10,0.34594499333180334
0.0013386869467688868,0.011558752420011078,0.005010254850074647,4.92450912986553e-6,2.4077683724190717e-14,1.0001684475498098,2.5069285705114908e-6,3.7262532924685067e-7,11,176,11,0.2867011711826888
0.0014603857601115128,0.012604484301781725,0.005011722357165761,4.924509129865531e-6,2.4064998891956802e-14,1.000168104767753,2.7734878571550325e-6,4.430132369526418e-7,12,192,12,0.31566781911775615
0.0015820845734541389,0.01364920625209643,0.005013317410324288,4.924509129865531e-6,2.4213152435372194e-14,1.0001677399973419,3.013514760397129e-6,5.194040121764624e-7,13,208,13,0.3438788970654172
0.001703783386796765,0.014692865568940908,0.005015039930260254,4.92450912986553e-6,2.457383639561422e-14,1.0001673548584806,2.578839446876202e-6,6.017773373496528e-7,14,224,14,0.27721336585021816
0.001825482200139391,0.015735406213353564,0.005016889837041098,4.92450912986553e-6,2.5207740013787405e-14,1.0001669501531119,2.7699086624366487e-6,6.901125759649018e-7,15,240,15,0.2972648708931534
0.001947181013482017,0.016776768896672737,0.005018867044574733,4.924509129865528e-6,2.6183331465255573e-14,1.0001665267932909,2.959058536866621e-6,7.84388849227221e-7,16,256,16,0.31710099966316624
0.002068879826824643,0.01781689100819418,0.005020971458865477,4.92450912986553e-6,2.7572530847057145e-14,1.0001660854061531,3.1412107164285885e-6,8.845851218946132e-7,17,272,17,0.33681032447376724
0.0021905786401672693,0.018855714278722912,0.005023202962349422,4.92450912986553e-6,2.882414517430697e-14,1.0001656267164112,3.3234269380955084e-6,9.906811549178067e-7,18,288,18,0.35670367012036425
0.0023122774535098956,0.01989320055913754,0.005025561453712336,4.92450912986553e-6,2.7400176761505972e-14,1.000165151854534,3.097679868169223e-6,1.1026595701396636e-6,19,304,19,0.3048057994249652
0.002433976266852522,0.020929290865211257,0.005028046838943961,4.92450912986553e-6,2.6414507954909816e-14,1.000164661868645,3.2937812362021646e-6,1.2205016961232024e-6,20,320,20,0.32000071195352703
0.002555675080195148,0.02196390786412853,0.005030658996050616,4.92450912986553e-6,2.5923652238193222e-14,1.000164157744864,3.4992291064739334e-6,1.3441872559470246e-6,21,336,21,0.33458829949222557
0.0026773738935377744,0.022996977378623388,0.005033397781937252,4.92450912986553e-6,2.6018718908698223e-14,1.0001636404098733,3.6616621734708588e-6,1.473696664006908e-6,22,352,22,0.3471087653013205
0.0027990727068804007,0.02402841147290744,0.005036263050164391,4.92450912986553e-6,2.6817208771106278e-14,1.0001631107080227,3.7808911450554206e-6,1.6090089638910877e-6,23,368,23,0.3572391348960107
0.002920771520223027,0.02505811257527551,0.005039254646108192,4.92450912986553e-6,2.845296499481968e-14,1.0001625694191076,3.883882996547072e-6,1.7501021427826634e-6,24,384,24,0.3649472913020191
0.003042470333565653,0.0260859776408916,0.005042372401496208,4.92450912986553e-6,3.059048511035472e-14,1.0001620172345116,3.947543383731045e-6,1.8969534942021746e-6,25,400,25,0.3701897105981229
0.0031641691469082795,0.02711190217591489,0.005045616137607149,4.92450912986553e-6,2.8521693148391665e-14,1.0001614546390183,2.5331084341218e-6,2.0495399769100736e-6,26,416,26,0.2694483506430405
0.0032858679602509057,0.028135778962562804,0.005048985645874974,4.92450912986553e-6,2.742628692985892e-14,1.0001608822983967,2.7071104353737496e-6,2.207837804860489e-6,27,432,27,0.271942402976171
0.003407566773593532,0.029157498268422916,0.005052480684168451,4.92450912986553e-6,2.7390232839536964e-14,1.0001603008561064,2.8472565523074422e-6,2.371822358331575e-6,28,448,28,0.27387105448103893
0.0035292655869361583,0.03017694489004945,0.005056100980498476,4.92450912986553e-6,2.8597484855031496e-14,1.0001597109166858,2.990958213544559e-6,2.5414676535475657e-6,29,464,29,0.2751455757466205
0.0036509644002787845,0.03119399653819914,0.005059846266366272,4.92450912986553e-6,3.126491205804457e-14,1.0001591130460084,3.126366520334045e-6,2.7167457728429386e-6,30,480,30,0.2765576760497232
0.003772663213621411,0.03220853079790432,0.005063716269423507,4.92450912986553e-6,3.035280256679907e-14,1.000158507771512,3.239928968667982e-6,2.897628016191374e-6,31,496,31,0.27835669580182715
0.003894362026964037,0.03322043657091387,0.00506771070815033,4.92450912986553e-6,2.8775708425652085e-14,1.0001578955833854,3.3098535467956935e-6,3.0840869045308997e-6,32,512,32,0.27954579902685256
0.004016060840306663,0.03422960231244654,0.005071829281786578,4.92450912986553e-6,2.882551078010392e-14,1.0001572769379863,3.3714714575694416e-6,3.276094274154389e-6,33,528,33,0.28227887109872846
0.004137759653649289,0.035235909116364886,0.0050760716717842165,4.92450912986553e-6,3.0777975139096866e-14,1.000156652220147,3.410489846089604e-6,3.473619915136241e-6,34,544,34,0.2872337127996677
0.004259458466991915,0.036239223752617705,0.005080437543994009,4.92450912986553e-6,3.325413995644841e-14,1.0001560215486902,3.4259459482655075e-6,3.676629764259788e-6,35,560,35,0.2947966104545204
0.00438115728033454,0.03723941027155088,0.0050849265401193295,4.92450912986553e-6,3.0532976246300213e-14,1.0001553852457907,3.389774571260773e-6,3.885088172892985e-6,36,576,36,0.3057926862054528
0.004502856093677166,0.0382363371962916,0.005089538275116079,4.92450912986553e-6,3.002894788469115e-14,1.0001547436795666,3.3023541234911136e-6,4.098959126425476e-6,37,592,37,0.319023361595537
0.004624554907019792,0.03922986770940234,0.005094272341907699,4.92450912986553e-6,3.206309771561768e-14,1.0001540972022345,3.3207162388748657e-6,4.318204019504526e-6,38,608,38,0.3356229046636871
0.004746253720362418,0.04021986466455718,0.005099128313639329,4.92450912986553e-6,3.473410024761347e-14,1.0001534461520438,3.7030155830564127e-6,4.54278234699826e-6,39,624,39,0.35581333417845085
0.004867952533705044,0.04120618842922309,0.005104105747937408,4.924509129865531e-6,3.1772737597994014e-14,1.0001527908525774,2.7874517130044296e-6,4.772651213405687e-6,40,640,40,0.286839050308913
0.00498965134704767,0.04218869436043043,0.005109204177636542,4.92450912986553e-6,3.1789254126724154e-14,1.000152131612771,3.0903703134299576e-6,5.007764490531977e-6,41,656,41,0.30849579834966495
0.005111350160390295,0.04316723906872184,0.0051144231193633715,4.92450912986553e-6,3.531304062525829e-14,1.0001514685820245,3.345515420249967e-6,5.248073886396854e-6,42,672,42,0.3364625491696031
0.005233048973732921,0.04414167649171757,0.005119762063961165,4.92450912986553e-6,3.4755760625198156e-14,1.0001508019053345,3.4977652312306873e-6,5.493527701768802e-6,43,688,43,0.36934303626637954
0.005354747787075547,0.04511187107088716,0.0051252204699058475,4.92450912986553e-6,3.301304983732926e-14,1.0001501318801662,3.8280349112795875e-6,5.744074076015674e-6,44,704,44,0.30380274179886635
0.005476446600418173,0.04607770367778024,0.00513079779348553,4.92450912986553e-6,3.538271730880546e-14,1.0001494587989903,3.9660769335370105e-6,5.999662599366818e-6,45,720,45,0.325077082914803
0.005598145413760799,0.04703903928846529,0.005136493479565856,4.92450912986553e-6,3.810239097556383e-14,1.0001487829421731,2.7758945364553256e-6,6.260236236721798e-6,46,736,46,0.28643956468045323
0.005719844227103425,0.04799573511168998,0.005142306956067294,4.92450912986553e-6,3.496401279304735e-14,1.0001481045918366,3.8136676039357553e-6,6.525732928871106e-6,47,752,47,0.3707150560738662
0.00584154304044605,0.048947653562220965,0.005148237640554516,4.924509129865531e-6,3.6747807645694324e-14,1.0001474239816308,2.7106485056549445e-6,6.796088067179644e-6,48,768,48,0.32148226125905255
0.005963241853788676,0.04989468101809333,0.005154284931773471,4.924509129865531e-6,4.125131684610542e-14,1.0001467409747584,2.795021334378589e-6,7.071240260082086e-6,49,784,49,0.3429368037679818
0.006084940667131302,0.05083670605737442,0.005160448199267538,4.924509129865531e-6,3.726851087582945e-14,1.000146055765945,3.0473416501308748e-6,7.351126256259892e-6,50,800,50,0.36319889790013665
0.006206639480473928,0.051773608608918435,0.005166726796992042,4.924509129865531e-6,3.927028025932816e-14,1.0001453686491177,2.0462681860067278e-6,7.63567751324554e-6,51,816,51,0.26319014406641716
0.006328338293816554,0.0527052467289198,0.005173120085185369,4.92450912986553e-6,4.398612581790628e-14,1.0001446799337192,2.3668185740177705e-6,7.924815138129388e-6,52,832,52,0.27660998397710174
0.00645003710715918,0.053631462056684766,0.005179627379874333,4.92450912986553e-6,3.9952314070239685e-14,1.0001439899301772,2.6986199603840078e-6,8.21845235580405e-6,53,848,53,0.28823117904904605
0.006571735920501805,0.05455218406806657,0.005186247989992584,4.924509129865531e-6,4.327289504414072e-14,1.0001432989415169,3.0168370130922995e-6,8.516524150820682e-6,54,864,54,0.30198347096270084
0.006693434733844431,0.05546737258967059,0.005192981242172067,4.92450912986553e-6,4.656183256610456e-14,1.0001426070290758,3.262009595772497e-6,8.818971887314492e-6,55,880,55,0.3162181320602978
0.006815133547187057,0.056376945886804496,0.00519982644512415,4.92450912986553e-6,4.347596204497589e-14,1.0001419141081542,3.3723390409079457e-6,9.125721787742635e-6,56,896,56,0.32856569796729235
0.006936832360529683,0.057280840899813716,0.005206782885592832,4.924509129865531e-6,4.958570952732159e-14,1.000141220445645,3.303309625835027e-6,9.436705023311378e-6,57,912,57,0.3398391924793111
0.007058531173872309,0.05817900803326563,0.005213849842690486,4.92450912986553e-6,4.9721726003687e-14,1.0001405263811183,3.3369345509015602e-6,9.751855387730945e-6,58,928,58,0.34801598173174075
0.007180229987214935,0.059071399154541224,0.0052210265755661305,4.92450912986553e-6,4.8747217519017694e-14,1.0001398322478063,3.3618077210917363e-6,1.0071104912494759e-5,59,944,59,0.352469706254778
0.00730192880055756,0.059957943418725825,0.005228312358905446,4.92450912986553e-6,5.944255179031498e-14,1.000139138254495,3.2001411298665516e-6,1.0394375527198473e-5,60,960,60,0.35475862118170975
0.007423627613900186,0.06083859818715578,0.005235706495840761,4.92450912986553e-6,5.4634405618049067e-14,1.0001384443834451,3.0122834289159073e-6,1.072159686191068e-5,61,976,61,0.3600651220784573
0.007545326427242812,0.06171331795811626,0.005243208260793114,4.92450912986553e-6,5.718473616809204e-14,1.0001377506212652,3.1755757579077226e-6,1.105269515125856e-5,62,992,62,0.36835890798604926
0.007667025240585438,0.06258206013824759,0.005250816887139762,4.92450912986553e-6,6.919506703179182e-14,1.0001370573195805,2.3299004681121005e-6,1.1387595012977904e-5,63,1008,63,0.2946294864192009
0.007788724053928064,0.06344478556871173,0.005258531590085562,4.92450912986553e-6,6.304255436291594e-14,1.000136364867727,2.3588561930409924e-6,1.17262199093204e-5,64,1024,64,0.30585550031476083
0.00791042286727069,0.06430147091418299,0.005266351619580461,4.92450912986553e-6,7.060487382023178e-14,1.0001356733954019,2.6143204046036317e-6,1.2068496907260136e-5,65,1040,65,0.3199379496308659
0.008032121680613315,0.06515212587458069,0.005274276248672162,4.924509129865531e-6,8.134807163943499e-14,1.0001349829097574,2.8057549847915197e-6,1.2414364652592046e-5,66,1056,66,0.33432612053590505
0.008153820493955941,0.06599673225996769,0.005282304718866244,4.92450912986553e-6,7.779997297245894e-14,1.000134293410149,2.849266866888911e-6,1.2763749933553394e-5,67,1072,67,0.3436217654793209
0.008275519307298567,0.06683530364906472,0.00529043623849588,4.92450912986553e-6,9.118130347454302e-14,1.0001336052845353,2.9786669131226517e-6,1.3116590667922035e-5,68,1088,68,0.349928408700402
0.008397218120641193,0.06766787760444619,0.005298670041976144,4.92450912986553e-6,1.0615560935896625e-13,1.0001329188734753,2.972426127456629e-6,1.3472831971131838e-5,69,1104,69,0.3541974933510106
0.008518916933983819,0.06849448584189005,0.005307005407301949,4.92450912986553e-6,1.0411861052950204e-13,1.000132234073062,3.3145872464501736e-6,1.3832414623865708e-5,70,1120,70,0.3558384543330624
0.008640615747326445,0.069315156464561,0.005315441616890243,4.924509129865531e-6,1.220868376138027e-13,1.000131550976664,3.724143795125201e-6,1.4195277127702861e-5,71,1136,71,0.3573832941331944
0.00876231456066907,0.07012993281052742,0.005323977955903371,4.92450912986553e-6,1.553877131269812e-13,1.0001308697400122,3.877708621757847e-6,1.45613646390752e-5,72,1152,72,0.36107328752247936
0.008884013374011696,0.07093885907823735,0.005332613682729869,4.92450912986553e-6,1.5146858523336336e-13,1.0001301907795845,3.805648702837061e-6,1.493062352721754e-5,73,1168,73,0.36572160899558964
0.009005712187354322,0.07174199021964324,0.0053413481091730865,4.92450912986553e-6,1.6926831529242827e-13,1.0001295139452804,3.5392182056170896e-6,1.530300520207069e-5,74,1184,74,0.3705729831146486
0.009127411000696948,0.07253935491574097,0.005350180541513511,4.924509129865531e-6,2.3236621880127534e-13,1.000128839457918,3.3202174343216484e-6,1.5678449408159014e-5,75,1200,75,0.37577487556099165
0.009249109814039574,0.07333099126328874,0.00535911030252804,4.92450912986553e-6,2.347881117775186e-13,1.0001281673395697,2.3282975973870634e-6,1.6056897605563197e-5,76,1216,76,0.2933544961487446
0.0093708086273822,0.07411698354036046,0.005368136707882409,4.92450912986553e-6,2.4984322159407506e-13,1.000127497945911,2.340738667783171e-6,1.6438309716748265e-5,77,1232,77,0.2977713692933966
0.009492507440724825,0.07489744279738485,0.005377259039695724,4.92450912986553e-6,3.1393754051042717e-13,1.0001268311244687,2.568579571260443e-6,1.682266383944916e-5,78,1248,78,0.29782779459434316
0.009614206254067451,0.07567244338366434,0.005386476546227748,4.92450912986553e-6,3.783767588586297e-13,1.0001261671806971,3.3293014567448154e-6,1.7209923279916216e-5,79,1264,79,0.37506270448395324
0.009735905067410077,0.07644206189406429,0.0053957885546940055,4.92450912986553e-6,3.8607081279689817e-13,1.0001255061006535,3.1403477152025516e-6,1.760004622232793e-5,80,1280,80,0.36661378817775353
0.009857603880752703,0.07720636032275925,0.005405194369470728,4.92450912986553e-6,4.2982555504092696e-13,1.000124848094293,2.72721393912434e-6,1.7992986549675225e-5,81,1296,81,0.36238653058425796
0.009979302694095329,0.07796541125843517,0.0054146933426832515,4.92450912986553e-6,6.066932743434598e-13,1.0001241930569937,2.8129267803933544e-6,1.838870150257648e-5,82,1312,82,0.3606215351546282
0.010101001507437955,0.07871931570503155,0.005424284902001974,4.92450912986553e-6,5.976399771045653e-13,1.0001235413596292,3.1665129185398655e-6,1.8787167427228635e-5,83,1328,83,0.361991337460559
0.01022270032078058,0.07946818141506394,0.0054339684683632665,4.92450912986553e-6,6.346467419656848e-13,1.000122907465353,3.4155975825456153e-6,1.9188359373154336e-5,84,1344,84,0.36886690601163646
0.010344399134123206,0.08021208248468663,0.005443743425913066,4.92450912986553e-6,7.85928814632013e-13,1.0001222885942411,3.428289296891762e-6,1.9592239975565625e-5,85,1360,85,0.3785509732709631
0.010466097947465832,0.08095105767493505,0.0054536091598439045,4.92450912986553e-6,9.256915285709223e-13,1.0001216733405551,2.4324650738094533e-6,1.9998761621062008e-5,86,1376,86,0.2915851923217798
0.010587796760808458,0.0816851998810052,0.005463565061945262,4.92450912986553e-6,9.512572346496884e-13,1.000121061940816,2.457842729342019e-6,2.0407903059619583e-5,87,1392,87,0.2936958962223693
0.010709495574151084,0.08241465153905068,0.005473610594264828,4.92450912986553e-6,1.0297118388337065e-12,1.0001204542521305,2.6690194090406294e-6,2.0819665606681766e-5,88,1408,88,0.2967297076720149
0.01083119438749371,0.08313954899107073,0.00548374522140234,4.924509129865531e-6,1.4403248873498228e-12,1.000119850166704,2.6732022035957925e-6,2.1234050745273466e-5,89,1424,89,0.3019757892951099
0.010952893200836335,0.08385997363562239,0.005493968412311755,4.92450912986553e-6,1.3932774274063232e-12,1.0001192500961702,2.768835116739865e-6,2.1651041596729143e-5,90,1440,90,0.3116556916541291
0.011074592014178961,0.0845759946916396,0.0055042796644155165,4.92450912986553e-6,1.463363786264216e-12,1.0001186539432958,3.0269536210880688e-6,2.2070616804756634e-5,91,1456,91,0.325491753879744
0.011196290827521587,0.08528770619528678,0.005514678448613807,4.92450912986553e-6,1.8434840991812153e-12,1.0001180615504375,3.0872541856297175e-6,2.2492769564007443e-5,92,1472,92,0.34167042031779676
0.011317989640864213,0.08599515955011029,0.005525164188431258,4.92450912986553e-6,2.018590742269823e-12,1.0001174730701614,3.29995950565376e-6,2.291747278015802e-5,93,1488,93,0.35547150328506943
0.011439688454206839,0.08669839340233047,0.005535736242623449,4.92450912986553e-6,2.1023903136883306e-12,1.0001168888187209,3.6462236785439472e-6,2.3344690957733766e-5,94,1504,94,0.36208861328061914
0.011561387267549465,0.0873976806125463,0.005546394291575157,4.92450912986553e-6,2.291506145044002e-12,1.0001163084619118,3.606882970075276e-6,2.3774519842285964e-5,95,1520,95,0.35994167146830336
0.01168308608089209,0.088093149606835,0.005557137955010598,4.92450912986553e-6,2.907176839692999e-12,1.0001157319564078,3.2983380044981914e-6,2.4206979756782908e-5,96,1536,96,0.3502983814283301
0.011804784894234716,0.08878482288115666,0.005567966733010705,4.924509129865531e-6,2.9112117975049316e-12,1.0001151597682387,3.007438252211614e-6,2.4642033397913933e-5,97,1552,97,0.339866027579479
0.011926483707577342,0.08947267583041994,0.005578880098073252,4.924509129865531e-6,2.975801927821805e-12,1.0001145916253604,3.2238918663551885e-6,2.507961021814642e-5,98,1568,98,0.3386568021636599
0.012048182520919968,0.09015669582884125,0.005589877478620274,4.92450912986553e-6,4.127904285456547e-12,1.000114027346679,3.4001534032768177e-6,2.5519648096300663e-5,99,1584,99,0.34555106282267595
0.012169881334262594,0.0908371338742681,0.0056009584272553965,4.92450912986553e-6,3.958956960606132e-12,1.000113467306566,3.1540523082185246e-6,2.5962246240364575e-5,100,1600,100,0.35060814195238105
0.01229158014760522,0.09151413491532844,0.0056121225883869665,4.92450912986553e-6,4.136596368996292e-12,1.0001129114944263,2.8403882801342206e-6,2.6407440103445647e-5,101,1616,101,0.35010931780505505
0.012413278960947845,0.09218778181941645,0.005623369611910484,4.92450912986553e-6,5.005696952846002e-12,1.000112359594017,2.892675553312074e-6,2.6855228295943672e-5,102,1632,102,0.3454574713594169
0.012534977774290471,0.09285813681592535,0.0056346990972697105,4.92450912986553e-6,5.313460115521482e-12,1.0001118118427732,3.428843797337322e-6,2.7305606137841034e-5,103,1648,103,0.3418781149715723
0.012656676587633097,0.0935252950379823,0.005646110652353245,4.92450912986553e-6,5.551798870022992e-12,1.0001112684245448,3.684598723907584e-6,2.7758589290609037e-5,104,1664,104,0.3420536822051156
0.012778375400975723,0.0941891739365418,0.005657603755139628,4.92450912986553e-6,6.048436311207237e-12,1.0001107289609839,3.6192762422615488e-6,2.8214075767849075e-5,105,1680,105,0.3480677313301873
0.012900074214318349,0.09484992474557633,0.00566917805843664,4.92450912986553e-6,7.0424861432223006e-12,1.0001101935736538,3.5003725287197085e-6,2.8672126906006004e-5,106,1696,106,0.3542880115692617
0.013021773027660975,0.09550765229425882,0.005680833216269158,4.92450912986553e-6,7.2190513888387385e-12,1.0001096625467218,3.355863455567487e-6,2.913276745014901e-5,107,1712,107,0.3524779075996814
0.0131434718410036,0.09616234053589484,0.005692568786044671,4.924509129865531e-6,7.393915369117181e-12,1.0001091354993512,3.372059875772493e-6,2.9595938376794065e-5,108,1728,108,0.3425971140560688
0.013265170654346226,0.09681407859621934,0.005704384326697596,4.92450912986553e-6,9.211566591252413e-12,1.0001086124623086,3.0295395525570257e-6,3.0061651077724244e-5,109,1744,109,0.32764398797704725
0.013386869467688852,0.09746297372221256,0.005716279447949145,4.924509129865531e-6,9.232243489061224e-12,1.0001080937614661,2.743381344316731e-6,3.052993745580824e-5,110,1760,110,0.31132295233377233
0.013508568281031478,0.09810907357068815,0.005728253880676216,4.924509129865532e-6,9.230126615896581e-12,1.0001075790422225,2.6333731710792563e-6,3.100079669615052e-5,111,1776,111,0.294071690069133
0.013630267094374104,0.09875245144247972,0.005740307317211735,4.92450912986553e-6,1.1876624692101411e-11,1.0001070682851,2.512316576996909e-6,3.1474247749837746e-5,112,1792,112,0.27257115816267563
0.01375196590771673,0.09939318936711351,0.0057524394153101515,4.92450912986553e-6,1.1669103275649176e-11,1.0001065618105291,2.8825033098200947e-6,3.195030989646386e-5,113,1808,113,0.35230426745922533
0.013873664721059355,0.10003132260055013,0.0057646499201175145,4.924509129865528e-6,1.1688734861546768e-11,1.000106059290472,2.849169078444902e-6,3.242897365262759e-5,114,1824,114,0.3266258462769565
0.013995363534401981,0.10066681002218825,0.005776938462558715,4.92450912986553e-6,1.50815288048436e-11,1.0001055607063227,2.4436120682480578e-6,3.2910186363827346e-5,115,1840,115,0.30689061327951506
0.014117062347744607,0.10129960369685825,0.005789304640970131,4.92450912986553e-6,1.443977339887181e-11,1.0001050663508053,2.615771506953024e-6,3.3393889700487366e-5,116,1856,116,0.29452883959020854
0.014238761161087233,0.10192983314745552,0.005801748308704329,4.924509129865528e-6,1.441114112131732e-11,1.0001045758974478,3.1620789542330385e-6,3.388015592558572e-5,117,1872,117,0.38305692578679845
0.014360459974429859,0.10255756576841296,0.005814269193315589,4.92450912986553e-6,1.7992750068497394e-11,1.0001040893477249,2.5989028671347114e-6,3.4369028808012246e-5,118,1888,118,0.31140749136621504
0.014482158787772485,0.10318272997556557,0.0058268669464325495,4.924509129865531e-6,1.8251708913841587e-11,1.000103606940698,2.918769403947863e-6,3.4860438631699804e-5,119,1904,119,0.34315897528215406
0.01460385760111511,0.10380533582038777,0.00583954121256152,4.92450912986553e-6,1.8361675128104016e-11,1.000103128345398,3.405596515904108e-6,3.5354371906822755e-5,120,1920,120,0.3785711330234799
0.014725556414457736,0.10442541674082562,0.005852291591728954,4.924509129865531e-6,2.0428200860944176e-11,1.0001026536091016,2.686333022694498e-6,3.5850850188937254e-5,121,1936,121,0.2985871030958279
0.014847255227800362,0.10504293423649534,0.005865117785402739,4.924509129865531e-6,2.3192029793349915e-11,1.0001021829024048,2.8631506054921374e-6,3.6349837015560954e-5,122,1952,122,0.31440871183683045
0.014968954041142988,0.10565786668598819,0.005878019581041887,4.924509129865531e-6,2.404100834082149e-11,1.0001017159043541,2.855350089703279e-6,3.685131144314499e-5,123,1968,123,0.3224835430392701
0.015090652854485614,0.10627013796440138,0.00589099658584358,4.92450912986553e-6,2.2892657932212873e-11,1.000101252731205,2.614843097603625e-6,3.735522527532689e-5,124,1984,124,0.3211772490795382
0.01521235166782824,0.1068797247420297,0.005904048425245576,4.92450912986553e-6,2.591745487360843e-11,1.0001007934596713,2.6641036043884014e-6,3.786155391557331e-5,125,2000,125,0.31236834714276557
0.015334050481170865,0.1074866275805279,0.0059171748928621955,4.92450912986553e-6,2.866850193188333e-11,1.000100337811624,2.8475659163973432e-6,3.8370300055311076e-5,126,2016,126,0.3004788959080537
0.015455749294513491,0.10809073537230345,0.005930375579798183,4.92450912986553e-6,2.5702284920187853e-11,1.0000998859640702,3.3265142604932407e-6,3.888139060205153e-5,127,2032,127,0.3856963705301859
0.015577448107856117,0.10869201195512332,0.005943650115845689,4.92450912986553e-6,2.9125157918668045e-11,1.000099437874106,3.069016045742501e-6,3.939479546084536e-5,128,2048,128,0.3586762526953532
0.015699146921198743,0.10929039422119324,0.00595699820192794,4.92450912986553e-6,3.239113606418553e-11,1.000098993365502,3.0765445160341187e-6,3.991047392584446e-5,129,2064,129,0.3310403150190184
0.01582084573454137,0.10988580696588883,0.005970419427788268,4.92450912986553e-6,2.982173225533394e-11,1.0000985526090371,2.7496773356006088e-6,4.0428384368776614e-5,130,2080,130,0.30526584418599706
0.015942544547883995,0.1104782098923419,0.005983913493518818,4.92450912986553e-6,3.4848141514055186e-11,1.000098115470649,3.5468836756535893e-6,4.094849408834879e-5,131,2096,131,0.37003798845575875
0.01606424336122662,0.11106749654982806,0.005997480050313041,4.924509129865532e-6,3.634233363673838e-11,1.0000976818635703,2.5530057712330745e-6,4.147073116924107e-5,132,2112,132,0.32891793487022364
0.016185942174569246,0.11165360877761532,0.0060111185990372315,4.924509129865531e-6,3.667614606696946e-11,1.0000972519234284,3.5928948705077346e-6,4.1995065655992314e-5,133,2128,133,0.3737316725676878
0.016307640987911872,0.11223649835167077,0.0060248288593247115,4.92450912986553e-6,4.5079260585268463e-11,1.0000968254749223,2.6842743210409026e-6,4.252146237177456e-5,134,2144,134,0.3096374247620194
0.016429339801254498,0.11281603450268336,0.006038610482557452,4.92450912986553e-6,4.193199979978548e-11,1.000096402510602,3.3239221153280596e-6,4.304983581327994e-5,135,2160,135,0.37493982109277024
0.016551038614597124,0.11339210156779105,0.006052462975584543,4.92450912986553e-6,4.7648438775457385e-11,1.000095983070104,3.0780910265093553e-6,4.3580093506791136e-5,136,2176,136,0.3638415595315831
0.01667273742793975,0.11396465637028538,0.006066385914856763,4.92450912986553e-6,5.573479266448411e-11,1.0000955670441058,2.3128676787109725e-6,4.411219861936099e-5,137,2192,137,0.2869845836221754
0.016794436241282375,0.1145336243916726,0.006080378686185065,4.924509129865531e-6,5.305005648780036e-11,1.000095154465932,3.4850638712669024e-6,4.4646109073274886e-5,138,2208,138,0.3374329446330389
0.016916135054625,0.11509898579876664,0.0060944409738786275,4.924509129865531e-6,6.609586909637221e-11,1.0000947452740037,3.457663140693512e-6,4.5181816891836456e-5,139,2224,139,0.3038645735179309
0.017037833867967627,0.11566063850002915,0.0061085723320667105,4.92450912986553e-6,6.394567636778813e-11,1.0000943394062123,3.3797615373032386e-6,4.57192426696567e-5,140,2240,140,0.31190223546393625
0.017159532681310253,0.11621846462687004,0.006122772263459567,4.92450912986553e-6,7.26165281214461e-11,1.0000943840625434,2.574219237772013e-6,4.625830422014901e-5,141,2256,141,0.2915296642924119
0.01728123149465288,0.11677239492133094,0.006137040324635736,4.924509129865531e-6,8.40056917186451e-11,1.0000961278247429,3.6740134934376556e-6,4.679892418786927e-5,142,2272,142,0.3713005815098592
0.017402930307995505,0.11732235115179168,0.006151376092470556,4.92450912986553e-6,8.542834910642045e-11,1.000097857803818,3.0443782161881927e-6,4.734105067311117e-5,143,2288,143,0.33848410974047144
0.01752462912133813,0.11786826276651612,0.006165779029889567,4.92450912986553e-6,1.0509414622341243e-10,1.0000999580518264,3.7621873616444645e-6,4.788461965688863e-5,144,2304,144,0.3604937222931486
0.017646327934680756,0.1184100680555407,0.006180248633017043,4.92450912986553e-6,1.0666160695506144e-10,1.0001016907159692,3.5138760345887476e-6,4.842956448851357e-5,145,2320,145,0.33293845836356034
0.017768026748023382,0.11894768403283407,0.006194784496042056,4.924509129865528e-6,1.469707919404053e-10,1.000103345776127,3.1646883655866986e-6,4.897584194121107e-5,146,2336,146,0.3352704194072133
0.017889725561366008,0.1194810768430918,0.006209386145964062,4.92450912986553e-6,1.3393774054425123e-10,1.0001054212771796,3.342171339681954e-6,4.952340532345926e-5,147,2352,147,0.3494810538247987
0.018011424374708634,0.12001015873570181,0.006224052994982377,4.92450912986553e-6,1.484133833774543e-10,1.000107117830318,3.5845015844415684e-6,5.007218097609183e-5,148,2368,148,0.3635750938872481
0.01813312318805126,0.12053485081428568,0.006238784431452109,4.92450912986553e-6,1.4914432766214767e-10,1.0001087750919877,3.4464357590024974e-6,5.062209377036796e-5,149,2384,149,0.36618622198826056
0.018254822001393885,0.12105512372170837,0.006253579861075677,4.924509129865531e-6,1.420922559392295e-10,1.0001107842351802,3.728388087154144e-6,5.1173095914106416e-5,150,2400,150,0.3652662053979443
0.01837652081473651,0.12157089508045861,0.006268438864484157,4.924509129865531e-6,1.370637246356138e-10,1.0001123906669958,3.2581347397808713e-6,5.17251362640759e-5,151,2416,151,0.36964130960719205
0.018498219628079137,0.12208212118050511,0.006283360980772158,4.92450912986553e-6,1.381429469487507e-10,1.0001140859420838,3.6444296540594223e-6,5.227815239028817e-5,152,2432,152,0.30633584806514996
0.018619918441421763,0.12258872574286528,0.00629834561816845,4.92450912986553e-6,1.2764980139297844e-10,1.000115968363432,3.32416735204788e-6,5.2832070644259273e-5,153,2448,153,0.332115692994889
0.01874161725476439,0.1230906402677173,0.006313392125020383,4.92450912986553e-6,1.255371693413897e-10,1.0001174342294499,3.265119552509077e-6,5.338681716972889e-5,154,2464,154,0.35010176746665633
0.018863316068107015,0.12358782894046719,0.0063284998300691805,4.924509129865531e-6,1.2087004575598258e-10,1.0001192086428847,3.667561365716665e-6,5.394232999693485e-5,155,2480,155,0.3574258608776022
0.01898501488144964,0.1240801819799883,0.006343668199760624,4.92450912986553e-6,1.1670645716791587e-10,1.000120921537047,3.3005077710868136e-6,5.449850428123142e-5,156,2496,156,0.3525126108384118
0.019106713694792266,0.12456769949164181,0.006358896792608116,4.92450912986553e-6,1.1910920150336775e-10,1.0001222088187798,3.2605443607280904e-6,5.505531339736581e-5,157,2512,157,0.33201849904106423
0.019228412508134892,0.12505032638415098,0.006374185002114437,4.92450912986553e-6,1.1507872449890682e-10,1.0001240903553745,3.629930944271109e-6,5.561270227557027e-5,158,2528,158,0.37894271085324394
0.019350111321477518,0.1255280300126134,0.006389532168593586,4.924509129865531e-6,1.2584688293108342e-10,1.0001255940754845,3.3112986912442466e-6,5.617061929364694e-5,159,2544,159,0.35747217437232703
0.019471810134820144,0.1260007644566766,0.006404937549015176,4.92450912986553e-6,1.2526372375814086e-10,1.0001269623806346,2.9073076390773167e-6,5.672898533342642e-5,160,2560,160,0.3382507558436487
0.01959350894816277,0.1264684573920873,0.006420400635551898,4.924509129865531e-6,1.413045535511871e-10,1.0001286769264253,3.2487506018696877e-6,5.728772773440698e-5,161,2576,161,0.3014207465352456
0.019715207761505395,0.12693108938766318,0.00643592082017085,4.924509129865531e-6,1.535402173456377e-10,1.0001299500591383,3.892363764634865e-6,5.784678211783414e-5,162,2592,162,0.35244456234452237
0.01983690657484802,0.12738861759661918,0.006451497497063469,4.924509129865531e-6,1.7787644396549726e-10,1.0001314813055686,2.819774806539499e-6,5.840608316797374e-5,163,2608,163,0.2993801719488135
0.019958605388190647,0.12784104021844248,0.006467129931554939,4.92450912986553e-6,1.83213981638038e-10,1.0001329435677053,3.4891984412865895e-6,5.896560000064364e-5,164,2624,164,0.3512522957285495
0.020080304201533273,0.1282883388386175,0.006482817488342519,4.92450912986553e-6,2.0990439289497687e-10,1.000134023463193,2.6791557417027434e-6,5.9525275757437166e-5,165,2640,165,0.2890639560459576
0.0202020030148759,0.12873046339703584,0.006498559663678808,4.92450912986553e-6,2.1020737729861998e-10,1.0001356684452025,2.8732156636124273e-6,6.00850428790176e-5,166,2656,166,0.33299819487336063
0.020323701828218525,0.12916741096306555,0.006514355783284915,4.92450912986553e-6,2.46526753256026e-10,1.0001368599712572,3.7690774945531302e-6,6.06448337860426e-5,167,2672,167,0.3880179069706164
0.02044540064156115,0.12959914075290965,0.006530205233695479,4.92450912986553e-6,2.6998527526086424e-10,1.0001381464537404,3.6165691525980037e-6,6.120458058106308e-5,168,2688,168,0.33666637442385766
0.020567099454903776,0.13002566831964205,0.006546107299438635,4.92450912986553e-6,3.0745318344666046e-10,1.0001395036190897,4.3836834606736375e-6,6.176423729563866e-5,169,2704,169,0.3895322617554823
0.020688798268246402,0.1304469953311367,0.006562061449045459,4.92450912986553e-6,3.3516225439648724e-10,1.0001404126108653,3.094004171089182e-6,6.232376048782185e-5,170,2720,170,0.34417092206625005
0.020810497081589028,0.1308631250015548,0.006578067027144258,4.92450912986553e-6,3.6247698205003605e-10,1.0001419172123371,3.6604866693323856e-6,6.288311276366871e-5,171,2736,171,0.3885239529953289
0.020932195894931654,0.13127408146259661,0.006594123404399712,4.92450912986553e-6,3.5136060937859116e-10,1.0001429771208439,2.3554331960440322e-6,6.34422394856802e-5,172,2752,172,0.30440800829215325
0.02105389470827428,0.13167984285989218,0.006610229955451131,4.92450912986553e-6,3.743114513893166e-10,1.0001441240815185,3.05021825397489e-6,6.400108209909625e-5,173,2768,173,0.3366690923993504
0.021175593521616905,0.1320804656076451,0.006626386081593988,4.92450912986553e-6,3.8520197162867655e-10,1.0001453288014797,3.505276879423036e-6,6.455960154652035e-5,174,2784,174,0.36806850500830773
0.02129729233495953,0.13247595233918022,0.006642591149970207,4.924509129865531e-6,4.002622019052669e-10,1.0001461399832001,3.1085200191682816e-6,6.51177578100707e-5,175,2800,175,0.3071905821122547
0.021418991148302157,0.13286637071588997,0.00665884449082716,4.92450912986553e-6,4.269794271736395e-10,1.0001474863168744,3.4874385193006674e-6,6.567552496040458e-5,176,2816,176,0.3294717855119928
0.021540689961644783,0.13325175852697774,0.0066751454990543885,4.924509129865531e-6,4.496098668167714e-10,1.0001483718911397,3.3249655473355233e-6,6.623288655975782e-5,177,2832,177,0.34143524453307866
0.02166238877498741,0.13363216276763254,0.006691493513726033,4.92450912986553e-6,4.5758013793231135e-10,1.0001494688595396,2.9964141390337318e-6,6.678981205346477e-5,178,2848,178,0.3446509966948603
0.021784087588330035,0.13400763727363013,0.00670788796037234,4.924509129865531e-6,5.096861667121343e-10,1.000150479117155,3.2199350741279886e-6,6.734627186327105e-5,179,2864,179,0.33493640446931344
0.02190578640167266,0.1343782112678583,0.006724328164548048,4.924509129865532e-6,4.952833946334547e-10,1.0001512891490747,2.941597813332919e-6,6.790222870066642e-5,180,2880,180,0.3194080467579566
0.022027485215015286,0.13474395658042612,0.006740813621364353,4.92450912986553e-6,5.116783017773519e-10,1.0001524189968602,2.4821076749503845e-6,6.845765593748678e-5,181,2896,181,0.29962587523748657
0.022149184028357912,0.1351049230551675,0.006757343767769556,4.924509129865531e-6,5.319323431818969e-10,1.000153089879917,3.3924798970019765e-6,6.90125314862382e-5,182,2912,182,0.38474071067093857
0.022270882841700538,0.13546119349497623,0.0067739180454907694,4.924509129865528e-6,5.104476376980349e-10,1.0001541999522614,3.3306947386790853e-6,6.956684480578044e-5,183,2928,183,0.3711014315723656
0.022392581655043164,0.13581283423371604,0.006790535847234245,4.92450912986553e-6,5.327604685340354e-10,1.0001549715003444,3.056154085356866e-6,7.012059458622757e-5,184,2944,184,0.3646263876507756
0.02251428046838579,0.1361599385180825,0.006807196508709479,4.92450912986553e-6,4.93348448026673e-10,1.0001558338487906,3.3057904857969334e-6,7.067378669191324e-5,185,2960,185,0.3701436176625469
0.022635979281728415,0.13650258153479997,0.006823899626611479,4.924509129865531e-6,4.94100619874542e-10,1.000156700828215,3.3257790974516865e-6,7.122641131107118e-5,186,2976,186,0.3799881663375734
0.02275767809507104,0.13684083233906283,0.006840644553214927,4.92450912986553e-6,4.782735561754429e-10,1.0001573292605725,3.741338183260723e-6,7.177845178767203e-5,187,2992,187,0.37967176825460347
0.022879376908413667,0.1371747822763174,0.0068574308815102965,4.924509129865531e-6,4.4806923557440573e-10,1.0001582871777015,3.334045459268964e-6,7.232990261640465e-5,188,3008,188,0.35719928700720005
0.023001075721756293,0.13750449487168453,0.006874257996036075,4.924509129865531e-6,4.57871313931383e-10,1.0001587858653254,3.6551977444787553e-6,7.288075812365553e-5,189,3024,189,0.37710133301972937
0.02312277453509892,0.13783009613882385,0.0068911254788509855,4.924509129865531e-6,3.927352265854197e-10,1.0001597358900436,3.332675913014782e-6,7.343102892548298e-5,190,3040,190,0.37608367631543194
0.023244473348441545,0.1381516425585962,0.006908032742151954,4.92450912986553e-6,4.020738137106402e-10,1.0001603079507786,2.870884863170886e-6,7.39807109560341e-5,191,3056,191,0.3478968583743573
0.02336617216178417,0.13846925403432878,0.006924979342542692,4.92450912986553e-6,3.3671729515315776e-10,1.000161051259674,3.5448540103288906e-6,7.4529824643134e-5,192,3072,192,0.35387736590000374
0.023487870975126796,0.13878299033151204,0.006941964763436587,4.92450912986553e-6,3.5196315322281836e-10,1.0001616912138147,3.4232325418770415e-6,7.507837360888993e-5,193,3088,193,0.3583713004755908
0.023609569788469422,0.13909297056784792,0.006958988557272528,4.92450912986553e-6,3.070983861361948e-10,1.0001622362356966,3.000462456270725e-6,7.562637192825107e-5,194,3104,194,0.33683967565423295
0.023731268601812048,0.13939926671442582,0.006976050231287861,4.924509129865531e-6,3.4026344693288324e-10,1.0001629416299922,3.663904024620024e-6,7.617383234556662e-5,195,3120,195,0.3948093210572136
0.023852967415154674,0.1397019777155465,0.00699314937972744,4.924509129865531e-6,3.3311994195346986e-10,1.0001633003320376,3.5068266512894297e-6,7.672076297341527e-5,196,3136,196,0.38595939023756276
0.0239746662284973,0.14000117971932302,0.007010285597220983,4.92450912986553e-6,3.8235253934232443e-10,1.0001640681183122,2.81294596504722e-6,7.726718365846308e-5,197,3152,197,0.3458883216370347
0.024096365041839925,0.14029696776124354,0.00702745844221737,4.92450912986553e-6,3.924694735430804e-10,1.0001643800131106,2.8813324632892545e-6,7.78131111066144e-5,198,3168,198,0.35198328496592934
0.02421806385518255,0.140589426034148,0.007044667503060639,4.924509129865531e-6,4.0510396166708687e-10,1.0001650834807305,2.837316699810799e-6,7.835856066989762e-5,199,3184,199,0.32982464048579396
0.024339762668525177,0.1408786331301649,0.007061912338633278,4.924509129865532e-6,4.3237912580957386e-10,1.0001654503335662,3.503203416244105e-6,7.89035428777724e-5,200,3200,200,0.3699524935821984
0.024461461481867803,0.14116467720212886,0.00707919261126985,4.92450912986553e-6,4.4672383760526516e-10,1.0001659967323995,3.1341102157966816e-6,7.944807685544885e-5,201,3216,201,0.36871880348995634
0.02458316029521043,0.14144762218385798,0.007096507895485374,4.92450912986553e-6,5.034229268724753e-10,1.0001664168174873,2.9481778796025537e-6,7.999217171604456e-5,202,3232,202,0.3567093887190279
0.024704859108553055,0.1417275652175061,0.007113857884801255,4.924509129865531e-6,5.046385488814428e-10,1.0001668162017439,2.814648780713469e-6,8.053584756753933e-5,203,3248,203,0.3278227591259697
0.02482655792189568,0.1420045414477752,0.007131242050760319,4.924509129865531e-6,5.423387073869538e-10,1.000167285735838,2.8694817331142985e-6,8.107909611721763e-5,204,3264,204,0.3305136534439844
0.024948256735238306,0.14227866964446023,0.007148660153538936,4.924509129865531e-6,5.813348093245011e-10,1.00016754928813,3.0392843584081675e-6,8.162195735006112e-5,205,3280,205,0.33191878117734225
0.025069955548580932,0.14254999316754585,0.007166111727118626,4.924509129865531e-6,5.884504742936561e-10,1.000168066303796,3.248718357440339e-6,8.216443470325699e-5,206,3296,206,0.3423998136380773
0.025191654361923558,0.1428186123436083,0.007183596581481405,4.924509129865532e-6,6.586432456959399e-10,1.0001698397386336,3.1810440503932114e-6,8.270654035295419e-5,207,3312,207,0.35574165234334665
0.025313353175266184,0.14308458402729293,0.00720111425824718,4.92450912986553e-6,6.308740881309579e-10,1.0001724331402146,3.4011016225576896e-6,8.32482866092608e-5,208,3328,208,0.3587927238849067
0.02543505198860881,0.14334800259876163,0.007218664579707405,4.92450912986553e-6,6.631603641965401e-10,1.0001744871652474,2.8212278664341284e-6,8.3789698725702e-5,209,3344,209,0.3459000044776519
0.025556750801951435,0.14360894629225043,0.0072362471486354905,4.92450912986553e-6,6.301672437934587e-10,1.0001765041033388,3.606450235338343e-6,8.43307980256472e-5,210,3360,210,0.4027525074245918
0.02567844961529406,0.143867483151844,0.007253861743363983,4.924509129865531e-6,6.359591756867122e-10,1.000178147091653,2.764928908050024e-6,8.48715971092261e-5,211,3376,211,0.309165630724907
0.025800148428636687,0.14412371878069843,0.0072715079746861365,4.92450912986553e-6,6.319248355915228e-10,1.0001797726390664,3.757891064992691e-6,8.541213947724966e-5,212,3392,212,0.3938037390975775
0.025921847241979313,0.14437772501321344,0.0072891856952859956,4.92450912986553e-6,6.125865083578812e-10,1.0001812162997674,2.9923061504177895e-6,8.595244390681387e-5,213,3408,213,0.31743638470764884
0.02604354605532194,0.14462960062108807,0.007306894527869226,4.92450912986553e-6,6.350904358589498e-10,1.0001821674928066,3.48225561452864e-6,8.64925488184292e-5,214,3424,214,0.3629795344253603
0.026165244868664565,0.14487941591251233,0.007324634318859176,4.92450912986553e-6,5.91699354799779e-10,1.0001831219306965,3.600280962245961e-6,8.703248283996662e-5,215,3440,215,0.3856935173842542
0.02628694368200719,0.1451272748200823,0.007342404767326251,4.92450912986553e-6,6.384953332207181e-10,1.0001838985737483,3.73247530660592e-6,8.757228728435326e-5,216,3456,216,0.40488307198005435
0.026408642495349816,0.14537323843495953,0.007360205726679422,4.92450912986553e-6,5.622824746128e-10,1.000184922974534,3.902484735363032e-6,8.811198416685901e-5,217,3472,217,0.40819020671398
0.026530341308692442,0.14561743561968535,0.007378036910412461,4.924509129865531e-6,5.994398183316267e-10,1.000185567695047,3.757539531079601e-6,8.865163008268064e-5,218,3488,218,0.4016295908150599
0.026652040122035068,0.14585992208966428,0.007395898125883871,4.92450912986553e-6,5.175897403996266e-10,1.000186092048907,3.434948325775622e-6,8.919125883911208e-5,219,3504,219,0.39991813406928245
0.026773738935377694,0.1461008222152946,0.007413789089134954,4.92450912986553e-6,5.541863554059691e-10,1.0001868751059435,3.6437974415548524e-6,8.973091738218627e-5,220,3520,220,0.40448122192773817
0.02689543774872032,0.14634018765515755,0.007431709660022214,4.924509129865531e-6,4.766258407614084e-10,1.0001872745186435,3.7472059233323307e-6,9.027064311502798e-5,221,3536,221,0.39774917793739417
0.027017136562062945,0.14657814247162107,0.007449659600632296,4.92450912986553e-6,5.080588960452283e-10,1.0001881281757583,3.351056676592634e-6,9.081048871905365e-5,222,3552,222,0.3747414450643473
0.02713883537540557,0.14681474812113496,0.0074676388351269975,4.924509129865531e-6,4.377249297406718e-10,1.0001887302210695,2.8733989410056893e-6,9.135049513371444e-5,223,3568,223,0.36088282115558035
0.027260534188748197,0.14705011474273638,0.007485647173138922,4.92450912986553e-6,4.620907411223859e-10,1.000189576032675,3.2269785066318946e-6,9.189070669426421e-5,224,3584,224,0.3703792733048091
0.027382233002090823,0.1472842783109876,0.007503684460169102,4.92450912986553e-6,3.92006725652267e-10,1.0001903532668868,3.817718052800956e-6,9.243115692906482e-5,225,3600,225,0.38490115112406864
0.02750393181543345,0.14751732627026096,0.00752175048998267,4.924509129865531e-6,4.218574650180779e-10,1.0001912210392279,3.7111753670160397e-6,9.297187461574233e-5,226,3616,226,0.3894334990757464
0.027625630628776075,0.14774928791853684,0.007539845175120571,4.92450912986553e-6,3.577453091977349e-10,1.0001921315557623,4.215080025460338e-6,9.351289989043694e-5,227,3632,227,0.3966643468269319
0.0277473294421187,0.14798025802409573,0.0075579684142442205,4.924509129865531e-6,3.9183768709048066e-10,1.000192949168908,4.432867228842952e-6,9.405427040881995e-5,228,3648,228,0.4071233599353211
0.027869028255461326,0.14821025415375702,0.007576120091909566,4.92450912986553e-6,3.512588915615957e-10,1.0001939430022861,2.6932925223377424e-6,9.459600831273608e-5,229,3664,229,0.31748298189798846
0.027990727068803952,0.1484393429938768,0.007594299986897521,4.924509129865531e-6,4.007723295196258e-10,1.0001947308530377,2.5727242558559738e-6,9.513812606535673e-5,230,3680,230,0.3161048214777687
0.028112425882146578,0.14866755987587782,0.007612508016576665,4.92450912986553e-6,3.7196979621831785e-10,1.0001954954472188,2.59895358567519e-6,9.568066173254484e-5,231,3696,231,0.30857236774535124
0.028234124695489204,0.14889495958959612,0.007630744089269872,4.92450912986553e-6,4.3308302225573154e-10,1.0001963062973682,2.9923093336492457e-6,9.622364315722872e-5,232,3712,232,0.3154789297927836
0.02835582350883183,0.14912160257294288,0.007649008170850494,4.924509129865532e-6,4.1606945814234127e-10,1.0001969503833195,3.020815952936573e-6,9.676711519726989e-5,233,3728,233,0.3310581133006053
0.028477522322174455,0.14934751914992614,0.007667300127997509,4.92450912986553e-6,4.850537217654529e-10,1.0001978624840533,2.615201566413816e-6,9.73110937862295e-5,234,3744,234,0.3298985291625502
0.02859922113551708,0.14957277380816295,0.007685619885460072,4.924509129865531e-6,4.851616629619559e-10,1.0001985560820086,2.912175204983214e-6,9.785561788813015e-5,235,3760,235,0.3252730039001604
0.028720919948859707,0.14979737660347725,0.007703967358082708,4.924509129865531e-6,5.407855240138845e-10,1.0001997555615063,2.549247568595092e-6,9.840071253489305e-5,236,3776,236,0.3297307771191086
0.028842618762202333,0.15002138740092358,0.007722342458692184,4.92450912986553e-6,5.749231786396291e-10,1.0002008474739312,3.1363939427819787e-6,9.894640364383598e-5,237,3792,237,0.3336217655043961
0.02896431757554496,0.1502448154636207,0.00774074515112464,4.924509129865531e-6,5.707726876344465e-10,1.0002023724002218,3.127808724912029e-6,9.949271881482071e-5,238,3808,238,0.32632835858518916
0.029086016388887585,0.15046771511545115,0.0077591753844629555,4.92450912986553e-6,6.518873197777911e-10,1.000203914411812,3.667937775730934e-6,0.00010003967657595861,239,3824,239,0.41275558326045275
0.02920771520223021,0.1506900713334048,0.007777633026851842,4.92450912986553e-6,5.844140225716833e-10,1.0002056510262034,3.5733695256112696e-6,0.00010058728792168047,240,3840,240,0.40892223868774
0.029329414015572836,0.15091191749617805,0.007796118009980899,4.924509129865531e-6,6.832025897763887e-10,1.000207158077661,3.836180269445322e-6,0.00010113556054804166,241,3856,241,0.41104331823732543
0.029451112828915462,0.15113323549298602,0.007814630257351473,4.92450912986553e-6,5.980530337646e-10,1.0002086254675002,3.199921735586031e-6,0.00010168451441408535,242,3872,242,0.4161528094980634
0.029572811642258088,0.15135405620758338,0.007833169790201667,4.92450912986553e-6,6.808933864121553e-10,1.000209943725819,4.1881589822878595e-6,0.00010223414881545864,243,3888,243,0.4149945691186518
0.029694510455600714,0.15157431226587623,0.007851736426442161,4.924509129865531e-6,6.088858069068808e-10,1.0002108558548028,2.681355226741289e-6,0.00010278443902194067,244,3904,244,0.3308702298165969
0.02981620926894334,0.15179402142270337,0.007870330137503729,4.924509129865531e-6,6.778528543058896e-10,1.0002119761257893,3.0284439844763256e-6,0.00010333537300832887,245,3920,245,0.33943287925872995
0.029937908082285965,0.15201311910049803,0.007888950818097528,4.92450912986553e-6,6.157247793405251e-10,1.0002125920508924,3.4679228377854088e-6,0.00010388692565836871,246,3936,246,0.3486882512304644
0.03005960689562859,0.15223163577616886,0.007907598525047934,4.92450912986553e-6,6.743995572596354e-10,1.000213292812794,2.9957510179201563e-6,0.00010443909996056438,247,3952,247,0.3442315681069555
0.030181305708971217,0.15244953353831,0.007926273162420266,4.924509129865531e-6,6.188719889272101e-10,1.0002138848243642,2.978945786935583e-6,0.00010499187496503503,248,3968,248,0.3379577404257131
0.030303004522313843,0.152666810520466,0.007944974678660784,4.92450912986553e-6,6.724839053739573e-10,1.0002143020168464,3.4444390450971696e-6,0.00010554523278033935,249,3984,249,0.3489467420403232
0.03042470333565647,0.15288342677105554,0.0079637029488749,4.92450912986553e-6,6.19988204766722e-10,1.000215019489245,3.394276859580714e-6,0.00010609915499414109,250,4000,250,0.35553732753563183
0.030546402148999095,0.1530993834304441,0.00798245790583664,4.924509129865531e-6,6.751124439620926e-10,1.0002154864183581,3.2012602275699464e-6,0.0001066536340996027,251,4016,251,0.34333846709884586
0.03066810096234172,0.15331464625040594,0.008001239442198155,4.924509129865531e-6,6.130407741697952e-10,1.0002163976657303,3.0049331911641275e-6,0.0001072086615055666,252,4032,252,0.32287603327369757
0.030789799775684346,0.15352922420892506,0.008020047493140822,4.924509129865531e-6,6.519763822180099e-10,1.000217259758614,2.918126185136316e-6,0.00010776422158556345,253,4048,253,0.3204445869339008
0.030911498589026972,0.15374306467595641,0.008038881961998742,4.924509129865532e-6,5.684590075291096e-10,1.000218787186243,2.9341903129420643e-6,0.00010832029376062125,254,4064,254,0.3250138190363056
0.031033197402369598,0.1539561797051875,0.008057742767155079,4.924509129865531e-6,6.159513934408894e-10,1.0002200922064515,3.5357317074158345e-6,0.00010887686793006249,255,4080,255,0.41730765902750006
0.031154896215712224,0.15416851528595574,0.008076629826378332,4.92450912986553e-6,5.220177003249607e-10,1.0002221302680228,3.8084033633367653e-6,0.00010943393669305346,256,4096,256,0.39662825356200293
0.03127659502905485,0.1543800816464551,0.008095543011400521,4.92450912986553e-6,5.826394262480429e-10,1.0002237992161298,3.470071334277236e-6,0.00010999147588644522,257,4112,257,0.38499426190436625
0.03139829384239748,0.15459083772059298,0.008114482268025169,4.92450912986553e-6,4.774488433518559e-10,1.0002257377713746,3.443907900191334e-6,0.00011054948564316959,258,4128,258,0.3790492121004104
0.031519992655740105,0.15480079742173902,0.008133447458478129,4.924509129865531e-6,5.553141649171083e-10,1.0002271705440102,3.245418110253695e-6,0.00011110795083130175,259,4144,259,0.36485393874430033
0.03164169146908273,0.1550099243504531,0.008152438559630238,4.92450912986553e-6,4.617735192834641e-10,1.000228903678869,3.1406237610553944e-6,0.00011166687702033758,260,4160,260,0.34967271450902443
0.031763390282425356,0.1552181833420106,0.008171455356187567,4.924509129865531e-6,5.306472221600685e-10,1.0002300512876565,3.443484615672787e-6,0.00011222621942856242,261,4176,261,0.3432263904546864
0.03188508909576798,0.1554255341721597,0.008190497751309849,4.924509129865531e-6,4.837012301687794e-10,1.0002315247815563,3.052782915347052e-6,0.00011278596881514527,262,4192,262,0.36172303464610867
0.03200678790911061,0.15563196671669466,0.008209565654096883,4.92450912986553e-6,5.713444964915784e-10,1.0002325598171353,3.438484341700132e-6,0.00011334610901579594,263,4208,263,0.36038580549735677
0.032128486722453234,0.15583743679971412,0.008228659002140048,4.924509129865531e-6,5.328634385299832e-10,1.0002337668478096,3.1089022911601205e-6,0.00011390660841243257,264,4224,264,0.3477489169553566
0.03225018553579586,0.1560418961646238,0.008247777575021632,4.92450912986553e-6,6.325253525437528e-10,1.000234860563509,2.7955877612839686e-6,0.00011446742352310762,265,4240,265,0.3420627953315192
0.032371884349138486,0.156245326882606,0.008266921344054337,4.92450912986553e-6,6.060988201739556e-10,1.0002358910271323,2.975313151409864e-6,0.0001150285388506834,266,4256,266,0.341790926885117
0.03249358316248111,0.15644765643196412,0.008286090086348275,4.92450912986553e-6,6.982840221894601e-10,1.0002372839295142,2.9145976299105314e-6,0.00011558989634577631,267,4272,267,0.33034584054118005
0.03261528197582374,0.15664888450055647,0.00830528380659971,4.92450912986553e-6,6.975460714326434e-10,1.0002382938539454,3.850900583302064e-6,0.00011615149210320346,268,4288,268,0.3956578748009616
0.03273698078916636,0.15684894046883288,0.00832450223595925,4.92450912986553e-6,7.262698864985512e-10,1.0002397421063067,3.320809412343806e-6,0.00011671326350230486,269,4304,269,0.3589246930297027
0.03285867960250899,0.1570477713225478,0.008343745217516949,4.92450912986553e-6,7.423236453378072e-10,1.0002406494626555,2.8167812899937417e-6,0.00011727515197392772,270,4320,270,0.32774887440721867
0.032980378415851615,0.15724535519181862,0.008363012604624322,4.924509129865531e-6,7.441764037416547e-10,1.0002420124656048,3.4984236094715015e-6,0.00011783714576776959,271,4336,271,0.3863663385815092
0.03310207722919424,0.15744167007662663,0.008382304381010126,4.924509129865531e-6,7.690597046202557e-10,1.0002427884505392,3.5097329487143725e-6,0.00011839922701309054,272,4352,272,0.41062493600096595
0.033223776042536866,0.15763666951182145,0.0084016202422363,4.92450912986553e-6,7.615381035017291e-10,1.0002438553588047,3.9498935677784175e-6,0.00011896131998849906,273,4368,273,0.3759366779778028
0.03334547485587949,0.15783031482128929,0.008420960056377567,4.92450912986553e-6,7.917637908638508e-10,1.000244518197675,4.109654668127405e-6,0.00011952340479540253,274,4384,274,0.42098742675359413
0.03346717366922212,0.1580225732760199,0.008440323631176944,4.924509129865531e-6,7.759115579028951e-10,1.0002452423810677,4.5620716093708324e-6,0.00012008545589000287,275,4400,275,0.40660870762081625
0.033588872482564744,0.1582134285449185,0.008459710881021588,4.92450912986553e-6,8.08527863290819e-10,1.000245873661083,3.5987751516586286e-6,0.00012064744684075926,276,4416,276,0.4065462548321647
0.03371057129590737,0.1584028292808916,0.008479121548024006,4.92450912986553e-6,7.874296088791297e-10,1.0002464346214783,3.5165001577297517e-6,0.0001212093204376586,277,4432,277,0.3598823103933993
0.033832270109249996,0.15859073918193453,0.00849855547796742,4.92450912986553e-6,8.197036818197761e-10,1.000247144331186,3.7333030888930807e-6,0.00012177104083175133,278,4448,278,0.3568334784218594
0.03395396892259262,0.15877709527248318,0.008518012515078553,4.92450912986553e-6,7.985603005533641e-10,1.0002477903383349,3.3123344067576e-6,0.00012233258333418446,279,4464,279,0.37605523420159837
0.03407566773593525,0.15896188257953217,0.008537492485612821,4.92450912986553e-6,8.275530084224637e-10,1.0002486383310012,3.3469247355810694e-6,0.0001228939130139807,280,4480,280,0.39655255130839356
0.03419736654927787,0.15914504187599768,0.008556995154416748,4.92450912986553e-6,8.136013691342246e-10,1.0002496361320077,4.069635650694181e-6,0.00012345498288026042,281,4496,281,0.41204835653739313
0.0343190653626205,0.15932656794227723,0.008576520349820366,4.924509129865531e-6,7.945644088914151e-10,1.0002511003605448,4.163959133052231e-6,0.00012401575901004012,282,4512,282,0.4286212930277783
0.034440764175963125,0.15950642865929357,0.008596067882016159,4.92450912986553e-6,7.885942293096575e-10,1.0002525218972729,3.782199428314925e-6,0.00012457621283414426,283,4528,283,0.36939353402396036
0.03456246298930575,0.15968460724136513,0.008615637527818387,4.92450912986553e-6,7.440746332679284e-10,1.000254035107471,3.5796391557596507e-6,0.0001251363239798104,284,4544,284,0.3840700730837462
0.034684161802648376,0.15986105686507193,0.008635229075621259,4.92450912986553e-6,7.759811328809145e-10,1.0002556585459832,3.71697001355642e-6,0.00012569605937335732,285,4560,285,0.3884094577075573
0.034805860615991,0.16003568150278302,0.00865484216477735,4.924509129865531e-6,6.997710666621284e-10,1.0002573943688,4.421792880293651e-6,0.00012625534069084544,286,4576,286,0.39690124617668754
0.03492755942933363,0.160208508316477,0.008674476758207532,4.92450912986553e-6,7.70144466163427e-10,1.00025894381125,3.7457139612229184e-6,0.00012681418098122818,287,4592,287,0.4076218611295046
0.035049258242676254,0.16037945281259613,0.00869413256704631,4.92450912986553e-6,6.623789708220116e-10,1.0002606061631871,3.7153619700802665e-6,0.00012737250011830934,288,4608,288,0.4166333215429052
0.03517095705601888,0.16054848013536907,0.008713809336071037,4.92450912986553e-6,7.396078614088382e-10,1.0002618903661809,3.4479184876090585e-6,0.00012793024014359945,289,4624,289,0.4041477108343915
0.035292655869361506,0.16071553470342723,0.008733506764831443,4.92450912986553e-6,6.052846649540346e-10,1.00026345361453,4.467015372711103e-6,0.00012848735609174812,290,4640,290,0.3916728677804791
0.03541435468270413,0.16088062420450328,0.008753224770169599,4.924509129865531e-6,6.493536024831155e-10,1.0002645271738828,3.817779060000248e-6,0.00012904382756360994,291,4656,291,0.36874733076264565
0.03553605349604676,0.16104366811042145,0.008772962958834956,4.92450912986553e-6,6.439604836007537e-10,1.000266066157672,3.7571805080460763e-6,0.00012959955877541433,292,4672,292,0.42902043253800826
0.03565775230938938,0.16120463858193884,0.008792721187416523,4.92450912986553e-6,7.192587356453056e-10,1.0002670474011508,3.4097039929292805e-6,0.00013015453405484798,293,4688,293,0.37877250429971787
0.03577945112273201,0.16136350988417208,0.008812499102986867,4.924509129865531e-6,6.874656301981427e-10,1.0002686014806352,4.110372657351036e-6,0.00013070869802528213,294,4704,294,0.34374691119783857
0.035901149936074635,0.1615202486898432,0.008832296494609341,4.924509129865531e-6,8.256856229630655e-10,1.0002695770911205,4.2607032639807585e-6,0.00013126200520608593,295,4720,295,0.41201928674170274
0.03602284874941726,0.1616748506753971,0.00885211312930578,4.924509129865531e-6,7.425891867711897e-10,1.0002711453684292,3.1193999916467874e-6,0.00013181444221905915,296,4736,296,0.35094569680756393
0.036144547562759886,0.16182728766061785,0.008871948731303581,4.92450912986553e-6,8.904313267674788e-10,1.0002721254507072,3.0017279328831137e-6,0.0001323659448850868,297,4752,297,0.3269917065750436
0.03626624637610251,0.16197755167888456,0.008891802932082752,4.924509129865531e-6,8.135913884695156e-10,1.0002736816650424,3.518681879199903e-6,0.00013291648220789377,298,4768,298,0.3697600537003534
0.03638794518944514,0.16212567439011494,0.008911675587539615,4.924509129865531e-6,9.640960576759887e-10,1.0002747023249579,3.882896493223598e-6,0.00013346606772733722,299,4784,299,0.43749281285908864
0.036509644002787764,0.1622716127613079,0.00893156642515003,4.924509129865532e-6,8.888788269810223e-10,1.0002761719850277,3.597565608970399e-6,0.00013401465730286972,300,4800,300,0.3861798503159357
0.03663134281613039,0.1624154181484994,0.0089514751956714,4.92450912986553e-6,1.035700164859983e-9,1.0002774161169559,3.808727370824272e-6,0.0001345622507413398,301,4816,301,0.42575540489903224
0.036753041629473016,0.16255705541259333,0.008971401622044593,4.92450912986553e-6,9.549500454927647e-10,1.0002788612827678,4.786439859572056e-6,0.0001351088240813191,302,4832,302,0.37303772815446523
0.03687474044281564,0.16269652011010807,0.008991345350783064,4.924509129865532e-6,1.0703384867320494e-9,1.000280129857465,4.0946391095531e-6,0.00013565433605299823,303,4848,303,0.4072371512427143
0.03699643925615827,0.16283387941235386,0.009011306316384771,4.92450912986553e-6,9.875414923375581e-10,1.0002816087707256,3.630132638932082e-6,0.00013619886176651698,304,4864,304,0.41015417955456973
0.03711813806950089,0.16296909667950815,0.009031284149338117,4.924509129865531e-6,1.1120613483061823e-9,1.0002828587187758,4.567919916098617e-6,0.00013674234308482945,305,4880,305,0.4051642442659489
0.03723983688284352,0.16310221407984124,0.009051278547012964,4.92450912986553e-6,1.00827202736392e-9,1.000284333779243,4.65304728436422e-6,0.00013728475836693844,306,4896,306,0.39679885500307355
0.037361535696186145,0.16323326816868133,0.009071289261605399,4.92450912986553e-6,1.160463997246281e-9,1.0002855241307451,3.892749589340383e-6,0.00013782613272255584,307,4912,307,0.3714120390906741
0.03748323450952877,0.1633623302328221,0.009091316075163652,4.92450912986553e-6,1.0127991818045904e-9,1.0002868872552713,3.3947902124964457e-6,0.0001383664909138414,308,4928,308,0.35368272993701266
0.037604933322871396,0.16348937763260157,0.009111358650027322,4.924509129865531e-6,1.1321800056595157e-9,1.0002879593148117,3.1620883760297147e-6,0.00013890581460704402,309,4944,309,0.370188330371036
0.03772663213621402,0.1636144761462161,0.009131416905228276,4.92450912986553e-6,9.96306634770702e-10,1.000289030527436,3.821612722276768e-6,0.0001394441301144202,310,4960,310,0.36942563734876693
0.03784833094955665,0.16373761471724776,0.009151490568447324,4.92450912986553e-6,1.0867734347573652e-9,1.000289919122083,4.613061321379064e-6,0.0001399814360928461,311,4976,311,0.41354897238275024
0.037970029762899274,0.1638587599629093,0.009171579329721116,4.92450912986553e-6,9.786404101543445e-10,1.0002905465497884,3.346710371943118e-6,0.00014051767201273308,312,4992,312,0.37723675472049023
0.0380917285762419,0.16397793847533676,0.009191682968358868,4.92450912986553e-6,1.0396368335551032e-9,1.0002912829027575,3.312829107926518e-6,0.00014105286303651036,313,5008,313,0.35356179215062467
0.038213427389584526,0.16409514728052405,0.009211801307000712,4.924509129865531e-6,9.71535026971049e-10,1.000291529397499,4.107588935653439e-6,0.0001415869755285818,314,5024,314,0.4396274649111657
0.03833512620292715,0.1642103904717451,0.009231934085863137,4.92450912986553e-6,1.0031068251849651e-9,1.0002922367951717,3.3219152726360335e-6,0.0001421200049169411,315,5040,315,0.36718459966092065
0.03845682501626978,0.16432367168912174,0.00925208101965676,4.924509129865531e-6,9.83959280782118e-10,1.0002923466486902,3.892799327331886e-6,0.00014265190814630166,316,5056,316,0.4041296767618281
0.0385785238296124,0.16443500982333442,0.009272241910989189,4.924509129865531e-6,9.8535000394642e-10,1.0002931312448085,3.652657198927045e-6,0.00014318270522766576,317,5072,317,0.44188155894925546
0.03870022264295503,0.16454445659099137,0.009292416492507566,4.92450912986553e-6,1.0084186077649294e-9,1.0002933518399948,3.0572889997415587e-6,0.00014371237624855114,318,5088,318,0.3341069352796313
0.038821921456297655,0.1646520259475661,0.009312604598843305,4.924509129865531e-6,8.78232792787252e-10,1.0002942395705396,2.7624413121429825e-6,0.00014424093497224612,319,5104,319,0.34989720305648775
0.03894362026964028,0.1647577106459248,0.009332805884843191,4.924509129865531e-6,9.845644031551116e-10,1.000294699803003,3.5187049718388153e-6,0.00014476832662893772,320,5120,320,0.35472771495827965
0.039065319082982906,0.16486154578052517,0.009353020208543414,4.924509129865531e-6,8.257659488326717e-10,1.0002956520308952,2.661602735543056e-6,0.00014529457895727413,321,5136,321,0.3521651557470747
0.03918701789632553,0.16496350490342723,0.009373247361636547,4.92450912986553e-6,9.623835614460807e-10,1.0002963770210327,3.611704002537408e-6,0.00014581964709363453,322,5152,322,0.34928679354433656
0.03930871670966816,0.16506362179506934,0.009393487002003898,4.92450912986553e-6,8.736138420686564e-10,1.0002974743084514,3.0310344385497956e-6,0.00014634350625861086,323,5168,323,0.33385005550628055
0.039430415523010784,0.1651618739777928,0.009413738972565646,4.924509129865532e-6,1.0073908466253157e-9,1.0002985103366948,3.6194634844832763e-6,0.00014686617096061505,324,5184,324,0.4427438202375941
0.03955211433635341,0.16525834868940795,0.00943400303237318,4.92450912986553e-6,9.924108245984747e-10,1.000300003362531,3.661256528175727e-6,0.00014738767820051115,325,5200,325,0.4368550087403315
0.039673813149696036,0.16535305624031849,0.009454279047162312,4.924509129865531e-6,1.152640317891862e-9,1.0003012990466813,3.82383956321064e-6,0.00014790805005938378,326,5216,326,0.4448485108789358
0.03979551196303866,0.16544602471414155,0.009474566653765138,4.92450912986553e-6,1.0492744051164874e-9,1.0003027619347873,2.8759732231264934e-6,0.00014842725871629998,327,5232,327,0.34284431813784
0.03991721077638129,0.16553735740889927,0.00949486577670378,4.92450912986553e-6,1.2299596261104092e-9,1.0003042289093351,2.8533847284961666e-6,0.00014894537957526878,328,5248,328,0.3477840202562086
0.04003890958972391,0.16562704345662232,0.009515176083799011,4.92450912986553e-6,1.1094416826946942e-9,1.0003056181527978,3.99780315518683e-6,0.00014946239293409417,329,5264,329,0.3661244122185939
0.04016060840306654,0.16571517310357062,0.009535497449981637,4.92450912986553e-6,1.3047858729277462e-9,1.0003071604794058,4.692483468460296e-6,0.00014997836429139958,330,5280,330,0.38291240854050823
0.040282307216409165,0.16580173528106415,0.009555829693108872,4.92450912986553e-6,1.1770417398877967e-9,1.0003084465639365,3.5349526115169283e-6,0.00015049327811976146,331,5296,331,0.3775196920312924
0.04040400602975179,0.1658867799496627,0.00957617261959041,4.924509129865531e-6,1.4013483116884713e-9,1.0003100074650084,4.256906649402481e-6,0.00015100717112763887,332,5312,332,0.3707767066674334
0.040525704843094416,0.16597029054932833,0.009596526010066006,4.92450912986553e-6,1.24042786799939e-9,1.0003113958782472,4.549947085763506e-6,0.00015152000286907614,333,5328,333,0.40127410934372343
0.04064740365643704,0.16605234281244197,0.009616889707958867,4.92450912986553e-6,1.4455382437159015e-9,1.0003128641424608,3.534750646849716e-6,0.0001520318451843683,334,5344,334,0.40640629395662503
0.04076910246977967,0.16613296030688715,0.00963726365923578,4.924509129865531e-6,1.29139031673455e-9,1.0003144508660702,3.3199764857272385e-6,0.00015254269553703693,335,5360,335,0.3879330920483591
0.040890801283122294,0.16621217538215172,0.009657647459072483,4.924509129865531e-6,1.4622849190255372e-9,1.0003159574207052,3.5524426067468085e-6,0.00015305257091813515,336,5376,336,0.37615195588282846
0.04101250009646492,0.1662900434500825,0.009678041054731473,4.92450912986553e-6,1.3279147337234603e-9,1.0003174823562704,4.076208170999962e-6,0.00015356150675812814,337,5392,337,0.3913301757868562
0.041134198909807546,0.1663666355413545,0.009698444273733875,4.92450912986553e-6,1.4608299410086913e-9,1.0003189875873226,3.450080399147737e-6,0.0001540695390935396,338,5408,338,0.37756342566669476
0.04125589772315017,0.16644198529960183,0.009718857068954069,4.924509129865531e-6,1.353417965575787e-9,1.0003204193084172,4.0733534802939175e-6,0.0001545767006381513,339,5424,339,0.45449999965487053
0.0413775965364928,0.1665160883992548,0.009739279161538739,4.92450912986553e-6,1.4467806377592504e-9,1.0003218663027336,3.6390694901911047e-6,0.00015508294525692405,340,5440,340,0.4420010702718506
0.04149929534983542,0.16658898307238754,0.009759710430721621,4.92450912986553e-6,1.3768194415392938e-9,1.000323189035865,4.134317862281023e-6,0.0001555883158900507,341,5456,341,0.45279297822287345
0.04162099416317805,0.16666068430325157,0.009780150772768571,4.92450912986553e-6,1.4289041375007988e-9,1.0003245710800648,3.218511579916594e-6,0.00015609279635862903,342,5472,342,0.3409205886243511
0.041742692976520675,0.1667312631810012,0.009800599998345129,4.924509129865528e-6,1.4092952590095814e-9,1.0003258012226177,4.653379903629684e-6,0.0001565964002157543,343,5488,343,0.4517865629182174
0.0418643917898633,0.1668006833456902,0.00982105805100901,4.924509129865528e-6,1.4161059403765666e-9,1.0003271465490082,4.379507231533353e-6,0.00015709912646208105,344,5504,344,0.45458172924801726
0.041986090603205926,0.16686903731369895,0.009841524728988473,4.92450912986553e-6,1.4839217089176457e-9,1.0003282919737764,3.6759339536729385e-6,0.00015760102600530148,345,5520,345,0.3511482511850174
0.04210778941654855,0.16693633462217936,0.00986200001107904,4.92450912986553e-6,1.4240774664151727e-9,1.0003296062774476,3.0546651430540805e-6,0.0001581021110592845,346,5536,346,0.3429634415364804
0.04222948822989118,0.16700267628292856,0.009882483634673422,4.924509129865531e-6,1.6008137013157295e-9,1.0003306601634325,4.505145938082933e-6,0.00015860242109067964,347,5552,347,0.448525239699015
0.042351187043233804,0.1670681180766832,0.009902975523945026,4.92450912986553e-6,1.348917806255032e-9,1.0003319256486447,4.4720258607355845e-6,0.0001591019993445615,348,5568,348,0.45942803398701004
0.04247288585657643,0.16713271715276334,0.009923475514141147,4.92450912986553e-6,1.4935982376330989e-9,1.0003328739687722,4.804628872534522e-6,0.00015960090481785687,349,5584,349,0.4604769001053415
0.042594584669919056,0.16719657127754717,0.009943983651343061,4.92450912986553e-6,1.3058431512229827e-9,1.0003340607563318,4.625267109759079e-6,0.00016009918729075097,350,5600,350,0.44367872756494103
0.04271628348326168,0.16725968100284494,0.009964499762773216,4.92450912986553e-6,1.3723395043404045e-9,1.0003350118698775,3.913810076028312e-6,0.0001605968733719616,351,5616,351,0.42099027377337217
0.04283798229660431,0.16732208214558889,0.009985023725893931,4.92450912986553e-6,1.2837376790090425e-9,1.0003360076770442,4.330408387431817e-6,0.00016109398911156003,352,5632,352,0.4146297350657595
0.04295968110994693,0.16738381697529367,0.010005555490726969,4.92450912986553e-6,1.2831531347460999e-9,1.0003371349769246,4.168828922956891e-6,0.000161590606915361,353,5648,353,0.4095137033581561
0.04308137992328956,0.1674449247288714,0.010026094952111967,4.92450912986553e-6,1.368751340143514e-9,1.0003380497545598,3.4059379458994954e-6,0.00016208675845204635,354,5664,354,0.3858821455361306
0.043203078736632185,0.16750545304608183,0.010046642046139939,4.92450912986553e-6,1.3968818846180058e-9,1.0003392097121313,4.089187484623835e-6,0.00016258248246747505,355,5680,355,0.38756419093971417
0.04332477754997481,0.16756545372830736,0.010067196659206822,4.92450912986553e-6,1.4347208373668308e-9,1.000340151159558,4.313372755859746e-6,0.00016307781360943595,356,5696,356,0.4157837529974433
0.043446476363317436,0.16762497450183822,0.010087758827810725,4.92450912986553e-6,1.4496442459395287e-9,1.0003412213069665,4.36196198450034e-6,0.00016357280233945796,357,5712,357,0.427463764584136
0.04356817517666006,0.16768406855086748,0.010108328470642887,4.924509129865531e-6,1.5361462286857691e-9,1.0003421165088826,4.252907359614255e-6,0.00016406747086903636,358,5728,358,0.40981844676442886
0.04368987399000269,0.1677427396220555,0.010128905471109216,4.92450912986553e-6,1.5802049734739323e-9,1.0003430533769055,4.037642753473847e-6,0.00016456186446158077,359,5744,359,0.45102942913654787
0.043811572803345314,0.1678010880214147,0.010149489823579652,4.92450912986553e-6,1.684743223022889e-9,1.0003438650796082,4.3892573131643076e-6,0.0001650560612024399,360,5760,360,0.4166594920357483
0.04393327161668794,0.16785914218032888,0.010170081628226144,4.924509129865531e-6,1.7454349184761843e-9,1.0003446804328793,4.268833635023839e-6,0.0001655500977924091,361,5776,361,0.4240181148401446
0.044054970430030566,0.16791695036540205,0.010190680565463838,4.924509129865531e-6,1.776083305055947e-9,1.0003454566486678,3.989603499121586e-6,0.0001660440276083475,362,5792,362,0.41649889397851975
0.04417666924337319,0.16797456786237575,0.010211286843632029,4.92450912986553e-6,1.8243695186677728e-9,1.0003461978108308,4.244281171850162e-6,0.0001665378629442998,363,5808,363,0.40868606662882406
0.04429836805671582,0.16803206890469782,0.010231900264044353,4.92450912986553e-6,1.857936013129713e-9,1.0003470073979823,4.295703121215411e-6,0.00016703170890609831,364,5824,364,0.4468443654649567
0.04442006687005844,0.1680894738344982,0.010252520990272074,4.92450912986553e-6,1.8545552740350491e-9,1.0003476810094434,4.166516362147377e-6,0.0001675255226591151,365,5840,365,0.41485321658452917
0.04454176568340107,0.16814682211577478,0.010273148831397239,4.92450912986553e-6,1.9530165361177418e-9,1.0003485432266497,4.334667096372868e-6,0.0001680193713907599,366,5856,366,0.36587879253746614
0.044663464496743695,0.168204107845483,0.010293783910294924,4.92450912986553e-6,1.8921055935889667e-9,1.000349133983858,3.633899936517082e-6,0.00016851323816301808,367,5872,367,0.43172750574847435
0.04478516331008632,0.16826139656017378,0.01031442615243277,4.92450912986553e-6,2.0678103905609244e-9,1.0003500535531298,3.6380459391693876e-6,0.00016900716975566438,368,5888,368,0.3968856626669092
0.044906862123428946,0.16831865479144636,0.010335075485824267,4.92450912986553e-6,1.9292221299057108e-9,1.0003506779829816,3.7304104694158013e-6,0.00016950114144854243,369,5904,369,0.38439883681767356
0.04502856093677157,0.1683759516802234,0.010355732064610424,4.92450912986553e-6,2.2102060966307014e-9,1.0003515588225274,3.8137738300747515e-6,0.00016999521547822992,370,5920,370,0.39073891486770174
0.0451502597501142,0.16843334733299076,0.010376395798216491,4.92450912986553e-6,1.9659423260659664e-9,1.000352514168217,3.1996357563457423e-6,0.00017048947746255537,371,5936,371,0.38372232740798
0.045271958563456824,0.1684908492245178,0.010397066851698646,4.92450912986553e-6,2.3546987733462585e-9,1.0003534704164692,3.867241986199588e-6,0.00017098392564147386,372,5952,372,0.39767093944748527
0.04539365737679945,0.16854854541952727,0.010417744968911286,4.924509129865528e-6,2.007610752846376e-9,1.0003543403980928,4.163088362929557e-6,0.0001714786395167433,373,5968,373,0.4283809450222224
0.045515356190142076,0.16860640106761424,0.010438430437902185,4.92450912986553e-6,2.227584663589293e-9,1.000355345621577,3.920129643120163e-6,0.00017197361220738747,374,5984,374,0.42389859619054077
0.0456370550034847,0.16866449988439372,0.010459123081760047,4.92450912986553e-6,2.0208393011770214e-9,1.0003560911591787,3.090090672230872e-6,0.00017246889998558262,375,6000,375,0.37976209919751164
0.04575875381682733,0.1687228238693965,0.010479823122968617,4.92450912986553e-6,2.1139288257102586e-9,1.0003571069045962,2.7744266617446556e-6,0.0001729644952237814,376,6016,376,0.32479359444413747
0.04588045263016995,0.16878138791590144,0.010500530453614808,4.92450912986553e-6,2.0202788483520002e-9,1.000357722010912,3.4215204891552276e-6,0.00017346046095174824,377,6032,377,0.35752968532383333
0.04600215144351258,0.1688402066243491,0.010521245132050498,4.92450912986553e-6,2.0375670900649334e-9,1.0003587576514295,3.249105162694832e-6,0.0001739568184674029,378,6048,378,0.36105157940917065
0.046123850256855205,0.1688993105571059,0.010541967287153486,4.924509129865528e-6,2.0925884265051408e-9,1.0003592573973916,4.6274202958329624e-6,0.00017445361682252004,379,6064,379,0.4629167168247795
0.04624554907019783,0.16895869231735933,0.010562696839281365,4.92450912986553e-6,2.012185736982624e-9,1.0003603496537203,4.014084751702285e-6,0.00017495085950176788,380,6080,380,0.4168955498889736
0.046367247883540456,0.1690183881798175,0.010583433903549743,4.92450912986553e-6,2.2686604255189905e-9,1.0003607486628803,3.969886989807492e-6,0.00017544853852092697,381,6096,381,0.4486412611143235
0.04648894669688308,0.1690783800108478,0.010604178464825639,4.92450912986553e-6,1.9949241567836313e-9,1.000361889483976,5.0708247840702825e-6,0.00017594668754691327,382,6112,382,0.4711408381427825
0.04661064551022571,0.16913868280944355,0.010624930582041192,4.924509129865528e-6,2.173708733684934e-9,1.0003622835273982,5.1856067813105255e-6,0.00017644527427203443,383,6128,383,0.46833759525493857
0.046732344323568334,0.1691992961492447,0.010645690264043347,4.92450912986553e-6,1.8864821494144667e-9,1.000363301730954,3.8316336770094495e-6,0.00017694436763507408,384,6144,384,0.45664743065303387
0.04685404313691096,0.1692602640556018,0.010666457486691464,4.924509129865528e-6,2.0595912802244557e-9,1.0003636843568322,4.427539842311035e-6,0.000177443982606556,385,6160,385,0.45268815483312497
0.046975741950253586,0.16932164937136204,0.01068723248910888,4.92450912986553e-6,1.894597745584149e-9,1.000364560873712,5.186187038930257e-6,0.0001779442020394574,386,6176,386,0.4021750021202653
0.04709744076359621,0.16938340484978984,0.010708015046182896,4.92450912986553e-6,1.998596537569325e-9,1.0003651057326526,3.6184506910785785e-6,0.0001784449833637392,387,6192,387,0.40036913754317277
0.04721913957693884,0.16944558477374624,0.0107288054448376,4.92450912986553e-6,1.973039006847002e-9,1.000366080956249,5.111939316293501e-6,0.00017894636121634915,388,6208,388,0.4568286828024439
0.04734083839028146,0.16950815985523132,0.010749603604013062,4.92450912986553e-6,2.0150739748454394e-9,1.0003665160081645,3.6471849540475887e-6,0.00017944833180117542,389,6224,389,0.3366562670594268
0.04746253720362409,0.16957106839133804,0.010770409602702535,4.924509129865531e-6,2.106898820600052e-9,1.0003675460100425,4.364397966583056e-6,0.00017995082532110647,390,6240,390,0.4404714407726968
0.047584236016966715,0.16963432630780154,0.010791223475631906,4.92450912986553e-6,2.180136363848002e-9,1.0003678867958516,4.0835903121205774e-6,0.00018045387201811664,391,6256,391,0.4242546920346804
0.04770593483030934,0.16969786683663465,0.01081204516356648,4.92450912986553e-6,2.271417895830746e-9,1.0003689724363678,5.229152618468902e-6,0.00018095742234172763,392,6272,392,0.46191659234984916
0.047827633643651966,0.1697617899925428,0.01083287490618767,4.92450912986553e-6,2.382438486606191e-9,1.0003693882467737,3.6281196287291095e-6,0.00018146152933613515,393,6288,393,0.38608046829815645
0.04794933245699459,0.1698260816101607,0.010853712555567524,4.92450912986553e-6,2.3601294622389325e-9,1.0003703815608593,4.95881681672472e-6,0.00018196621601568699,394,6304,394,0.4622343989153863
0.04807103127033722,0.16989079206012334,0.010874558330600942,4.924509129865531e-6,2.395927923702637e-9,1.0003708874383999,4.288784850814409e-6,0.0001824715356840566,395,6320,395,0.4254294768858293
0.048192730083679844,0.16995597222813344,0.010895412082974695,4.92450912986553e-6,2.475753855307614e-9,1.0003717621116388,3.696897238114616e-6,0.00018297753132117764,396,6336,396,0.39877874305215694
0.04831442889702247,0.17002160312230474,0.010916274126274184,4.92450912986553e-6,2.4562046725055646e-9,1.0003723345711384,3.3573769542272203e-6,0.0001834842131451505,397,6352,397,0.3879671807573958
0.048436127710365096,0.1700876892983616,0.010937144270268394,4.92450912986553e-6,2.6315275238828057e-9,1.000373063636734,3.591536028579867e-6,0.00018399156304454309,398,6368,398,0.3729027747772124
0.04855782652370772,0.17015420678101925,0.010958022702821634,4.924509129865531e-6,2.5299891587484917e-9,1.0003736954364542,5.493273558698775e-6,0.00018449960971778952,399,6384,399,0.48103568571743843
0.04867952533705035,0.1702211588117237,0.010978909460534774,4.92450912986553e-6,2.824633045208989e-9,1.0003742947922745,4.89426296113038e-6,0.00018500835233683241,400,6400,400,0.46996303341106727
0.04880122415039297,0.17028856647829477,0.010999804463177235,4.92450912986553e-6,2.5968880800761323e-9,1.0003750086393208,5.981712206448719e-6,0.00018551784066757554,401,6416,401,0.47031885416547003
0.0489229229637356,0.1703564640783471,0.011020708028637274,4.924509129865531e-6,3.0410638864309005e-9,1.0003756531171963,5.286899948941937e-6,0.00018602813646214633,402,6432,402,0.4354772940334543
0.049044621777078225,0.17042486769290857,0.011041619955978962,4.92450912986553e-6,2.6503569609304376e-9,1.000376345885653,4.619020614882174e-6,0.00018653924640325533,403,6448,403,0.3901069094068089
0.04916632059042085,0.17049377251209955,0.011062540526241617,4.92450912986553e-6,3.09379479248861e-9,1.000377233092167,3.715709230078801e-6,0.00018705117999269497,404,6464,404,0.3865516484368543
0.049288019403763476,0.17056312025588907,0.01108346968132338,4.924509129865531e-6,2.692461729823045e-9,1.0003779507053865,4.463152293965322e-6,0.00018756387718700453,405,6480,405,0.36923580003451006
0.0494097182171061,0.1706329234348788,0.011104407494627582,4.92450912986553e-6,3.0192259083336487e-9,1.0003786618959376,4.581257826430374e-6,0.0001880773439985442,406,6496,406,0.383459518815034
0.04953141703044873,0.17070312031803575,0.011125354115719426,4.92450912986553e-6,2.7389830497802046e-9,1.0003793650073145,3.3941964261430257e-6,0.0001885915394061971,407,6512,407,0.38095856300036707
0.049653115843791354,0.17077372636310734,0.01114630930369858,4.92450912986553e-6,2.9649812624726543e-9,1.000379920436368,4.882172646603067e-6,0.00018910650441291213,408,6528,408,0.38990167118683067
0.04977481465713398,0.17084478190595886,0.01116727347300266,4.92450912986553e-6,2.80818968279576e-9,1.0003806328817737,5.063247186853914e-6,0.00018962227392885583,409,6544,409,0.42484733578240425
0.049896513470476606,0.1709162284939668,0.011188246339885164,4.92450912986553e-6,2.938129000693016e-9,1.000381057848694,4.897709004580975e-6,0.00019013882757756652,410,6560,410,0.4400620597987799
0.05001821228381923,0.17098809252256855,0.011209228196223733,4.924509129865528e-6,2.9608400942152087e-9,1.0003818047768116,5.0024994777686516e-6,0.00019065616259135866,411,6576,411,0.46350162575489584
0.05013991109716186,0.17106029322274688,0.011230218930628661,4.92450912986553e-6,2.8671975236598762e-9,1.000382096128242,5.9531064664497535e-6,0.00019117421403552784,412,6592,412,0.48449095001305553
0.05026160991050448,0.17113283351209474,0.011251218681182276,4.92450912986553e-6,3.1914873425682525e-9,1.0003828830639976,3.7141826396691613e-6,0.0001916929745343665,413,6608,413,0.3640317499460675
0.05038330872384711,0.1712056315110939,0.011272227450269788,4.92450912986553e-6,2.7542790003146635e-9,1.0003830393215325,5.564101989818937e-6,0.00019221238395781447,414,6624,414,0.48089972776419626
0.050505007537189735,0.1712786972857485,0.011293245171029217,4.92450912986553e-6,3.184150958174864e-9,1.000383880895033,3.68443551224118e-6,0.00019273248101244256,415,6640,415,0.36984931184204217
0.05062670635053236,0.1713520731776697,0.01131427214187063,4.92450912986553e-6,2.7257869550065787e-9,1.0003840119920462,3.807649740394936e-6,0.00019325328106583155,416,6656,416,0.37489209476176594
0.050748405163874986,0.17142572700562658,0.011335308129612719,4.92450912986553e-6,3.0852337479345483e-9,1.000384817554238,3.347712521417634e-6,0.00019377478632364454,417,6672,417,0.37704148013038397
0.05087010397721761,0.17149966563934277,0.01135635334742126,4.92450912986553e-6,2.812243918911041e-9,1.000385017573814,3.971305773120548e-6,0.0001942969546372013,418,6688,418,0.3853408526851319
0.05099180279056024,0.17157383671460125,0.0113774076579931,4.924509129865528e-6,2.841991939352755e-9,1.000385683017525,4.404333822094486e-6,0.00019481978014243597,419,6704,419,0.4006462371248578
0.051113501603902864,0.1716481978553817,0.011398471288768265,4.92450912986553e-6,2.908154134717406e-9,1.000385938318532,4.37640022710184e-6,0.00019534318566556943,420,6720,420,0.40095576853531
0.05123520041724549,0.17172267619125603,0.011419544094118899,4.92450912986553e-6,2.7438895266316514e-9,1.0003865132765217,3.5361619268314826e-6,0.0001958671128862357,421,6736,421,0.40135030082847994
0.051356899230588116,0.17179720670343057,0.01144062609270026,4.92450912986553e-6,3.1067148127152274e-9,1.0003867639817832,3.691739181022058e-6,0.00019639153187097806,422,6752,422,0.41024415822075067
0.05147859804393074,0.17187181222317266,0.011461717471360317,4.92450912986553e-6,2.6574037768721557e-9,1.0003875646017093,4.144012201834357e-6,0.000196916412385713,423,6768,423,0.4179399848142012
0.05160029685727337,0.17194648437738888,0.011482817987976773,4.92450912986553e-6,2.96763749815235e-9,1.000387838454046,3.6420189104546807e-6,0.00019744180522905287,424,6784,424,0.4375423313937457
0.05172199567061599,0.17202119366192367,0.011503927827605894,4.92450912986553e-6,2.660439855920541e-9,1.0003885878607388,3.6238137397504033e-6,0.00019796763855543746,425,6800,425,0.4412417084344101
0.05184369448395862,0.17209599141816284,0.011525046808931119,4.92450912986553e-6,3.1328686335307634e-9,1.0003889327105997,4.112017961688252e-6,0.00019849401433004067,426,6816,426,0.43934119072730227
0.051965393297301245,0.17217079743995434,0.011546175177340362,4.92450912986553e-6,2.7576457517746496e-9,1.0003895113036745,4.571871897951496e-6,0.00019902081628804538,427,6832,427,0.44050239744606356
0.05208709211064387,0.17224560085285126,0.011567312727389329,4.92450912986553e-6,3.092595025411012e-9,1.0003898627050563,3.82181423219663e-6,0.0001995480439905523,428,6848,428,0.42694285049331654
0.052208790923986496,0.1723203293554368,0.011588459542206385,4.92450912986553e-6,2.953510948557575e-9,1.0003902679582428,4.056192636880951e-6,0.00020007564690222596,429,6864,429,0.43022148581444086
0.05233048973732912,0.17239498627201955,0.01160961569423778,4.92450912986553e-6,3.2276468298131245e-9,1.0003906265356193,4.092461495019961e-6,0.00020060361061897977,430,6880,430,0.420244736218646
0.05245218855067175,0.17246961305219313,0.011630780978958578,4.924509129865531e-6,3.0490495209540563e-9,1.0003908967456219,4.4322858201439885e-6,0.00020113200558596886,431,6896,431,0.43246435803043565
0.052573887364014374,0.1725441764202627,0.011651955587381278,4.92450912986553e-6,3.4010710706151723e-9,1.0003913161623563,4.056427002296914e-6,0.00020166080658203794,432,6912,432,0.45301684810618137
0.052695586177357,0.17261871474589036,0.011673139316434588,4.92450912986553e-6,3.152369259546216e-9,1.0003914517304793,4.5828273869119585e-6,0.00020219007150584938,433,6928,433,0.46682098393262184
0.052817284990699626,0.17269314862483193,0.01169433237929885,4.92450912986553e-6,3.3460323733613207e-9,1.0003919456876196,5.599937367151142e-6,0.00020271968432176936,434,6944,434,0.4939883944892537
0.05293898380404225,0.1727674284748621,0.011715534655734808,4.924509129865528e-6,3.2825617236708527e-9,1.000391934870771,4.845994141078336e-6,0.0002032496347630889,435,6960,435,0.3942196301772893
0.05306068261738488,0.1728415451329955,0.011736746086285506,4.92450912986553e-6,3.361940744951946e-9,1.000392528411164,5.0704723317807066e-6,0.00020377986578396737,436,6976,436,0.47290088222879606
0.0531823814307275,0.172915423308044,0.011757966808226591,4.92450912986553e-6,3.4757553180634943e-9,1.000392441399139,5.027303615179335e-6,0.0002043103531367967,437,6992,437,0.46492330762182665
0.05330408024407013,0.1729891095801093,0.011779196466731928,4.92450912986553e-6,3.4034046459793227e-9,1.000393119777254,5.371882849658505e-6,0.00020484113304369844,438,7008,438,0.4135021062150375
0.053425779057412755,0.17306260222066627,0.011800435395719514,4.924509129865528e-6,3.746898616265362e-9,1.000393173464097,5.191395189285686e-6,0.00020537218726602845,439,7024,439,0.48148049852730146
0.05354747787075538,0.17313586026871564,0.011821683297783186,4.92450912986553e-6,3.45093950246211e-9,1.000393708786891,5.8492554728672985e-6,0.00020590352076016336,440,7040,440,0.4616458235754913
0.053669176684098006,0.1732088808643377,0.011842940278157863,4.92450912986553e-6,4.06735303028145e-9,1.0003938679548388,3.7668865502382687e-6,0.0002064350579639472,441,7056,441,0.41395838782523886
0.05379087549744063,0.17328161057344077,0.011864206370390793,4.92450912986553e-6,3.4932494908034133e-9,1.0003942323751973,4.9995424262760935e-6,0.00020696681089928093,442,7072,442,0.46296911476316227
0.05391257431078326,0.17335400449872299,0.011885481343064443,4.92450912986553e-6,4.032963034976595e-9,1.0003944610116544,3.656538126506348e-6,0.0002074986663581205,443,7088,443,0.36666840438453596
0.054034273124125884,0.17342603051047656,0.01190676537609912,4.92450912986553e-6,3.5311258996997267e-9,1.0003949424667136,4.612792423586143e-6,0.00020803062139849318,444,7104,444,0.3783668506027148
0.05415597193746851,0.17349769632797218,0.011928058108919018,4.92450912986553e-6,3.898606869191191e-9,1.0003951210989634,4.070933471211902e-6,0.00020856269463038118,445,7120,445,0.3798502888187446
0.054277670750811136,0.17356906264409075,0.011949359927916892,4.92450912986553e-6,3.5871175779708005e-9,1.000395689719869,3.990468115944168e-6,0.00020909492866204703,446,7136,446,0.37760434835685835
0.05439936956415376,0.17364005687015407,0.01197067036007505,4.924509129865528e-6,3.810761756259798e-9,1.0003959974132102,3.91395937526795e-6,0.00020962728308980116,447,7152,447,0.363818609109047
0.05452106837749639,0.17371069956484023,0.011991989617097142,4.924509129865528e-6,3.718120294608324e-9,1.0003964188491752,3.6964848391107807e-6,0.00021015975203815502,448,7168,448,0.35929866601870974
0.05464276719083901,0.1737809560326432,0.012013317641943253,4.92450912986553e-6,3.766833702120663e-9,1.000396839744224,3.4090124927388388e-6,0.00021069230074870115,449,7184,449,0.35932008272421145
0.05476446600418164,0.17385073170561247,0.012034654214244142,4.92450912986553e-6,4.019874468501992e-9,1.0003971073944151,3.4532817210219946e-6,0.00021122481736089797,450,7200,450,0.3578728987466997
0.054886164817524265,0.17392004140842096,0.012055999614982885,4.92450912986553e-6,3.728752351868707e-9,1.0003976193698536,3.945059461329947e-6,0.00021175733695292146,451,7216,451,0.3621657459755181
0.05500786363086689,0.17398885545491882,0.012077353456617982,4.924509129865528e-6,4.256655608944854e-9,1.0003977363972278,4.063829521783191e-6,0.00021228984290572116,452,7232,452,0.3680502023022365
0.055129562444209516,0.17405728011549954,0.012098716076517321,4.92450912986553e-6,3.59681832340971e-9,1.0003983356470003,3.532019377416873e-6,0.00021282241685463739,453,7248,453,0.3705034685147955
0.05525126125755214,0.1741252604490891,0.012120087014434795,4.92450912986553e-6,3.983306807188916e-9,1.00039829699481,3.462346683136275e-6,0.00021335499213249412,454,7264,454,0.36291204823998774
0.05537296007089477,0.17419282089979368,0.012141466608065872,4.92450912986553e-6,3.5781435173486336e-9,1.0003989612372228,5.421483564305163e-6,0.00021388757701695132,455,7280,455,0.4963790605318527
0.055494658884237394,0.17425995545688805,0.012162854495760673,4.92450912986553e-6,3.872919048768672e-9,1.0003989651684388,4.678699809801401e-6,0.00021442014051447977,456,7296,456,0.4867265970316404
0.05561635769758002,0.17432659588622318,0.012184250762249977,4.924509129865528e-6,3.7320352140494414e-9,1.0003994542663883,5.378936542399515e-6,0.00021495265994916723,457,7312,457,0.49313066502112257
0.055738056510922646,0.17439276437262066,0.0122056552648547,4.92450912986553e-6,3.7209686266623644e-9,1.000399502597161,4.481653633092719e-6,0.00021548511822001238,458,7328,458,0.49635211332568463
0.05585975532426527,0.1744583647493955,0.012227067757808527,4.92450912986553e-6,4.071707452336094e-9,1.0003998270104644,5.321967307736486e-6,0.00021601746526858534,459,7344,459,0.4844453084220146
0.0559814541376079,0.17452341508139502,0.012248488490139512,4.92450912986553e-6,3.6235343713742514e-9,1.0003999433119974,5.394427326166351e-6,0.00021654965222330934,460,7360,460,0.4886687686059691
0.05610315295095052,0.17458790229756685,0.012269917108829608,4.92450912986553e-6,4.30472714885815e-9,1.00040012737143,3.1889376543858816e-6,0.00021708167763400088,461,7376,461,0.34684662416092277
0.05622485176429315,0.1746517665639981,0.01229135395676791,4.924509129865528e-6,3.656673928926834e-9,1.0004003198518823,3.324712025687404e-6,0.00021761350010945018,462,7392,462,0.34412053809279064
0.056346550577635775,0.17471499805850016,0.01231279845472785,4.924509129865528e-6,3.956305879060606e-9,1.0004003293459045,5.050536756812107e-6,0.00021814505303249248,463,7408,463,0.5015049431145343
0.0564682493909784,0.17477750914198145,0.012334250853852407,4.92450912986553e-6,3.753116156918794e-9,1.0004005525920696,5.975494815402271e-6,0.00021867631504919965,464,7424,464,0.5035921066627502
0.056589948204321026,0.17483930801411648,0.012355710884088733,4.924509129865531e-6,3.773481673336116e-9,1.000400361377421,4.653351453498544e-6,0.00021920721781828963,465,7440,465,0.5015699044046846
0.05671164701766365,0.17490039060624793,0.012377178475860548,4.924509129865531e-6,3.895834652011559e-9,1.0004006087014439,4.833752115018797e-6,0.00021973781821706868,466,7456,466,0.477414406915231
0.05683334583100628,0.17496070296201982,0.012398653515877716,4.924509129865528e-6,3.607920041995231e-9,1.0004002994511696,5.664980172070955e-6,0.00022026802020663606,467,7472,467,0.4843980178540811
0.056955044644348904,0.17502031990701267,0.01242013585058627,4.92450912986553e-6,4.097109392934965e-9,1.0004005574939159,3.058613259554477e-6,0.00022079793212734233,468,7488,468,0.3350444278672346
0.05707674345769153,0.1750792053617652,0.012441625802621092,4.92450912986553e-6,3.6572584618765382e-9,1.0004004068292516,3.106629009153039e-6,0.00022132753077794038,469,7504,469,0.34086552115380225
0.057198442271034156,0.17513737581656205,0.012463122916205084,4.92450912986553e-6,4.2919084616101e-9,1.0004007072683698,3.3749951739991957e-6,0.0002218567857248689,470,7520,470,0.3523562778644239
0.05732014108437678,0.17519483820888745,0.012484627319632199,4.92450912986553e-6,3.779788562772082e-9,1.0004005311049884,3.5974960326257133e-6,0.00022238570460949428,471,7536,471,0.3548432280373161
0.05744183989771941,0.17525159695545783,0.012506138808037555,4.924509129865528e-6,4.500019078842359e-9,1.0004009715666466,3.186412641298375e-6,0.0002229142666660511,472,7552,472,0.36515434485735726
0.05756353871106203,0.1753077164173487,0.012527657440879825,4.924509129865528e-6,3.800002532962151e-9,1.0004007895763543,4.051232735946542e-6,0.00022344247910982944,473,7568,473,0.38234299568990787
0.05768523752440466,0.17536306886564484,0.01254918289314173,4.924509129865531e-6,4.479551935700772e-9,1.0004012265698183,3.2787959014513035e-6,0.0002239702513637967,474,7584,474,0.3892160826784435
0.057806936337747285,0.17541767893604965,0.01257071506582643,4.92450912986553e-6,3.973337225721624e-9,1.0004012062723147,3.7163381705340726e-6,0.0002244976094971935,475,7600,475,0.349188855240038
0.05792863515108991,0.17547155564192154,0.012592253991714744,4.924509129865528e-6,4.436666276050123e-9,1.000401481286184,3.903713547970256e-6,0.00022502457672318483,476,7616,476,0.40483797492650014
0.058050333964432536,0.17552467169089994,0.01261379956959263,4.924509129865528e-6,4.087338327405146e-9,1.0004015725233675,3.828262379101943e-6,0.0002255511225710068,477,7632,477,0.407863911722164
0.05817203277777516,0.1755770744878887,0.012635351692559037,4.924509129865528e-6,4.559591923846839e-9,1.0004016225173988,3.7337448333119028e-6,0.0002260772974364666,478,7648,478,0.3993687563317434
0.05829373159111779,0.1756287425931623,0.01265691038785792,4.92450912986553e-6,4.17553826483287e-9,1.0004016184373044,3.566345071703836e-6,0.00022660305505682775,479,7664,479,0.3949617585300245
0.058415430404460414,0.1756795968578588,0.012678475353155293,4.924509129865528e-6,4.504589534715008e-9,1.0004013786495152,3.7248998125960497e-6,0.00022712834408885913,480,7680,480,0.40053447883113513
0.05853712921780304,0.17572965588202183,0.012700046675955033,4.924509129865528e-6,4.325359529402557e-9,1.0004012200980459,3.665741417080426e-6,0.00022765312572005302,481,7696,481,0.40479560001540216
0.058658828031145666,0.17577883472805036,0.012721624190227692,4.92450912986553e-6,4.417196794500665e-9,1.0004007824599161,3.496024987725832e-6,0.0002281773472477155,482,7712,482,0.40231916703619564
0.05878052684448829,0.17582716217373964,0.012743207551314292,4.92450912986553e-6,4.582001447098019e-9,1.0004006683077793,4.308434597533051e-6,0.00022870095204446765,483,7728,483,0.4101718658564122
0.05890222565783092,0.17587468939986178,0.012764796886665515,4.92450912986553e-6,4.388568963258939e-9,1.0004001457161122,3.7341605434448866e-6,0.0002292240736247724,484,7744,484,0.42088762369592475
0.05902392447117354,0.1759214758774714,0.012786392043033471,4.92450912986553e-6,4.987522431666887e-9,1.0004002492537862,4.249436400982631e-6,0.00022974679338498406,485,7760,485,0.41843035097690007
0.05914562328451617,0.175967590918559,0.012807993002034754,4.92450912986553e-6,4.398175267226521e-9,1.0003998153549185,3.973675973156787e-6,0.0002302691069038613,486,7776,486,0.41813098911285357
0.059267322097858795,0.17601306613720127,0.01282959962164342,4.92450912986553e-6,5.278905619198071e-9,1.0004000124575851,3.8400248527636904e-6,0.00023079109264202973,487,7792,487,0.44001973866201877
0.05938902091120142,0.17605794539370906,0.012851211966443654,4.92450912986553e-6,4.430530942390473e-9,1.0003998464231447,3.927215885823898e-6,0.00023131270998769733,488,7808,488,0.441511611503961
0.059510719724544046,0.17610211467860445,0.012872829832117029,4.92450912986553e-6,5.038499242393159e-9,1.0003998861513195,3.3960720600134664e-6,0.00023183386669781676,489,7824,489,0.4205795609132517
0.05963241853788667,0.1761455647524697,0.012894453184515525,4.92450912986553e-6,4.507759943887693e-9,1.0003999775997185,3.5080960287814378e-6,0.00023235448841696192,490,7840,490,0.41395595453962736
0.0597541173512293,0.17618822467712503,0.01291608190057966,4.92450912986553e-6,4.906603416496116e-9,1.0003998816076005,4.059625965169289e-6,0.00023287452342352587,491,7856,491,0.4096738366224952
0.059875816164571924,0.17623010916264398,0.012937715695647478,4.92450912986553e-6,4.711645421472172e-9,1.0004002120684816,4.056907386029707e-6,0.00023339399840203006,492,7872,492,0.38782276151881845
0.05999751497791455,0.17627128884399326,0.0129593546963159,4.92450912986553e-6,4.85051026546671e-9,1.0003999211100352,3.2707024502087734e-6,0.00023391299344990968,493,7888,493,0.36781559859377655
0.060119213791257176,0.17631181354121467,0.012980998706373238,4.924509129865528e-6,5.131412149320362e-9,1.000400237912636,3.0747186201551813e-6,0.00023443158807513186,494,7904,494,0.36967803520733733
0.0602409126045998,0.17635173154695064,0.013002647765944592,4.9245091298655275e-6,4.675131661220993e-9,1.000399694913122,5.731358343474824e-6,0.00023494979557477425,495,7920,495,0.5097840590964775
0.06036261141794243,0.1763910433229693,0.01302430184616181,4.92450912986553e-6,5.383451866472026e-9,1.0003997503870161,2.7479238440264453e-6,0.00023546765473604237,496,7936,496,0.3583673934856519
0.06048431023128505,0.17642978504171894,0.013045960756671922,4.924509129865528e-6,4.572599893518894e-9,1.0003990438647383,3.2189531111725955e-6,0.00023598514080870313,497,7952,497,0.3614861205127213
0.06060600904462768,0.17646787613872894,0.01306762480841602,4.92450912986553e-6,5.079923105755283e-9,1.0003989100798314,5.91445351716402e-6,0.00023650218019367482,498,7968,498,0.5087629829316153
0.060727707857970305,0.17650533166067914,0.01308929333060833,4.92450912986553e-6,4.588296624187645e-9,1.0003983673219323,4.3165733245587035e-6,0.00023701878661991474,499,7984,499,0.3809015665732791
0.06084940667131293,0.1765421247637888,0.01311096673200338,4.924509129865531e-6,4.956647113216066e-9,1.000398310823324,3.4687894867602154e-6,0.0002375349247811763,500,8000,500,0.37076283944025473
0.060971105484655556,0.1765783871487056,0.01313264441138221,4.92450912986553e-6,4.825529745635975e-9,1.0003981018868287,3.185013675022219e-6,0.00023805071665858706,501,8016,501,0.3853578599886454
0.06109280429799818,0.17661414515486534,0.013154326766372765,4.924509129865528e-6,4.815092246943454e-9,1.0003984230991674,5.350532802594898e-6,0.00023856620144168173,502,8032,502,0.5114418901680199
0.06121450311134081,0.17664943619900814,0.01317601350509643,4.924509129865528e-6,5.310587464562738e-9,1.0003984699664044,4.9500882539632585e-6,0.00023908138917157353,503,8048,503,0.4832034667298516
0.061336201924683434,0.17668426435264123,0.01319770453901494,4.924509129865528e-6,4.692925876867976e-9,1.0003985572180696,4.536805779054021e-6,0.00023959632067990146,504,8064,504,0.41899516894534283
0.06145790073802606,0.1767185760277876,0.013219400179385542,4.924509129865528e-6,5.44721580057737e-9,1.000398741420132,4.884922987002938e-6,0.0002401109229303317,505,8080,505,0.46600231034397827
0.061579599551368686,0.17675235052197094,0.013241099837453547,4.9245091298655275e-6,4.757249736886052e-9,1.000398658148147,4.5830805674995645e-6,0.00024062517897296693,506,8096,506,0.40625655925167314
0.06170129836471131,0.17678548347419556,0.013262803959705468,4.924509129865528e-6,5.389331648179185e-9,1.000399111663572,4.9324818860441155e-6,0.00024113899062396343,507,8112,507,0.44452827979780446
0.06182299717805394,0.17681806870398248,0.013284511914244252,4.9245091298655275e-6,5.014615637654344e-9,1.0003991591684647,4.72023217312767e-6,0.00024165241498517879,508,8128,508,0.49266872948581814
0.06194469599139656,0.17685016154618208,0.013306223963433833,4.92450912986553e-6,5.285883490727784e-9,1.000399743816857,4.772293355159718e-6,0.00024216552093027352,509,8144,509,0.481048735362715
0.06206639480473919,0.17688184361747986,0.013327940049908166,4.924509129865528e-6,5.221986399827998e-9,1.0004000797961496,5.389798886312747e-6,0.0002426784000728517,510,8160,510,0.4862237322046655
0.062188093618081815,0.17691317099631146,0.01334965981109033,4.92450912986553e-6,5.377441497989277e-9,1.0004004375484228,4.287080372478158e-6,0.00024319111093699646,511,8176,511,0.46359645562611157
0.06230979243142444,0.17694412403227278,0.013371383791678541,4.92450912986553e-6,5.361455113268238e-9,1.0004008710977377,3.4584118395741825e-6,0.0002437036746529088,512,8192,512,0.3876415632745781
0.062431491244767066,0.176974733098156,0.013393111456396895,4.924509129865528e-6,5.70814781589582e-9,1.0004009724660323,6.282598988605059e-6,0.00024421611775271514,513,8208,513,0.4871110724384531
0.06255319005810969,0.17700489785614124,0.013414843082903402,4.924509129865528e-6,5.684104853254794e-9,1.0004015015510814,5.089380501033247e-6,0.0002447283320321472,514,8224,514,0.4588269791475294
0.06267488887145233,0.17703463133995417,0.013436578420297225,4.92450912986553e-6,5.358652053682594e-9,1.0004014838262016,4.915317788345419e-6,0.0002452403708843783,515,8240,515,0.508325223127977
0.06279658768479496,0.17706396744101444,0.013458317385385282,4.924509129865528e-6,5.596222945496486e-9,1.0004021340853866,4.715619098760726e-6,0.000245752101205442,516,8256,516,0.456054273617297
0.06291828649813759,0.1770928001106419,0.013480060181610205,4.92450912986553e-6,5.250362153406683e-9,1.0004023184147233,5.0435643004220765e-6,0.0002462636070939877,517,8272,517,0.4692017062844771
0.06303998531148022,0.1771212553328938,0.013501806190454584,4.924509129865528e-6,5.5488140864125584e-9,1.0004027920247671,5.1180355882252115e-6,0.0002467749208948352,518,8288,518,0.45843814368004615
0.06316168412482286,0.1771493970695092,0.01352355608198488,4.924509129865528e-6,5.250736531968523e-9,1.0004031135764284,5.050025151831505e-6,0.0002472861833952349,519,8304,519,0.4617627222160747
0.06328338293816549,0.1771773185042018,0.013545309186398947,4.92450912986553e-6,5.52723864344067e-9,1.0004033476138308,5.779242130188322e-6,0.00024779748183306353,520,8320,520,0.47155837148998536
0.06340508175150812,0.177205108149463,0.01356706599250691,4.92450912986553e-6,5.400734452962959e-9,1.0004037337262066,5.563843089362308e-6,0.00024830882443380105,521,8336,521,0.45747836781235174
0.06352678056485075,0.17723269920309,0.01358882627243781,4.924509129865528e-6,5.5843339503352955e-9,1.000403935307473,6.12254309828586e-6,0.00024882027192438375,522,8352,522,0.5140140742098193
0.06364847937819339,0.1772600975641881,0.013610589850895586,4.924509129865528e-6,5.703472487058974e-9,1.0004042758066145,5.066650658136496e-6,0.00024933166944566306,523,8368,523,0.46887003145914813
0.06377017819153602,0.17728722379284304,0.01363235722850372,4.924509129865528e-6,5.498778867429674e-9,1.0004045055987347,4.729202402131705e-6,0.00024984303976259055,524,8384,524,0.42706249093059806
0.06389187700487865,0.17731403937301063,0.013654127616094629,4.92450912986553e-6,5.828317927206049e-9,1.0004050664261472,4.537100920742887e-6,0.0002503543072638873,525,8400,525,0.490067442343596
0.06401357581822129,0.17734063261608327,0.01367590158614433,4.92450912986553e-6,5.4832851056673346e-9,1.0004050684732009,3.992853521594952e-6,0.00025086557423169417,526,8416,526,0.467139855970612
0.06413527463156392,0.17736714433370346,0.013697678538750075,4.92450912986553e-6,5.52382054043142e-9,1.000405658391259,4.865443031576433e-6,0.0002513770537891231,527,8432,527,0.4452930731545979
0.06425697344490655,0.17739368674331787,0.013719458918090293,4.92450912986553e-6,5.63573293032907e-9,1.0004053550013308,4.5043348109174985e-6,0.00025188879761682347,528,8448,528,0.4699693984099394
0.06437867225824918,0.17742032439433353,0.013741242677110773,4.92450912986553e-6,5.464845065226864e-9,1.0004056999253996,4.160494341931553e-6,0.00025240093538400794,529,8464,529,0.515311138627292
0.06450037107159182,0.17744697213064606,0.01376302961647179,4.924509129865528e-6,5.615755625865961e-9,1.0004052296190038,4.390129902276385e-6,0.00025291333282496454,530,8480,530,0.3866502905221485
0.06462206988493445,0.177473620722464,0.013784820281039632,4.92450912986553e-6,5.3255581096881385e-9,1.000405297231537,4.788478477735225e-6,0.00025342595264668587,531,8496,531,0.43807694968907274
0.06474376869827708,0.17750015506323885,0.013806613898427276,4.924509129865528e-6,5.786282678848892e-9,1.0004049799140127,5.251199382882987e-6,0.0002539386765858807,532,8512,532,0.45551500781653115
0.06486546751161971,0.17752665207623633,0.013828411036614634,4.92450912986553e-6,5.197151576498157e-9,1.0004049671814688,5.566008397295263e-6,0.00025445152924205545,533,8528,533,0.47246949268549904
0.06498716632496235,0.17755322516047753,0.013850211231352048,4.92450912986553e-6,6.281133795348145e-9,1.0004049557953543,4.5074570351744114e-6,0.00025496473595330486,534,8544,534,0.42348379699346456
0.06510886513830498,0.17757989200058125,0.01387201481792183,4.92450912986553e-6,5.341142006993706e-9,1.000404782809137,4.953099651316961e-6,0.00025547831091376523,535,8560,535,0.43992137493347405
0.06523056395164761,0.1776067795860411,0.013893821842991193,4.92450912986553e-6,6.216817049246077e-9,1.0004048568792192,4.746306473180084e-6,0.0002559923829209922,536,8576,536,0.4520877661074697
0.06535226276499025,0.17763384463994686,0.01391563203668366,4.92450912986553e-6,5.2334079425168235e-9,1.0004044204243443,6.4454094115262706e-6,0.00025650695694382864,537,8592,537,0.4940242764324033
0.06547396157833288,0.1776611167059556,0.013937445943579237,4.92450912986553e-6,6.014243380360716e-9,1.000404507112362,5.70856271053799e-6,0.0002570219817954897,538,8608,538,0.5016359976051469
0.06559566039167551,0.17768851591846496,0.013959262992151765,4.92450912986553e-6,5.3275136720604316e-9,1.0004040546100108,5.163762722304455e-6,0.0002575373814061359,539,8624,539,0.4712412099022133
0.06571735920501814,0.17771603578577727,0.013981083673366285,4.9245091298655275e-6,5.779383972994709e-9,1.0004042027219402,5.847627079447193e-6,0.00025805309968480946,540,8640,540,0.4857672009754297
0.06583905801836078,0.17774370225324662,0.014002907592176856,4.92450912986553e-6,5.515260289349623e-9,1.000404137988161,5.594111414097824e-6,0.0002585691910106553,541,8656,541,0.5059256275165249
0.06596075683170341,0.17777156790693016,0.014024734907206989,4.92450912986553e-6,5.636004182313744e-9,1.0004041816310352,5.060695130509885e-6,0.0002590858047851569,542,8672,542,0.5132294259673208
0.06608245564504604,0.17779977119961576,0.014046565879435128,4.92450912986553e-6,5.94547400106987e-9,1.0004043797495548,4.9676300477585755e-6,0.0002596030231566059,543,8688,543,0.5222723579387067
0.06620415445838868,0.17782826630459977,0.014068400075189743,4.92450912986553e-6,5.586435097352615e-9,1.0004041607156868,5.118446679830413e-6,0.0002601208830460757,544,8704,544,0.4053259829362513
0.06632585327173131,0.17785713678759982,0.01409023819875271,4.924509129865528e-6,6.573423878668821e-9,1.000404382978527,5.251435510444935e-6,0.0002606393716473734,545,8720,545,0.39393869614767923
0.06644755208507394,0.17788628978014806,0.014112079803295756,4.92450912986553e-6,5.583368257984251e-9,1.0004039634111082,4.7411606232117265e-6,0.0002611584126301822,546,8736,546,0.5072871328642278
0.06656925089841657,0.1779156840928217,0.014133925123261816,4.92450912986553e-6,6.54064050869053e-9,1.0004041519317108,5.593982450591284e-6,0.00026167795919614795,547,8752,547,0.5204642668321061
0.0666909497117592,0.17794532234984972,0.014155774076227381,4.924509129865528e-6,5.603761993140663e-9,1.0004039622437186,5.392858312802673e-6,0.0002621979836420671,548,8768,548,0.5251920074768212
0.06681264852510184,0.17797521174945516,0.014177626751725358,4.92450912986553e-6,6.261969947750541e-9,1.0004040390943758,5.652609907258466e-6,0.00026271862063332067,549,8784,549,0.5107828146456602
0.06693434733844447,0.17800543954995895,0.014199483204427196,4.924509129865531e-6,5.721083763735567e-9,1.0004041949366111,4.54746108857762e-6,0.000263239852728716,550,8800,550,0.4357662728075084
0.0670560461517871,0.17803601486950546,0.014221343348661522,4.92450912986553e-6,6.098815868788533e-9,1.0004041900504532,5.194578193368216e-6,0.00026376180835545955,551,8816,551,0.44727400502670017
0.06717774496512974,0.17806699045199262,0.014243207487731006,4.92450912986553e-6,6.144440933882157e-9,1.0004044349862076,5.284064471311467e-6,0.00026428450993437965,552,8832,552,0.45566654515965216
0.06729944377847237,0.17809829053565893,0.014265075297678977,4.924509129865528e-6,6.03085379181986e-9,1.0004045101876762,4.894746339800804e-6,0.00026480787630949484,553,8848,553,0.49209631834201756
0.067421142591815,0.17812989654689673,0.014286947269095018,4.92450912986553e-6,6.868880226629288e-9,1.0004047858730947,6.414382724528878e-6,0.00026533194881838014,554,8864,554,0.5077189716953557
0.06754284140515764,0.17816176066436248,0.014308823069740859,4.92450912986553e-6,5.9238371994424025e-9,1.0004046809352967,6.33664301119552e-6,0.00026585653543260886,555,8880,555,0.4942405969376129
0.06766454021850027,0.1781939087378411,0.01433070287673788,4.924509129865528e-6,6.608912900340352e-9,1.000405228306385,4.346812147559831e-6,0.0002663818484118223,556,8896,556,0.44259485632988455
0.0677862390318429,0.17822641361562505,0.01435258668125963,4.92450912986553e-6,5.823129753304465e-9,1.0004053579009882,4.764593882100598e-6,0.0002669078570525364,557,8912,557,0.44834945237822427
0.06790793784518553,0.1782593622453596,0.014374474425402482,4.924509129865528e-6,6.3283449629292875e-9,1.0004058240965366,4.628865610811772e-6,0.0002674347720323581,558,8928,558,0.3812814541528235
0.06802963665852817,0.17829278976177537,0.014396366310259548,4.9245091298655275e-6,5.951866478274873e-9,1.0004061687078243,4.314005053629444e-6,0.0002679626198647553,559,8944,559,0.4128440664288851
0.0681513354718708,0.17832671328814576,0.014418262358507019,4.924509129865531e-6,6.248801846206059e-9,1.0004063340942442,4.185665687828077e-6,0.0002684913488193405,560,8960,560,0.4339111457720834
0.06827303428521343,0.17836109759354998,0.014440162760008857,4.92450912986553e-6,6.5594637523713465e-9,1.0004067877105947,4.982585522839145e-6,0.0002690210529929444,561,8976,561,0.47481349132337636
0.06839473309855607,0.17839580692309082,0.014462067404867702,4.924509129865528e-6,6.122682899492911e-9,1.000406686434856,6.525977553906159e-6,0.0002695514212860799,562,8992,562,0.49682542623092363
0.0685164319118987,0.1784308854108275,0.014483976329976144,4.924509129865528e-6,7.032129497813145e-9,1.000407318471086,5.2615629897445615e-6,0.0002700826837789672,563,9008,563,0.4189887193070942
0.06863813072524133,0.17846628938454412,0.014505889654014573,4.92450912986553e-6,5.968156640689115e-9,1.0004074341081197,4.284365786588751e-6,0.0002706146410859392,564,9024,564,0.44609440733152117
0.06875982953858396,0.1785020842926795,0.01452780727343604,4.924509129865528e-6,6.828329561261777e-9,1.000407813139989,5.158304531960312e-6,0.00027114750312144507,565,9040,565,0.4657680733331369
0.0688815283519266,0.17853832886111048,0.014549729291175045,4.92450912986553e-6,6.142114923998149e-9,1.000408007292565,4.597182623911067e-6,0.0002716812978833527,566,9056,566,0.45215209177279
0.06900322716526923,0.17857502885736762,0.01457165586016606,4.924509129865528e-6,6.655831027509698e-9,1.000408019245791,4.336724998665886e-6,0.0002722160347975574,567,9072,567,0.425776288693195
0.06912492597861186,0.17861223247315947,0.01459358692144355,4.92450912986553e-6,6.566973286431367e-9,1.00040813771689,4.535908260550059e-6,0.00027275187972274474,568,9088,568,0.41772752118323625
0.0692466247919545,0.1786498142431514,0.014615522680003141,4.92450912986553e-6,6.920123633883884e-9,1.000407810990232,6.359440931191784e-6,0.00027328853098539406,569,9104,569,0.5180788293207728
0.06936832360529713,0.17868778218355788,0.014637462976622554,4.924509129865528e-6,6.766361553034492e-9,1.0004079825771544,5.3320731296935264e-6,0.0002738261721536428,570,9120,570,0.49392947507650337
0.06949002241863976,0.17872602050026842,0.014659407977006609,4.92450912986553e-6,6.815194779644686e-9,1.0004075931512915,5.312276869062771e-6,0.000274364478139284,571,9136,571,0.49962049533639286
0.06961172123198239,0.17876459468806236,0.014681357812697832,4.92450912986553e-6,7.19293153191865e-9,1.000407865405886,6.428266672742211e-6,0.000274903680733507,572,9152,572,0.49227797223402225
0.06973342004532503,0.17880353638244015,0.01470331221418815,4.924509129865531e-6,6.496339272401254e-9,1.0004077989614601,5.378349030138452e-6,0.000275443774054678,573,9168,573,0.46058344784483796
0.06985511885866766,0.17884282381638902,0.014725271479829985,4.924509129865531e-6,7.159269582015017e-9,1.0004078352132035,5.062765012553427e-6,0.00027598479754176685,574,9184,574,0.44127887848383035
0.06997681767201029,0.17888259237668735,0.014747235520158402,4.92450912986553e-6,6.31843918948949e-9,1.0004079705315787,5.204848811501961e-6,0.0002765270192494136,575,9200,575,0.4425247426248486
0.07,0.17889406142171677,0.014751420022123797,4.92450912986553e-6,6.254486293268462e-9,1.000404886431264,1.0527601475018855e-6,0.0002766297067518851,576,9203,576,0.44239337946182306
