time,pressure_jump_Pa,relative_jump_error,max_face_speed,gas_area_drift,divergence_linf,phi_min,phi_max
8.113254222841739e-6,58.39366057037285,0.013778829346750999,6.516730065418827e-5,0.0,1.477701510430203e-7,2.5701663020072374e-14,1.0
1.6226508445683478e-5,58.393577289621746,0.01377738350037763,0.0001258174879992728,0.0,2.2060934019786822e-7,2.570173587776092e-14,1.0000000000000338
2.4339762668525215e-5,58.39362641405009,0.013778236355036378,0.0001856351347138001,1.7200352865980565e-16,1.8268159454604138e-7,2.5701876542614137e-14,1.000000000000033
3.2453016891366956e-5,58.39364124515669,0.01377849383952591,0.0002448453375873961,0.0,2.1636739258590332e-7,2.5702084082878106e-14,1.0000000000000322
4.05662711142087e-5,58.39364641908095,0.013778583664599955,0.0003035534599714848,0.0,1.9851121615954703e-7,2.570235781836295e-14,1.0000000000000342
4.867952533705044e-5,58.39364847785483,0.013778619407202044,0.00036181838805394924,-3.440070573196113e-16,1.7029519155942197e-7,2.5702697186149165e-14,1.0000000000000318
5.679277955989218e-5,58.39364935919331,0.013778634708217313,0.0004196769363513789,-5.16010585979417e-16,1.702793226698862e-7,2.5703101688683863e-14,1.0000000000000335
6.490603378273391e-5,58.39364976489636,0.013778641751673008,0.00047715397546943897,-5.16010585979417e-16,1.8600538973650993e-7,2.57035708691944e-14,1.000000000000036
7.301928800557565e-5,58.39364993167996,0.013778644647221623,0.0005342673005563131,-3.440070573196113e-16,2.1228938236212552e-7,2.570410429840443e-14,1.0000000000000373
8.113254222841738e-5,58.39364995747336,0.013778645095023667,0.0005910302337264031,-3.440070573196113e-16,2.41361601690214e-7,2.5704701566526315e-14,1.0000000000000404
8.924579645125911e-5,58.3936498968445,0.01377864404243935,0.0006474531260707335,-3.440070573196113e-16,1.2582322148069203e-7,2.5705362278306348e-14,1.0000000000000437
9.735905067410085e-5,58.3936497886183,0.013778642163512213,0.000703544278989988,0.0,1.3546871019398665e-7,2.5706086049787864e-14,1.0000000000000449
0.00010547230489694258,58.393649634876695,0.013778639494387169,0.0007593105363005456,0.0,1.4646744822544022e-7,2.570687250580195e-14,1.000000000000046
0.00011358555911978432,58.39364944739315,0.01377863623946454,0.0008147576786705463,0.0,1.545202682473601e-7,2.570772127856774e-14,1.0000000000000473
0.00012169881334262605,58.393649230285675,0.013778632470237511,0.0008698906947069437,0.0,1.607744921638954e-7,2.5708632006441635e-14,1.0000000000000486
0.0001298120675654678,58.39364898577035,0.01377862822517975,0.0009247139717644834,1.7200352865980565e-16,1.6520580420342768e-7,2.5709604333040846e-14,1.000000000000052
0.00013792532178830955,58.393648714885636,0.013778623522320167,0.0009792314330120866,1.7200352865980565e-16,1.6955611342739374e-7,2.5710637906580404e-14,1.0000000000000588
0.0001460385760111513,58.39364841797082,0.013778618367549112,0.0010334466375629678,3.440070573196113e-16,1.7357553516728075e-7,2.5711732379363492e-14,1.0000000000000662
0.00015415183023399304,58.39364809493716,0.013778612759325843,0.0010873628546505746,3.440070573196113e-16,1.7756674636215664e-7,2.5712887407383387e-14,1.0000000000000737
0.0001622650844568348,58.393647745432745,0.013778606691540803,0.001140983119213038,3.440070573196113e-16,1.8204923224462988e-7,2.5714102650035527e-14,1.0000000000000837
0.00017037833867967654,58.39364736406689,0.013778600070605768,0.00119431027397088,6.880141146392226e-16,2.4651846373697356e-7,2.5715377769814236e-14,1.0000000000000961
0.00017849159290251828,58.393646960041764,0.013778593056280722,0.0012473470013166072,8.600176432990283e-16,1.9356574977591468e-7,2.5716712432147254e-14,1.0000000000000988
0.00018660484712536003,58.393646532188505,0.01377858562827276,0.0013000958482187804,8.600176432990283e-16,2.0165886976952763e-7,2.5718106305084013e-14,1.000000000000093
0.00019471810134820178,58.3936460709006,0.013778577619802206,0.001352559244758099,1.032021171958834e-15,2.0890207998169874e-7,2.5719559059478876e-14,1.0000000000000873
0.00020283135557104353,58.393645579991706,0.013778569097078322,0.0014047395189845885,1.032021171958834e-15,2.1635011009102367e-7,2.5721070368578288e-14,1.0000000000000813
0.00021094460979388527,58.39364505875419,0.013778560047815872,0.001456638908210452,1.548031757938251e-15,2.239378204260678e-7,2.5722639908007813e-14,1.0000000000000755
0.00021905786401672702,58.393644506523216,0.013778550460472607,0.0015082595678600466,1.548031757938251e-15,2.313939688053379e-7,2.5724267355679495e-14,1.0000000000000717
0.00022717111823956877,58.39364392269822,0.013778540324621929,0.0015596035784210267,1.548031757938251e-15,2.387157608529922e-7,2.5725952391710083e-14,1.0000000000000684
0.00023528437246241052,58.393643306593574,0.013778529628360769,0.0016106729496094471,1.548031757938251e-15,2.4612121421463407e-7,2.5727694698346803e-14,1.0000000000000708
0.00024339762668525226,58.3936426575247,0.01377851835980394,0.0016614696237883602,1.548031757938251e-15,2.5366250644420774e-7,2.5729493959896698e-14,1.0000000000000735
0.000251510880908094,58.39364197511043,0.013778506512333899,0.0017119954873438441,1.548031757938251e-15,2.608966456207895e-7,2.5731349862683346e-14,1.0000000000000762
0.00025962413513093576,58.39364125379071,0.013778493989422177,0.00176225236759267,1.548031757938251e-15,2.6597257831578736e-7,2.5733262095019026e-14,1.0000000000000826
0.0002677373893537775,58.39364050784547,0.013778481038983926,0.0018122420367662148,1.7200352865980566e-15,2.7247257353146814e-7,2.5735230347017823e-14,1.000000000000083
0.00027585064357661925,58.39363972213609,0.013778467398196166,0.0018619662144167188,2.064042343917668e-15,2.788608899351175e-7,2.573725431065462e-14,1.0000000000000835
0.000283963897799461,58.393638901124085,0.013778453144515462,0.001911426570552129,1.892038815257862e-15,2.8542348985000077e-7,2.5739333679672105e-14,1.0000000000000842
0.00029207715202230275,58.39363804440177,0.013778438270864139,0.001960624728371753,2.4080494012372793e-15,2.91568938187714e-7,2.5741468149548275e-14,1.0000000000000862
0.0003001904062451445,58.393637147201396,0.01377842269446878,0.0020095622672665955,2.4080494012372793e-15,2.0472429027029726e-7,2.574365741745421e-14,1.0000000000001001
0.00030830366046798624,58.39363622240423,0.013778406638962473,0.002058240725563915,2.4080494012372793e-15,2.0939744413417394e-7,2.5745901164676822e-14,1.0000000000000993
0.000316416914690828,58.39363525661506,0.013778389871789391,0.002106661604201344,2.580052929897085e-15,2.1305470526700176e-7,2.5748199090347372e-14,1.0000000000000984
0.00032453016891366974,58.393634253925484,0.013778372463984194,0.002154826369803804,2.7520564585568904e-15,2.1690839435706266e-7,2.575055089521396e-14,1.0000000000000975
0.0003326434231365115,58.39363321410139,0.013778354411482601,0.0022027364585281936,2.7520564585568904e-15,2.2111175318473286e-7,2.575291487242584e-14,1.0000000000000968
0.00034075667735935323,58.39363213698552,0.013778335711554205,0.0022503932786693726,3.2680670445363076e-15,2.2490293954957608e-7,2.5755331269059045e-14,1.0000000000000961
0.000348869931582195,58.39363102243066,0.01377831636164352,0.002297798215299071,3.440070573196113e-15,2.2888964701373027e-7,2.5757799798797082e-14,1.0000000000000955
0.00035698318580503673,58.39362987031197,0.013778296359582894,0.0023449526331241525,3.612074101855919e-15,2.3277708846580758e-7,2.576032017582524e-14,1.0000000000001052
0.0003650964400278785,58.39362868055072,0.013778275704005645,0.0023918578800456794,3.612074101855919e-15,2.368752077264169e-7,2.5762892116718095e-14,1.0000000000001248
0.0003732096942507202,58.39362745309721,0.013778254394048884,0.0024385152904232714,4.128084687835336e-15,2.403251163907161e-7,2.5765515339513932e-14,1.000000000000147
0.00038132294847356197,58.393626187932384,0.01377823242938176,0.0024849261880295205,4.300088216495142e-15,2.4422347769115227e-7,2.5768189563708477e-14,1.0000000000001694
0.0003894362026964037,58.393624885067666,0.013778209810202639,0.002531091888662531,4.300088216495142e-15,2.4776097534706665e-7,2.5770914497469498e-14,1.0000000000001923
0.00039754945691924547,58.393623544544724,0.013778186537234888,0.0025770137023687014,4.8160988024745586e-15,2.513941166348843e-7,2.57736898625054e-14,1.0000000000002156
0.0004056627111420872,58.393622166434234,0.013778162611705553,0.00262269293523031,4.8160988024745586e-15,2.551274054518604e-7,2.5776515381972712e-14,1.0000000000002391
0.00041377596536492896,58.39362075083613,0.013778138035349542,0.002668130890680633,5.16010585979417e-15,2.5885394527858097e-7,2.5779390780481096e-14,1.0000000000002631
0.0004218892195877707,58.393619298116604,0.013778112814524483,0.0027133288731817883,5.16010585979417e-15,2.6249782175691294e-7,2.5782315784098253e-14,1.0000000000002875
0.00043000247381061246,58.39361780803158,0.01377808694499278,0.0027582881800927877,5.504112917113781e-15,2.659550419059631e-7,2.578529008804302e-14,1.0000000000003122
0.0004381157280334542,58.393616276636116,0.01377806035826601,0.0028033348946124087,5.504112917113781e-15,2.51083976939265e-7,2.578831342003355e-14,1.0000000000003402
0.00044622898225629595,58.39361471680605,0.013778033277882889,0.0028488267055949298,5.848119974433393e-15,2.55121290670365e-7,2.5791385865079226e-14,1.0000000000003277
0.0004543422364791377,58.39361311614302,0.013778005488594241,0.0028941010704576415,6.192127031753004e-15,2.5858689236330243e-7,2.5794507899915575e-14,1.000000000000318
0.00046245549070197945,58.393611478969135,0.013777977065436464,0.0029391586819485687,6.3641305604128096e-15,2.616053050228354e-7,2.5797679275144305e-14,1.0000000000003082
0.0004705687449248212,58.39360980556419,0.013777948013267274,0.002984000224646785,6.708137617732421e-15,2.652922266291441e-7,2.5800899742185833e-14,1.0000000000002982
0.00047868199914766294,58.39360809622292,0.013777918337203569,0.0030286263727410927,7.052144675052032e-15,2.6873986515721243e-7,2.5804169053279752e-14,1.0000000000002882
0.0004867952533705047,58.393606351263614,0.013777888042771174,0.0030730377877743816,7.396151732371643e-15,2.723117385702742e-7,2.5807428759171234e-14,1.0000000000002782
0.0004949085075933464,58.39360457102794,0.013777857135901888,0.003117235116423452,7.396151732371643e-15,2.7564275538047845e-7,2.5810736070056944e-14,1.000000000000268
0.0005030217618161881,58.39360275588095,0.013777825622933233,0.003161218988382592,7.568155261031449e-15,2.7904678222127706e-7,2.5814090749149907e-14,1.000000000000259
0.0005111350160390298,58.39360090621021,0.013777793510594027,0.003204990014420414,7.91216231835106e-15,2.8226919335109705e-7,2.581749256054051e-14,1.0000000000002627
0.0005192482702618715,58.39359902242597,0.01377776080600647,0.003248548784674945,8.084165847010865e-15,2.854256812095044e-7,2.5820941269012965e-14,1.0000000000002665
0.0005273615244847132,58.39359710496006,0.013777727516667776,0.003291895867247105,8.256169375670673e-15,2.889793675797588e-7,2.5824436593894416e-14,1.0000000000002793
0.0005354747787075549,58.39359515426483,0.013777693650431171,0.0033350318071509112,8.77217996165009e-15,2.9185251060360543e-7,2.582797829976324e-14,1.000000000000295
0.0005435880329303966,58.393593170816615,0.013777659215566335,0.0033779571256323127,8.77217996165009e-15,2.951125133404106e-7,2.5831566151929184e-14,1.0000000000003109
0.0005517012871532383,58.39359115510186,0.013777624220518488,0.0034206723199351786,8.944183490309895e-15,2.9805712659420914e-7,2.5835199914160312e-14,1.0000000000003268
0.00055981454137608,58.39358910764892,0.01377758867446054,0.0034631778635084466,9.460194076289312e-15,3.013738316026053e-7,2.583887935304793e-14,1.000000000000343
0.0005679277955989217,58.393587028984165,0.013777552586530734,0.003505474206645275,9.460194076289312e-15,3.0416576358975345e-7,2.5842604236140985e-14,1.0000000000003593
0.0005760410498217634,58.393584919659915,0.01377751596631807,0.0035475617775627757,9.804201133608923e-15,3.073159771674883e-7,2.5846374331425894e-14,1.0000000000003757
0.0005841543040446051,58.393582780246874,0.013777478823730545,0.0035894409838966848,9.804201133608923e-15,3.1043495688604537e-7,2.585018938090655e-14,1.0000000000003924
0.0005922675582674468,58.39358061133347,0.013777441168983941,0.003631112214575261,1.0148208190928534e-14,3.133776380394597e-7,2.5854049152899307e-14,1.000000000000409
0.0006003808124902884,58.393578413526086,0.01377740301260576,0.0036725758420264793,1.0148208190928534e-14,3.1624842876540815e-7,2.5857883634209208e-14,1.0000000000004259
0.0006084940667131301,58.393576187448254,0.013777364365421171,0.0037138322246620466,1.032021171958834e-14,3.191956574029023e-7,2.5861761733666016e-14,1.000000000000443
0.0006166073209359718,58.39357393373994,0.013777325238540672,0.0037548817095734,1.0492215248248145e-14,3.216963740499491e-7,2.5865683169287845e-14,1.00000000000046
0.0006247205751588135,58.393571648965555,0.013777285572318759,0.0037957246356360623,1.0492215248248145e-14,1.872745800934883e-7,2.5869647718779514e-14,1.0000000000004774
0.0006328338293816552,58.393569345947526,0.013777245589366872,0.003836361335714275,1.1008225834227562e-14,1.8867728204807754e-7,2.5873655160438057e-14,1.0000000000004567
0.0006409470836044969,58.39356701328987,0.013777205091838085,0.0038767921401054923,1.1008225834227562e-14,1.902710204670921e-7,2.5877705273571912e-14,1.0000000000004359
0.0006490603378273386,58.393564655745486,0.01377716416224812,0.00391701737928271,1.1696239948866786e-14,1.915993292356255e-7,2.588179783757773e-14,1.000000000000415
0.0006571735920501803,58.39356227401363,0.013777122812736775,0.00395703738652638,1.1696239948866786e-14,1.926753425973704e-7,2.588593263244134e-14,1.000000000000394
0.000665286846273022,58.39355986883575,0.013777081056176343,0.003996852500379147,1.2040247006186397e-14,1.941809687211471e-7,2.5890109438746604e-14,1.0000000000003728
0.0006734001004958637,58.393557440963335,0.01377703890561355,0.004036463066803647,1.2212250534846202e-14,1.951320030835202e-7,2.5894328038062214e-14,1.0000000000003515
0.0006815133547187054,58.39355499116195,0.013776996374339491,0.004075869441022032,1.2556257592165814e-14,1.96415975761699e-7,2.5898588212283947e-14,1.0000000000003302
0.0006896266089415471,58.39355252022628,0.013776953476150785,0.004115071989005557,1.2900264649485425e-14,1.9759798564056297e-7,2.5902889667047888e-14,1.000000000000309
0.0006977398631643888,58.39355002885913,0.013776910223248909,0.004154071088497275,1.307226817814523e-14,1.9887523272643648e-7,2.590723218344952e-14,1.0000000000003133
0.0007058531173872305,58.393547517933634,0.013776866630792351,0.004192867129795257,1.3416275235464841e-14,2.0003142028879317e-7,2.5911535709039117e-14,1.0000000000003175
0.0007139663716100722,58.39354498826257,0.013776822712891924,0.004231460516002854,1.3588278764124647e-14,2.0115551399579878e-7,2.5915879316055076e-14,1.0000000000003217
0.0007220796258329138,58.39354244067011,0.01377677848385618,0.00426985166291868,1.3760282292784453e-14,2.0223555420584294e-7,2.5920262796502492e-14,1.000000000000326
0.0007301928800557555,58.39353987599072,0.0137767339581723,0.0043080409985596846,1.4104289350104064e-14,2.0356350199923767e-7,2.5924685904733582e-14,1.0000000000003302
0.0007383061342785972,58.39353729506342,0.013776689150406654,0.004346028962352791,1.4448296407423675e-14,2.0472094257317774e-7,2.5929148433788445e-14,1.0000000000003346
0.0007464193885014389,58.393534698753776,0.01377664407558648,0.004383816004008701,1.462029993608348e-14,2.0601292104183155e-7,2.593365017694672e-14,1.000000000000339
0.0007545326427242806,58.39353208792017,0.013776598748614182,0.00442140258220068,1.5136310522062897e-14,2.0718458318413902e-7,2.5938190843207292e-14,1.0000000000003464
0.0007626458969471223,58.39352946343377,0.013776553184614201,0.004458789163008021,1.5308314050722703e-14,2.0845977991013065e-7,2.5942770225622534e-14,1.0000000000003566
0.000770759151169964,58.393526826262274,0.013776507400386806,0.004495976218269448,1.5652321108042314e-14,2.0938219665034286e-7,2.5947388118519806e-14,1.0000000000003675
0.0007788724053928057,58.39352417704065,0.01377646140695589,0.0045329642238259105,1.5652321108042314e-14,2.112423729411228e-7,2.595204431665944e-14,1.0000000000003784
0.0007869856596156474,58.3935215173985,0.013776415232612898,0.004569753641312929,1.5996328165361925e-14,2.1202133151931868e-7,2.5956738615417612e-14,1.0000000000003892
0.0007950989138384891,58.393518846447314,0.013776368861932639,0.004606345034024684,1.6512338751341345e-14,2.1298054139751166e-7,2.5961382986101685e-14,1.0000000000004001
0.0008032121680613308,58.393516167238595,0.013776322347892367,0.00464273885235418,1.6512338751341345e-14,2.1413175801954232e-7,2.596606458638709e-14,1.0000000000004112
0.0008113254222841725,58.393513479692736,0.013776275689110096,0.004678935557153162,1.668434228000115e-14,2.153182886710514e-7,2.5970783222714997e-14,1.0000000000004223
0.0008194386765070142,58.39351078479217,0.01377622890264194,0.0047149356113330805,1.6856345808660956e-14,2.1661155807928267e-7,2.5975538605339915e-14,1.0000000000004334
0.0008275519307298559,58.39350808350036,0.01377618200521464,0.0047507394763784344,1.7200352865980567e-14,2.1731268465274844e-7,2.5980330541255438e-14,1.0000000000004445
0.0008356651849526976,58.39350537676613,0.013776135013300946,0.004786347610511907,1.754435992330018e-14,2.1812134182175313e-7,2.598515883742502e-14,1.0000000000004559
0.0008437784391755392,58.393502665481996,0.01377608794239587,0.004821760489003241,1.7716363451959984e-14,2.190052681427801e-7,2.599002330161269e-14,1.0000000000004672
0.0008518916933983809,58.393499950499894,0.01377604080728993,0.00485697852354015,1.7716363451959984e-14,2.2041866207245242e-7,2.5994923693775596e-14,1.0000000000004785
0.0008600049476212226,58.393497233223606,0.013775993632354367,0.0048920021705303645,1.82323740379394e-14,2.2092979840016014e-7,2.5999859822395524e-14,1.0000000000004898
0.0008681182018440643,58.393494508950454,0.013775946335945479,0.0049268318781525095,1.8404377566599206e-14,2.219968252836768e-7,2.600483149696334e-14,1.0000000000005012
0.000876231456066906,58.39349179236987,0.013775899173088154,0.004961468086041495,1.8576381095259012e-14,2.2318253262154641e-7,2.6009743837940423e-14,1.0000000000005127
0.0008843447102897477,58.39348907365887,0.01377585197324437,0.004995911229098042,1.8920388152578623e-14,2.2393574602985744e-7,2.6014690853339507e-14,1.0000000000005242
0.0008924579645125894,58.39348635580537,0.01377580478828781,0.005030161739398224,1.909239168123843e-14,2.2478972894202087e-7,2.60196723617382e-14,1.0000000000005358
0.0009005712187354311,58.39348364009748,0.013775757640581329,0.005064220047838687,1.9264395209898234e-14,2.2574571825750844e-7,2.602468818246414e-14,1.0000000000005473
0.0009086844729582728,58.393480927586964,0.013775710548384891,0.005098086585747535,1.9608402267217845e-14,2.2624898599055143e-7,2.6029738131320375e-14,1.0000000000005589
0.0009167977271811145,58.39347821927856,0.013775663529141825,0.005131761786438324,1.978040579587765e-14,2.272125436686423e-7,2.60348220288137e-14,1.0000000000005704
0.0009249109814039562,58.393475516166134,0.013775616600106599,0.0051652460867125044,1.9952409324537457e-14,2.2790719475529464e-7,2.6039939696221577e-14,1.0000000000005822
0.0009330242356267979,58.39347281924162,0.0137755697785005,0.0051985399282992745,2.0124412853197262e-14,2.285357238174246e-7,2.6045090956235487e-14,1.000000000000594
0.0009411374898496396,58.393470129636285,0.013775523083963374,0.005231643759246098,2.0468419910516873e-14,2.2894804471706998e-7,2.60502755117246e-14,1.0000000000006057
0.0009492507440724813,58.39346744833402,0.013775476533576865,0.005264558035061285,2.064042343917668e-14,2.298280412649234e-7,2.6055493184857612e-14,1.0000000000006175
0.000957363998295323,58.393464775977,0.013775430138489711,0.005297283219902628,2.1156434025156096e-14,2.3070639235123203e-7,2.606064255690918e-14,1.0000000000006293
0.0009654772525181646,58.39346211378215,0.013775383919829083,0.005329819787502392,2.1156434025156096e-14,2.315080857018259e-7,2.6065824326697893e-14,1.000000000000641
0.0009735905067410063,58.39345946275528,0.013775337895057065,0.0053621682219265115,2.1500441082475707e-14,2.3184809219700675e-7,2.607103832620316e-14,1.0000000000006528
0.0009817037609638481,58.393456823897225,0.01377529208154914,0.005394329018147659,2.2016451668455124e-14,2.322378065133801e-7,2.607628438895583e-14,1.0000000000006646
0.0009898170151866898,58.393454198209135,0.013775246496686466,0.005426302682424346,2.2016451668455124e-14,2.326165610133657e-7,2.6081562348710846e-14,1.0000000000006763
0.0009979302694095315,58.39345158973881,0.013775201210743321,0.00545808974142398,2.218845519711493e-14,2.3327715739651644e-7,2.6086871903221627e-14,1.000000000000693
0.0010060435236323732,58.3934489914509,0.013775156101578276,0.0054896907219922075,2.2360458725774735e-14,2.3382364988666637e-7,2.6092212886610855e-14,1.0000000000007263
0.001014156777855215,58.393446411162756,0.013775111304909063,0.00552110616401609,2.2704465783094346e-14,2.3473244381566616e-7,2.6097585133034106e-14,1.0000000000007596
0.0010222700320780566,58.393443848199965,0.01377506680902727,0.0055523366194013485,2.2876469311754155e-14,2.3484641475945978e-7,2.6102988477544982e-14,1.0000000000007927
0.0010303832863008983,58.39344130340812,0.01377502262861325,0.005583382650788379,2.3220476369073766e-14,2.353575542790587e-7,2.6108422757089092e-14,1.0000000000008258
0.00103849654052374,58.39343877778403,0.013774978780972794,0.005614244830705174,2.3564483426393377e-14,2.358227482457398e-7,2.611378049451714e-14,1.0000000000008589
0.0010466097947465817,58.3934362723263,0.013774935283442771,0.005644923740897768,2.3908490483712988e-14,2.358642695321489e-7,2.6119168469623997e-14,1.0000000000008917
0.0010547230489694234,58.39343378803374,0.013774892153363633,0.005675419971718213,2.4080494012372794e-14,2.3651978817151864e-7,2.6124586460847222e-14,1.0000000000009246
0.001062836303192265,58.393431325902874,0.013774849408036109,0.0057057341215075025,2.4424501069692405e-14,2.367486948151587e-7,2.613003431384578e-14,1.0000000000009575
0.0010709495574151068,58.39342888692824,0.013774807064726509,0.005735866795975475,2.459650459835221e-14,2.373748690109867e-7,2.613551187485012e-14,1.00000000000099
0.0010790628116379485,58.393426472101865,0.013774765140657478,0.005765818607602606,2.459650459835221e-14,2.3749665514771756e-7,2.6141018985203136e-14,1.0000000000010227
0.0010871760658607902,58.39342408241332,0.013774723653009099,0.005795590175086393,2.5112515184331627e-14,2.3802618392965158e-7,2.6146555492548804e-14,1.0000000000010552
0.0010952893200836318,58.393421718850114,0.013774682618925685,0.005825182122852324,2.5456522241651238e-14,2.3825110803676885e-7,2.615212124547672e-14,1.0000000000010876
0.0011034025743064735,58.39341938240489,0.013774642055640609,0.005854595080656464,2.5628525770311044e-14,2.3832391635170147e-7,2.6157715943917537e-14,1.0000000000011198
0.0011115158285293152,58.39341707394972,0.013774601978293858,0.0058838296831006266,2.5972532827630655e-14,2.386016645372635e-7,2.6163226907724966e-14,1.000000000001152
0.001119629082752157,58.39341479456602,0.01377456240566017,0.005912886569721851,2.614453635629046e-14,2.388060130198433e-7,2.61687663513427e-14,1.000000000001184
0.0011277423369749986,58.393412545228365,0.013774523354659219,0.005941766384701285,2.6660546942269877e-14,2.39080037628403e-7,2.6174334134259516e-14,1.000000000001216
0.0011358555911978403,58.393410326909645,0.013774484842181444,0.005970469776815077,2.6832550470929683e-14,2.394545849382368e-7,2.6179930116100643e-14,1.0000000000012477
0.001143968845420682,58.39340814057922,0.013774446885055976,0.005998997399458178,2.700455399958949e-14,2.3929722189897085e-7,2.6185554158004487e-14,1.0000000000012794
0.0011520820996435237,58.3934059872039,0.013774409500067785,0.0060273499107306805,2.7520564585568905e-14,2.3953876376880956e-7,2.6191205877582274e-14,1.000000000001311
0.0011601953538663654,58.39340386774677,0.013774372703937074,0.00605552797356959,2.7520564585568905e-14,2.3946501867544434e-7,2.61968851347879e-14,1.0000000000013425
0.001168308608089207,58.39340178316631,0.013774336513304114,0.006083532255904809,2.7864571642888516e-14,2.395721464265588e-7,2.620259179173224e-14,1.0000000000013738
0.0011764218623120488,58.39339973546085,0.013774300962862019,0.006111363424359166,2.8208578700208128e-14,2.3971200491246236e-7,2.620832571005554e-14,1.0000000000014049
0.0011845351165348905,58.393397723740804,0.013774266037166843,0.006139022163610756,2.8380582228867933e-14,2.396553032690818e-7,2.6213969285253685e-14,1.000000000001436
0.0011926483707577322,58.39339574968878,0.013774231765430283,0.006166509158620236,2.8724589286187544e-14,2.3955175920686855e-7,2.6219639750021755e-14,1.0000000000014668
0.0012007616249805739,58.39339381430419,0.013774198165003398,0.006193825099182994,2.9068596343507155e-14,2.398263080627405e-7,2.622533680704729e-14,1.0000000000014975
0.0012088748792034156,58.39339191854047,0.013774165252438872,0.006220970680301494,2.924059987216696e-14,2.3963574177776614e-7,2.623106032819597e-14,1.000000000001528
0.0012169881334262572,58.39339006333891,0.013774133044078448,0.006247946602267346,2.958460692948657e-14,2.3960531184141765e-7,2.623681018679078e-14,1.0000000000015585
0.001225101387649099,58.393388249634384,0.013774101556152602,0.006274753570562943,2.958460692948657e-14,2.394908119873751e-7,2.6242586248185712e-14,1.0000000000015887
0.0012332146418719406,58.39338647833369,0.013774070804404417,0.006301392295618305,3.010061751546599e-14,2.394242865910723e-7,2.624838830367182e-14,1.000000000001619
0.0012413278960947823,58.393384750417454,0.013774040805858671,0.006327863492527227,3.0272621044125794e-14,2.3927992082173333e-7,2.6254216227734677e-14,1.000000000001649
0.001249441150317624,58.39338306676952,0.01377401157585988,0.006354167880549174,3.0616628101445406e-14,2.389574610128786e-7,2.6259948086374403e-14,1.0000000000016787
0.0012575544045404657,58.39338142831373,0.013773983130446817,0.006380306182613863,3.0960635158765017e-14,2.388807002484672e-7,2.6265705344861385e-14,1.0000000000017082
0.0012656676587633074,58.39337983596165,0.013773955485445468,0.006406279124715468,3.113263868742482e-14,2.388518539619966e-7,2.6271487885972408e-14,1.0000000000017375
0.001273780912986149,58.39337829062053,0.013773928656606564,0.006432087435252312,3.1476645744744434e-14,2.388967406119491e-7,2.627729559473396e-14,1.0000000000017666
0.0012818941672089908,58.39337679319273,0.013773902659596094,0.006457731844321032,3.1820652802064045e-14,2.3858353076500194e-7,2.6283128355474363e-14,1.0000000000017957
0.0012900074214318325,58.393375344575865,0.013773877509997763,0.0064832130829855054,3.2164659859383656e-14,2.3815049815523182e-7,2.628898604501467e-14,1.0000000000018245
0.0012981206756546742,58.39337394566197,0.013773853223298198,0.006508531882538467,3.233666338804346e-14,2.3808461460661512e-7,2.6294868363229904e-14,1.0000000000018532
0.0013062339298775159,58.393372597338534,0.013773829814905197,0.006533688973777748,3.2508666916703273e-14,2.3759729333994173e-7,2.630077519625435e-14,1.0000000000018816
0.0013143471841003576,58.39337130048699,0.013773807300121456,0.006558685086315444,3.302467750268269e-14,2.3726511388932892e-7,2.6306706341222103e-14,1.0000000000019098
0.0013224604383231993,58.39337005598368,0.013773785694161225,0.006583520947939424,3.3196681031342496e-14,2.3701100793083185e-7,2.6312535614329108e-14,1.0000000000019378
0.001330573692546041,58.39336886469974,0.013773765012148333,0.006608197284043487,3.371269161732191e-14,2.368248109008153e-7,2.6318388995046902e-14,1.0000000000019655
0.0013386869467688826,58.39336772750075,0.013773745269110387,0.006632714817140625,3.388469514598172e-14,2.3675695803859753e-7,2.632426618594717e-14,1.000000000001993
0.0013468002009917243,58.39336664523895,0.013773726479842962,0.006657074266471409,3.4056698674641523e-14,2.3592027739716137e-7,2.6330167082235987e-14,1.0000000000020204
0.001354913455214566,58.39336561877499,0.013773708659288177,0.006681276347713551,3.457270926062094e-14,2.354614838939728e-7,2.633609157158123e-14,1.0000000000020475
0.0013630267094374077,58.39336464896057,0.01377369182223223,0.006705321772799781,3.491671631794055e-14,2.351282936685628e-7,2.6342039551010782e-14,1.0000000000020743
0.0013711399636602494,58.39336373664013,0.013773675983335738,0.006729211249842882,3.508871984660036e-14,2.352055604171177e-7,2.6348010918053237e-14,1.000000000002101
0.0013792532178830911,58.39336288265292,0.0137736611571689,0.006752945483164769,3.5604730432579774e-14,2.3411203556311655e-7,2.6354005571887002e-14,1.0000000000021274
0.0013873664721059328,58.39336208776973,0.013773647357113483,0.0067765251731734776,3.577673396123958e-14,2.3371885077283494e-7,2.635989340058526e-14,1.0000000000021536
0.0013954797263287745,58.39336135291887,0.013773634599286095,0.006799951017199213,3.6292744547218996e-14,2.3324041184547006e-7,2.6365804089558104e-14,1.0000000000021796
0.0014035929805516162,58.39336067890236,0.01377362289761054,0.006823223709393271,3.64647480758788e-14,2.3348430172598356e-7,2.6371737544092113e-14,1.0000000000022053
0.0014117062347744579,58.39336006650967,0.013773612265793015,0.0068463439412108,3.663675160453861e-14,2.323691334626954e-7,2.6377693670312746e-14,1.0000000000022309
0.0014198194889972996,58.39335951657466,0.013773602718310211,0.0068693124018187664,3.698075866185822e-14,2.3181153663287546e-7,2.6383672366786973e-14,1.0000000000022562
0.0014279327432201413,58.39335902990253,0.013773594269141192,0.006892129778314667,3.732476571917783e-14,2.312638715529225e-7,2.638967333103077e-14,1.0000000000022813
0.001436045997442983,58.39335860729625,0.01377358693222666,0.006914796756056092,3.7840776305157246e-14,2.306721618161589e-7,2.6395696471545126e-14,1.0000000000023062
0.0014441592516658247,58.39335824955465,0.013773580721435025,0.006937314019059012,3.801277983381705e-14,2.3001037957603998e-7,2.6401741696134224e-14,1.0000000000023306
0.0014522725058886664,58.39335795747175,0.013773575650551312,0.006959682250385752,3.818478336247686e-14,2.300200549198994e-7,2.640767555903772e-14,1.0000000000023548
0.001460385760111508,58.39335773183636,0.013773571733270245,0.006981902132482677,3.8700793948456274e-14,2.291959085576334e-7,2.6413631452888495e-14,1.0000000000023788
0.0014684990143343497,58.39335757343216,0.01377356898319736,0.007003974347445528,3.921680453443569e-14,2.2865663351634424e-7,2.641960897295075e-14,1.0000000000024025
0.0014766122685571914,58.393357483037455,0.013773567413844811,0.007025899577198377,3.9388808063095496e-14,2.279788537395966e-7,2.64256080263599e-14,1.000000000002426
0.0014847255227800331,58.39335746142494,0.013773567038627546,0.0070476785035791575,3.95608115917553e-14,2.2759124776450257e-7,2.643162852904561e-14,1.0000000000024494
0.0014928387770028748,58.39335750936189,0.013773567870866268,0.007069311808326485,3.973281512041511e-14,2.2703649316113683e-7,2.6437670399341035e-14,1.0000000000024725
0.0015009520312257165,58.39335762760997,0.01377356992378435,0.007090800172967968,4.007682217773472e-14,2.2692940671031891e-7,2.6443733554323154e-14,1.0000000000024953
0.0015090652854485582,58.393357816925096,0.013773573210505246,0.007112144278612439,4.0592832763714135e-14,2.2653502251834823e-7,2.644981791184766e-14,1.000000000002518
0.0015171785396714,58.39335807805772,0.013773577744057791,0.007133344805651425,4.0592832763714135e-14,2.2580845257524906e-7,2.645578644880677e-14,1.0000000000025402
0.0015252917938942416,58.39335841175216,0.013773583537363998,0.00715440243337926,4.110884334969355e-14,2.2507337968380448e-7,2.6461775979875768e-14,1.0000000000025622
0.0015334050481170833,58.39335881874739,0.013773590603253352,0.007175317839542891,4.162485393567297e-14,2.247810689803842e-7,2.6467786420626284e-14,1.000000000002584
0.001541518302339925,58.39335929977622,0.013773598954448397,0.007196091699834843,4.1796857464332775e-14,2.2408494726455785e-7,2.6473817586491306e-14,1.0000000000026055
0.0015496315565627667,58.39335985556583,0.013773608603573599,0.007216724687345972,4.196886099299258e-14,2.2389537118749914e-7,2.647986940327639e-14,1.0000000000026268
0.0015577448107856084,58.39336048716506,0.013773619568837974,0.007237217472422813,4.2140864521652386e-14,2.2317367570634516e-7,2.648594156642267e-14,1.0000000000026479
0.00156585806500845,58.39336119468185,0.01377363185211558,0.00725757072036013,4.26568751076318e-14,2.2293722284905115e-7,2.6492034002252765e-14,1.0000000000026688
0.0015739713192312918,58.3933619790695,0.013773645469956755,0.007277785093363366,4.282887863629161e-14,2.225112152309805e-7,2.6498146639110985e-14,1.0000000000026894
0.0015820845734541334,58.39336284107266,0.013773660435289308,0.007297861248590942,4.317288569361122e-14,2.2223995832515442e-7,2.6504139499430133e-14,1.0000000000027098
0.0015901978276769751,58.39336378138666,0.013773676760185188,0.007317799837775447,4.3344889222271025e-14,2.2164329988028086e-7,2.651015263392892e-14,1.00000000000273
0.0015983110818998168,58.393364800705854,0.013773694456698949,0.0073376015068292635,4.3688896279590636e-14,2.2151443285212125e-7,2.6516185736604644e-14,1.00000000000275
0.0016064243361226585,58.393365899717686,0.013773713536765488,0.007357266895505337,4.403290333691025e-14,2.20976996201383e-7,2.6522238628436853e-14,1.0000000000027698
0.0016145375903455002,58.393367079104024,0.013773734012222743,0.0073767966371352505,4.420490686557005e-14,2.2099364305194769e-7,2.652831124303002e-14,1.000000000002789
0.001622650844568342,58.39336833954067,0.01377375589480343,0.007396191358452315,4.437691039422986e-14,2.211836904741915e-7,2.653440351464338e-14,1.0000000000028082
0.0016307640987911836,58.393369681700044,0.013773779196181416,0.007415451679517509,4.472091745154947e-14,2.2057894200067096e-7,2.6540515379520582e-14,1.000000000002827
0.0016388773530140253,58.39337110624641,0.01377380392788921,0.00743457821372142,4.506492450886908e-14,2.2029795510025707e-7,2.6546646517287513e-14,1.0000000000028457
0.001646990607236867,58.393372613839865,0.013773830101386653,0.007453571567902283,4.5236928037528886e-14,2.2011762002005497e-7,2.6552653942013447e-14,1.0000000000028642
0.0016551038614597087,58.39337420513473,0.013773857728033549,0.007472432342543934,4.5236928037528886e-14,2.198040788270461e-7,2.6558680786237132e-14,1.0000000000028824
0.0016632171156825504,58.39337588077963,0.01377388681909089,0.007491161132062383,4.575293862350831e-14,2.1964236313065655e-7,2.656472699219851e-14,1.0000000000029006
0.001671330369905392,58.393377641417736,0.013773917385724681,0.0075097585251687245,4.5924942152168115e-14,2.1943176820027332e-7,2.657079238133301e-14,1.0000000000029186
0.0016794436241282338,58.393379487686786,0.013773949439006809,0.00752822510529793,4.609694568082792e-14,2.1914496278752083e-7,2.6576876644701194e-14,1.0000000000029363
0.0016875568783510755,58.39338142021821,0.013773982989899614,0.0075465614510905245,4.644095273814753e-14,2.1947525447041372e-7,2.6582979725076035e-14,1.0000000000029539
0.0016956701325739172,58.393383439638384,0.013774018049277607,0.007564768136913989,4.661295626680734e-14,2.1874433264734705e-7,2.65891015537757e-14,1.0000000000029712
0.0017037833867967588,58.39338554656751,0.013774054627908225,0.0075828457334101455,4.678495979546714e-14,2.1841305214431728e-7,2.6595242074589272e-14,1.0000000000029883
0.0017118966410196005,58.39338774162,0.013774092736458491,0.0076007948080540925,4.730097038144656e-14,2.1863276838951506e-7,2.6601255453941674e-14,1.0000000000030052
0.0017200098952424422,58.39339002540449,0.013774132385494768,0.0076186159257111774,4.730097038144656e-14,2.1864491311918144e-7,2.6607287475584902e-14,1.0000000000030218
0.001728123149465284,58.39339239852351,0.0137741735854777,0.007636309649179715,4.7472973910106365e-14,2.1832081420480876e-7,2.6613338086762515e-14,1.0000000000030382
0.0017362364036881256,58.39339486157368,0.013774216346765419,0.007653876539707453,4.764497743876617e-14,2.1854723086800476e-7,2.6619407113053894e-14,1.0000000000030544
0.0017443496579109673,58.39339741514561,0.013774260679611332,0.007671317157472781,4.798898449608578e-14,2.1823321133540574e-7,2.6625494491113677e-14,1.0000000000030704
0.001752462912133809,58.39340005982352,0.013774306594158436,0.007688632062021631,4.816098802474559e-14,2.1811344541600164e-7,2.6631600170635692e-14,1.0000000000030862
0.0017605761663566507,58.393402796185924,0.013774354100450175,0.007705821812654988,4.833299155340539e-14,2.1790541560040566e-7,2.6637723836572052e-14,1.000000000003102
0.0017686894205794924,58.39340562480491,0.013774403208418731,0.007722886968763131,4.8676998610725004e-14,2.183227101326679e-7,2.664386543825283e-14,1.0000000000031175
0.001776802674802334,58.39340854623389,0.01377445392767185,0.007739828090093993,4.884900213938481e-14,2.181637173137574e-7,2.6649876455996555e-14,1.0000000000031328
0.0017849159290251758,58.39341156106255,0.013774506268447144,0.007756645737009463,4.884900213938481e-14,2.177056795393817e-7,2.6655905675070363e-14,1.000000000003148
0.0017930291832480175,58.393414669824736,0.01377456024001288,0.007773340470620999,4.919300919670442e-14,2.1807193811840264e-7,2.666195303815503e-14,1.0000000000031628
0.0018011424374708592,58.393417873071364,0.013774615851933503,0.0077899128529247035,4.953701625402403e-14,2.178789869078379e-7,2.666801810156958e-14,1.0000000000031775
0.0018092556916937009,58.39342117134534,0.01377467311363444,0.007806363446881205,4.953701625402403e-14,2.175371146551086e-7,2.667410082132209e-14,1.000000000003192
0.0018173689459165426,58.39342456518168,0.013774732034404307,0.007822692816449744,4.988102331134364e-14,2.173436753349911e-7,2.6680201151867565e-14,1.000000000003206
0.0018254822001393842,58.393428055111045,0.013774792623455738,0.007838901526602953,5.0225030368663254e-14,2.1736891941959158e-7,2.6686319049957707e-14,1.0000000000032203
0.001833595454362226,58.39343164165775,0.013774854889891571,0.007854990143309018,5.039703389732306e-14,2.1693441482062426e-7,2.6692454471266863e-14,1.0000000000032343
0.0018417087085850676,58.39343532534054,0.013774918842717816,0.007870959233500159,5.0569037425982865e-14,2.170066794593417e-7,2.6698456070943403e-14,1.000000000003248
0.0018498219628079093,58.393439106672695,0.013774984490845492,0.007886809365031123,5.074104095464267e-14,2.167097050143063e-7,2.6704475225510952e-14,1.0000000000032616
0.001857935217030751,58.3934429861615,0.013775051843081748,0.00790254110663433,5.074104095464267e-14,2.1628485513680573e-7,2.6710511895978908e-14,1.000000000003275
0.0018660484712535927,58.393446964308886,0.013775120908140483,0.007918155027875932,5.108504801196228e-14,2.1612397971271236e-7,2.6716565908864656e-14,1.000000000003288
0.0018741617254764344,58.39345104161095,0.01377519169463468,0.007933651699117897,5.125705154062209e-14,2.160015898367007e-7,2.672263722404712e-14,1.000000000003301
0.001882274979699276,58.39345521855866,0.013775264211087893,0.007949031691488313,5.16010585979417e-14,2.1553462409285018e-7,2.672872551062572e-14,1.0000000000033136
0.0018903882339221178,58.39345949563693,0.013775338465919065,0.007964295576861723,5.16010585979417e-14,2.1495071977906122e-7,2.67348307289776e-14,1.000000000003326
0.0018985014881449595,58.393463873325274,0.013775414467452774,0.007979443927849484,5.194506565526131e-14,2.1469440891763725e-7,2.674079972322621e-14,1.0000000000033382
0.0019066147423678012,58.39346835209755,0.013775492223915893,0.007994477317799403,5.2117069183921116e-14,2.138759554459746e-7,2.6746786015611362e-14,1.0000000000033502
0.0019147279965906429,58.393472932421986,0.013775571743437355,0.008009396320802109,5.228907271258092e-14,2.135301496175579e-7,2.6752789286573785e-14,1.000000000003362
0.0019228412508134846,58.39347761476108,0.01377565303404666,0.008024201511700227,5.263307976990053e-14,2.128418546964994e-7,2.6758809364815435e-14,1.0000000000033735
0.0019309545050363263,58.39348239956857,0.01377573610362109,0.008038893466111075,5.263307976990053e-14,2.1191588839286624e-7,2.6764846204433316e-14,1.0000000000033848
0.001939067759259168,58.39348728730289,0.013775820960119707,0.008053472760394703,5.280508329856034e-14,2.1105315911595923e-7,2.6770899771093276e-14,1.000000000003396
0.0019471810134820096,58.39349227840416,0.01377590761118344,0.008067939971670482,5.2977086827220143e-14,2.1102725406008105e-7,2.677697003173719e-14,1.0000000000034066
0.0019552942677048516,58.393497373312506,0.013775996064453334,0.008082295677798647,5.314909035587995e-14,2.0959162122524688e-7,2.6783056661679203e-14,1.000000000003417
0.0019634075219276933,58.393502572461536,0.013776086327457318,0.0080965404573333,5.314909035587995e-14,2.0865218308685485e-7,2.6789004239486895e-14,1.0000000000034273
0.001971520776150535,58.39350787627838,0.01377617840761082,0.008110674889452977,5.3665100941859366e-14,2.0778559556289267e-7,2.679496860339308e-14,1.0000000000034373
0.0019796340303733766,58.39351328518439,0.0137762723122291,0.008124699553869534,5.3665100941859366e-14,2.067924029236501e-7,2.6800949710742562e-14,1.000000000003447
0.0019877472845962183,58.393518799594716,0.013776368048519476,0.008138615030704188,5.383710447051917e-14,2.0560252417256564e-7,2.680694739049914e-14,1.0000000000034563
0.00199586053881906,58.393524419918045,0.013776465623577263,0.008152421900332456,5.383710447051917e-14,2.0426426777797602e-7,2.6812961316795664e-14,1.0000000000034655
0.0020039737930419017,58.393530151484335,0.013776565129936464,0.008166120743098993,5.418111152783878e-14,3.1390560960351096e-7,2.6818991462256582e-14,1.0000000000034743
0.0020120870472647434,58.39353597984523,0.013776666316757608,0.00817971213943992,5.418111152783878e-14,3.100433890994037e-7,2.6825037798461947e-14,1.000000000003439
0.002020200301487585,58.39354192029115,0.013776769449499215,0.008193196669208775,5.435311505649859e-14,3.0725760560836263e-7,2.6831100284298713e-14,1.0000000000034042
0.002028313555710427,58.393547968103505,0.013776874446241502,0.008206574911619626,5.435311505649859e-14,3.0357989808156723e-7,2.6837021378060862e-14,1.0000000000033695
0.0020364268099332685,58.39355412378934,0.013776981315787308,0.008219847444966368,5.435311505649859e-14,3.004713199489782e-7,2.6842958782574627e-14,1.0000000000033353
0.00204454006415611,58.39356038770313,0.013777090064290598,0.00823301484630162,5.46971221138182e-14,2.9688970040466997e-7,2.684891232857092e-14,1.0000000000033014
0.002052653318378952,58.39356676020777,0.013777200698051639,0.00824607769112891,5.4525118585158394e-14,2.9366974586611245e-7,2.6854881992476787e-14,1.0000000000032676
0.0020607665726017936,58.39357324166208,0.01377731322330014,0.008259036553094665,5.46971221138182e-14,2.9025771292868726e-7,2.6860867734760582e-14,1.0000000000032343
0.0020688798268246353,58.3935798324119,0.013777427646040065,0.008271892003689349,5.46971221138182e-14,2.866175604604557e-7,2.6866869227805042e-14,1.0000000000032012
0.002076993081047477,58.39358653279147,0.01377754397207418,0.008284644611957161,5.46971221138182e-14,2.831690535485821e-7,2.6872886446966763e-14,1.0000000000031686
0.0020851063352703187,58.393593343142015,0.013777662207326754,0.008297294944229318,5.504112917113781e-14,2.7966328047385463e-7,2.687891936963308e-14,1.0000000000031362
0.0020932195894931603,58.393600263788294,0.013777782357435753,0.008309843563878297,5.5213132699797616e-14,2.762459680280045e-7,2.6884808441328906e-14,1.0000000000031042
0.002101332843716002,58.393607295049655,0.013777904427945502,0.008322291031100916,5.5213132699797616e-14,2.726326838561248e-7,2.689071357822873e-14,1.0000000000030724
0.0021094460979388437,58.39361443723798,0.013778028424270563,0.008334637902733632,5.5213132699797616e-14,2.69526533107215e-7,2.689663443494326e-14,1.0000000000030411
0.0021175593521616854,58.393621690658215,0.013778154351705214,0.008346884732100369,5.5213132699797616e-14,2.658417684860766e-7,2.6902570992286135e-14,1.00000000000301
0.002125672606384527,58.393629055608315,0.013778282215422237,0.00835903206889356,5.5213132699797616e-14,2.622053945928321e-7,2.6908523228899894e-14,1.0000000000029792
0.002133785860607369,58.393636532379034,0.01377841202046944,0.008371080459087724,5.572914328577703e-14,2.590479098252079e-7,2.691449112520579e-14,1.0000000000029488
0.0021418991148302105,58.39364412125402,0.013778543771771285,0.008383030444882205,5.572914328577703e-14,2.5532440963357285e-7,2.692047434795976e-14,1.0000000000029186
0.002150012369053052,58.39365182250988,0.013778677474129976,0.00839488256466931,5.572914328577703e-14,2.5179559891877175e-7,2.692631168289146e-14,1.0000000000028888
0.002158125623275894,58.393659636416416,0.013778813132229544,0.008406637353022115,5.572914328577703e-14,2.4868111866089085e-7,2.6932164726368452e-14,1.0000000000028593
0.0021662388774987356,58.39366756323646,0.01377895075063313,0.008418295340695875,5.590114681443684e-14,2.4519725206976204e-7,2.6938033462079927e-14,1.00000000000283
0.0021743521317215773,58.39367560322431,0.013779090333755475,0.008429857054636447,5.590114681443684e-14,2.4152881831773505e-7,2.6943917870999386e-14,1.000000000002801
0.002182465385944419,58.39368376148146,0.013779231970164374,0.008441323018118781,5.590114681443684e-14,2.332944755156774e-7,2.6949817619325236e-14,1.0000000000027724
0.0021905786401672607,58.393692023504215,0.013779375408059392,0.008452693750302097,5.572914328577703e-14,2.2987901304727387e-7,2.6955732675122493e-14,1.000000000002733
0.0021986918943901024,58.393700404454414,0.013779520910667009,0.008463969766780577,5.572914328577703e-14,2.2641849173332673e-7,2.6961663022949295e-14,1.0000000000026938
0.002206805148612944,58.39370889942026,0.013779668392712966,0.008475151579191301,5.572914328577703e-14,2.2309539771114828e-7,2.696760864503691e-14,1.0000000000026552
0.0022149184028357857,58.39371750873792,0.013779817860033463,0.008486239695212183,5.572914328577703e-14,2.1902925495531633e-7,2.697340641686762e-14,1.000000000002617
0.0022230316570586274,58.393726232600635,0.013779969315983343,0.008497234618437226,5.572914328577703e-14,2.1388090298835039e-7,2.6979219574284634e-14,1.0000000000025793
0.002231144911281469,58.39373507119405,0.013780122763785709,0.008508136848211549,5.590114681443684e-14,2.0787117582798942e-7,2.6985048087608263e-14,1.0000000000025422
0.002239258165504311,58.39374402464934,0.01378027820571775,0.008518946879419467,5.572914328577703e-14,1.990306057741975e-7,2.6990891943425995e-14,1.0000000000025058
0.0022473714197271525,58.39375309803948,0.013780435729852228,0.008529665202194132,5.590114681443684e-14,2.529450081056872e-7,2.6996751126786892e-14,1.0000000000024705
0.002255484673949994,58.393762278156835,0.013780595106889598,0.008540292301741149,5.572914328577703e-14,2.3247458336150828e-7,2.7002625299554716e-14,1.0000000000024862
0.002263597928172836,58.39377156643424,0.013780756361705641,0.008550828657694324,5.572914328577703e-14,2.0335281813999018e-7,2.7008514448004927e-14,1.0000000000024716
0.0022717111823956776,58.393780966159255,0.01378091955137606,0.00856127474394255,5.572914328577703e-14,1.581157906827002e-7,2.7014418390858017e-14,1.0000000000024756
0.0022798244366185193,58.39379050132075,0.013781085092374253,0.008571631028279875,5.538513622845742e-14,1.8748587127248584e-7,2.702017249918872e-14,1.0000000000024754
0.002287937690841361,58.39380018456651,0.01378125320427976,0.008581897971940236,5.538513622845742e-14,2.2850507130911524e-7,2.7025942024751676e-14,1.000000000002477
0.0022960509450642027,58.393809943766165,0.01378142263482935,0.00859207602867041,5.5213132699797616e-14,2.500578499819994e-7,2.70317266256782e-14,1.0000000000024616
0.0023041641992870444,58.393819819123266,0.013781594082001242,0.008602165644713248,5.5213132699797616e-14,1.9338226286969018e-7,2.7037526292004385e-14,1.0000000000024765
0.002312277453509886,58.393829810118255,0.013781767536775366,0.008612167257893622,5.5213132699797616e-14,1.9891327762699973e-7,2.7043340996240174e-14,1.0000000000024412
0.0023203907077327278,58.3938399217032,0.01378194308512505,0.008622081297495353,5.5213132699797616e-14,2.0139529333107475e-7,2.70491707279701e-14,1.0000000000024052
0.0023285039619555695,58.39385015012166,0.013782120661834436,0.008631908183614036,5.5213132699797616e-14,2.0318186089163248e-7,2.705501498493248e-14,1.0000000000023692
0.002336617216178411,58.39386049545777,0.013782300268364208,0.008641648326757288,5.5213132699797616e-14,2.037875102001152e-7,2.7060873759224658e-14,1.000000000002333
0.002344730470401253,58.39387095773956,0.013782481905200768,0.008651302127440327,5.5213132699797616e-14,2.0400051736757518e-7,2.7066580877247098e-14,1.000000000002297
0.0023528437246240945,58.39388153701386,0.013782665573157415,0.008660869975809336,5.46971221138182e-14,2.0364650477056045e-7,2.7072303156261264e-14,1.000000000002261
0.0023609569788469362,58.39389223334725,0.01378285127338989,0.00867035225132565,5.504112917113781e-14,2.0367735564796874e-7,2.7078040584577743e-14,1.000000000002225
0.002369070233069778,58.39390304680513,0.013783039007033582,0.008679749322513228,5.46971221138182e-14,2.0343916751208724e-7,2.708379281760516e-14,1.0000000000021894
0.0023771834872926196,58.39391397745024,0.013783228775177866,0.008689061546771005,5.46971221138182e-14,2.0316336502013144e-7,2.7089559849201647e-14,1.0000000000021538
0.0023852967415154613,58.39392502534106,0.013783420578837982,0.008698289270253814,5.4525118585158394e-14,2.0280243440140566e-7,2.7095341491116343e-14,1.0000000000021183
0.002393409995738303,58.393936190530425,0.013783614418931094,0.008707432827821554,5.46971221138182e-14,2.024671210687501e-7,2.7101137733993578e-14,1.000000000002083
0.0024015232499611447,58.39394747306445,0.013783810296257921,0.008716492543056486,5.4525118585158394e-14,2.0293044289410034e-7,2.7106780799720222e-14,1.0000000000020477
0.0024096365041839864,58.39395887298322,0.013784008211514327,0.00872546872834332,5.46971221138182e-14,2.023116461025154e-7,2.7112438813715297e-14,1.0000000000020126
0.002417749758406828,58.3939703903195,0.01378420816526924,0.008734361685008954,5.4525118585158394e-14,2.0211124684976767e-7,2.7118111769349505e-14,1.0000000000019775
0.0024258630126296698,58.39398202509895,0.01378441015796798,0.008743171703513734,5.435311505649859e-14,2.0259203364902945e-7,2.7123799640627056e-14,1.0000000000019427
0.0024339762668525115,58.39399377734077,0.013784614189943985,0.008751899063687866,5.46971221138182e-14,2.0268451950133937e-7,2.7129502257362218e-14,1.0000000000019078
0.002442089521075353,58.39400564705604,0.013784820261389696,0.008760544035003186,5.435311505649859e-14,2.037826090095507e-7,2.7135219268925593e-14,1.0000000000018732
0.002450202775298195,58.39401763421884,0.013785028371854975,0.008769106882097356,5.4525118585158394e-14,2.0389261085052013e-7,2.7140950669830438e-14,1.0000000000018385
0.0024583160295210365,58.394029738833744,0.013785238521419269,0.008777587849283694,5.4525118585158394e-14,2.0475433970545964e-7,2.7146696452115113e-14,1.0000000000018041
0.0024664292837438782,58.39404196100106,0.013785450711824023,0.00878598717969224,5.4525118585158394e-14,2.0504891695694027e-7,2.715228781049137e-14,1.0000000000017697
0.00247454253796672,58.394054310570546,0.013785665114072077,0.008794305103621133,5.4525118585158394e-14,2.0625001062590798e-7,2.7157893903814157e-14,1.0000000000017353
0.0024826557921895616,58.394066780489396,0.013785881605718786,0.008802541835074331,5.4525118585158394e-14,2.0690410151846805e-7,2.716351472573733e-14,1.000000000001701
0.0024907690464124033,58.394079344438445,0.013786099729834222,0.00881069759451254,5.435311505649859e-14,2.073790914547402e-7,2.7169150103989662e-14,1.0000000000016669
0.002498882300635245,58.39409203398021,0.013786320034378704,0.008818772585151723,5.435311505649859e-14,2.082142976922441e-7,2.7174800016756592e-14,1.0000000000016327
0.0025069955548580867,58.39410484262191,0.013786542406630428,0.00882676700349007,5.435311505649859e-14,2.0928011790211087e-7,2.718046445467485e-14,1.0000000000015985
0.0025151088090809284,58.39411776890531,0.013786766821272852,0.008834681039068468,5.435311505649859e-14,2.100428380114039e-7,2.7186143064135836e-14,1.0000000000015645
0.00252322206330377,58.394130812536,0.013786993273194511,0.008842514874299918,5.435311505649859e-14,2.113593049468676e-7,2.719183583790899e-14,1.0000000000015306
0.002531335317526612,58.39414397336346,0.013787221759782434,0.00885026868442824,5.418111152783878e-14,2.120069538813496e-7,2.7197372735018107e-14,1.0000000000014966
0.0025394485717494535,58.394157251286885,0.013787452279286289,0.008857942637545064,5.435311505649859e-14,2.135288157956161e-7,2.720292435590491e-14,1.0000000000014626
0.002547561825972295,58.39417064621705,0.013787684830157194,0.008865536894630023,5.418111152783878e-14,2.1383159121146633e-7,2.7208490343433412e-14,1.0000000000014289
0.002555675080195137,58.394184158064846,0.013787919410848117,0.008873051609598243,5.383710447051917e-14,2.15112905765924e-7,2.7214070690523083e-14,1.0000000000014186
0.0025637883344179786,58.39419778673782,0.013788156019753918,0.008880486929352265,5.435311505649859e-14,2.1654510057311782e-7,2.721966539258359e-14,1.0000000000014084
0.0025719015886408202,58.394211532138634,0.013788394655184716,0.00888784299383883,5.418111152783878e-14,2.174207618943491e-7,2.7225274441537427e-14,1.0000000000013982
0.002580014842863662,58.394225394163996,0.013788635315347256,0.008895119936115834,5.418111152783878e-14,2.1837061048302076e-7,2.7230897814776883e-14,1.000000000001388
0.0025881280970865036,58.39423937270412,0.013788877998335529,0.008902317882435564,5.383710447051917e-14,2.1997752847058294e-7,2.7236535150050443e-14,1.0000000000013778
0.0025962413513093453,58.394253467643445,0.013789122702143239,0.008909436952350499,5.383710447051917e-14,2.2106152641754306e-7,2.724201508619342e-14,1.0000000000013676
0.002604354605532187,58.39426767885809,0.013789369424619762,0.008916477258850967,5.383710447051917e-14,2.2211143957395763e-7,2.7247509584236926e-14,1.0000000000013574
0.0026124678597550287,58.39428200622244,0.013789618163584127,0.008923438908528319,5.383710447051917e-14,2.2329402987741886e-7,2.725301862190859e-14,1.000000000001347
0.0026205811139778704,58.39429644959879,0.013789868916645775,0.008930322001808894,5.383710447051917e-14,2.244265439044213e-7,2.7258541833974885e-14,1.0000000000013365
0.002628694368200712,58.394311008845754,0.013790121681350003,0.008937126633204123,5.3665100941859366e-14,2.2568748270224148e-7,2.7264079215068518e-14,1.000000000001326
0.002636807622423554,58.394325683757565,0.013790376454124486,0.008943852891573675,5.383710447051917e-14,2.268122979431908e-7,2.7269630757779953e-14,1.0000000000013156
0.0026449208766463955,58.39434047412675,0.013790633231367288,0.008950500860496145,5.383710447051917e-14,2.280978740887285e-7,2.7275196286309867e-14,1.0000000000013052
0.002653034130869237,58.394355379902855,0.013790892012202443,0.00895707061883597,5.383710447051917e-14,2.293085866744704e-7,2.7280775776494672e-14,1.0000000000012947
0.002661147385092079,58.394370400916095,0.01379115279368231,0.008963562241114048,5.3665100941859366e-14,2.3081740618824398e-7,2.728619662010164e-14,1.0000000000012843
0.0026692606393149206,58.39438553699132,0.013791415572766112,0.008969975798013806,5.383710447051917e-14,2.3195299819755988e-7,2.7291631856630875e-14,1.0000000000012739
0.0026773738935377623,58.39440078794807,0.013791680346320797,0.008976311356931353,5.3665100941859366e-14,2.3304246354882707e-7,2.7297081479522928e-14,1.0000000000012634
0.002685487147760604,58.39441615359877,0.013791947111089838,0.00898256898255934,5.3665100941859366e-14,2.3415262112580493e-7,2.730254546293436e-14,1.000000000001253
0.0026936004019834456,58.394431633750635,0.013792215863726403,0.0089887487374957,5.3665100941859366e-14,2.3551659622533805e-7,2.7308023437997257e-14,1.0000000000012426
0.0027017136562062873,58.3944472282039,0.01379248660076228,0.00899485068286514,5.3665100941859366e-14,2.3658568082396414e-7,2.7313515225014464e-14,1.0000000000012321
0.002709826910429129,58.39446293675298,0.013792759318628224,0.009000874878944303,5.349309741319956e-14,2.3795567061224432e-7,2.7319020819485385e-14,1.0000000000012217
0.0027179401646519707,58.394478759186136,0.013793034013648288,0.009006821385778328,5.314909035587995e-14,2.3905183499373095e-7,2.7324540213207378e-14,1.0000000000012113
0.0027260534188748124,58.39449469528563,0.013793310682042285,0.009012690263777497,5.3665100941859366e-14,2.400783524203476e-7,2.732990017875151e-14,1.0000000000012008
0.002734166673097654,58.39451074480731,0.013793589319571508,0.009018481574265286,5.349309741319956e-14,2.415059911498041e-7,2.7335274372894136e-14,1.0000000000011904
0.002742279927320496,58.394526907567105,0.013793869923040117,0.00902419538006291,5.349309741319956e-14,2.4235459100685475e-7,2.7340662787818067e-14,1.00000000000118
0.0027503931815433375,58.394543183297934,0.013794152487811451,0.009029831745896359,5.314909035587995e-14,2.434160031317134e-7,2.7346065240028528e-14,1.0000000000011695
0.002758506435766179,58.394559573563235,0.01379443704102849,0.009035390738723193,5.314909035587995e-14,2.029026347044843e-7,2.735148170665798e-14,1.000000000001159
0.002766619689989021,58.39457607272493,0.013794723484807926,0.009040872428516391,5.314909035587995e-14,2.0377991312482972e-7,2.7356911812601974e-14,1.0000000000011584
0.0027747329442118626,58.394592685983916,0.01379501190944309,0.00904627688794625,5.280508329856034e-14,2.040970344570754e-7,2.7362355551923947e-14,1.0000000000011577
0.0027828461984347043,58.394609411134944,0.01379530227664843,0.009051604192933988,5.280508329856034e-14,2.0447226487545396e-7,2.7367812916562918e-14,1.000000000001157
0.002790959452657546,58.39462624802346,0.013795594583740666,0.009056854422703183,5.263307976990053e-14,2.0489199848784982e-7,2.7373109813937525e-14,1.0000000000011564
0.0027990727068803877,58.39464317353595,0.01379588842944362,0.009062027662293802,5.263307976990053e-14,2.051932588116389e-7,2.737842114706178e-14,1.0000000000011557
0.0028071859611032294,58.394660232665174,0.013796184594881597,0.009067123995988883,5.263307976990053e-14,2.0653141281103116e-7,2.7383746364645053e-14,1.000000000001155
0.002815299215326071,58.39467741347245,0.013796482872785702,0.00907214351209771,5.228907271258092e-14,2.0644037234764155e-7,2.7389085456877267e-14,1.0000000000011546
0.0028234124695489127,58.39469469645479,0.01379678292456246,0.009077086302596892,5.2117069183921116e-14,2.0706506206351794e-7,2.7394438415736702e-14,1.0000000000011542
0.0028315257237717544,58.39471208834366,0.013797084867077525,0.009081952462438916,5.2117069183921116e-14,2.0753869751157254e-7,2.7399805213924827e-14,1.0000000000011537
0.002839638977994596,58.394729589810225,0.01379738871198318,0.009086742089229008,5.16010585979417e-14,2.0826362447111163e-7,2.7405185472933828e-14,1.0000000000011533
0.002847752232217438,58.39474720085073,0.013797694459214171,0.00909145528291348,5.16010585979417e-14,2.0927342962556424e-7,2.7410579183747493e-14,1.0000000000011529
0.0028558654864402795,58.39476492125006,0.013798002105035827,0.009096092145454386,5.16010585979417e-14,2.091334966989358e-7,2.741598616447299e-14,1.0000000000011524
0.002863978740663121,58.394782751352956,0.013798311655433364,0.009100652779583173,5.125705154062209e-14,2.095604131076409e-7,2.7421231461796937e-14,1.000000000001152
0.002872091994885963,58.394800689891824,0.013798623088399816,0.009105137290223489,5.125705154062209e-14,2.0999949490297753e-7,2.742649086298412e-14,1.0000000000011515
0.0028802052491088046,58.39481873687549,0.013798936404088519,0.00910954578319216,5.108504801196228e-14,2.1040843581508956e-7,2.7431763985870707e-14,1.000000000001151
0.0028883185033316463,58.3948368920136,0.013799251597458442,0.009113878364930479,5.108504801196228e-14,2.1114542555938681e-7,2.7437050820179073e-14,1.0000000000011506
0.002896431757554488,58.39485515498052,0.013799568662856329,0.009118135142266032,5.074104095464267e-14,2.112325538094497e-7,2.7442351337783418e-14,1.0000000000011502
0.0029045450117773297,58.39487352543083,0.013799887594285373,0.009122316222129927,5.0569037425982865e-14,2.1166787179277037e-7,2.7447665351367167e-14,1.0000000000011497
0.0029126582660001714,58.394892003023955,0.01380020838583265,0.009126421711348835,5.0569037425982865e-14,2.118830329920796e-7,2.7452992479635537e-14,1.0000000000011493
0.002920771520223013,58.39491058742717,0.013800531031721791,0.009130451716453497,5.039703389732306e-14,2.1196440999243272e-7,2.745833271262181e-14,1.000000000001149
0.0029288847744458548,58.394929278294484,0.013800855525946,0.009134406343525789,5.0225030368663254e-14,2.125558548008447e-7,2.7463510453277125e-14,1.0000000000011489
0.0029369980286686964,58.39494807527319,0.013801181862381898,0.009138285698093234,5.0225030368663254e-14,2.127516073705026e-7,2.7468702151055247e-14,1.0000000000011486
0.002945111282891538,58.39496697800686,0.013801510034841475,0.009142089885062904,4.988102331134364e-14,2.1310387890205494e-7,2.7473907792844942e-14,1.0000000000011495
0.00295322453711438,58.39498598613341,0.013801840037038526,0.009145819008693067,4.988102331134364e-14,2.132719299511378e-7,2.747912699042896e-14,1.0000000000011535
0.0029613377913372215,58.39500509928548,0.013802171862595186,0.009149473172597835,4.970901978268384e-14,2.137730160554289e-7,2.748435955596853e-14,1.0000000000011575
0.0029694510455600632,58.395024317093956,0.013802505505103499,0.009153052479782507,4.953701625402403e-14,2.1406039733227198e-7,2.748960546056263e-14,1.0000000000011615
0.002977564299782905,58.39504363918181,0.013802840958017587,0.009156557032704099,4.919300919670442e-14,2.138629888568007e-7,2.7494864693675717e-14,1.000000000001167
0.0029856775540057466,58.39506306516855,0.013803178214731872,0.009159986933333149,4.9021005668044615e-14,2.1398378902256956e-7,2.7500136867265617e-14,1.0000000000011742
0.0029937908082285883,58.39508259466873,0.013803517268554421,0.009163342283237024,4.884900213938481e-14,2.1457277503613575e-7,2.7505245812018427e-14,1.0000000000011813
0.00300190406245143,58.395102227368035,0.013803858114028488,0.00916662318365889,4.8676998610725004e-14,2.143418721315646e-7,2.7510368564792776e-14,1.0000000000011882
0.0030100173166742717,58.39512196283628,0.01380420074368548,0.009169829735727058,4.8676998610725004e-14,2.1443850914028967e-7,2.7515504932881506e-14,1.000000000001195
0.0030181305708971134,58.395141800533644,0.013804545148153635,0.0091729620400144,4.833299155340539e-14,2.1488562111091948e-7,2.752065490227621e-14,1.000000000001202
0.003026243825119955,58.39516174014566,0.013804891321973368,0.009176020197199965,4.816098802474559e-14,2.1529135568630544e-7,2.7525818083834763e-14,1.0000000000012088
0.0030343570793427968,58.39518178127504,0.013805239258247356,0.009179004307771417,4.816098802474559e-14,2.1491865909114866e-7,2.753099444701422e-14,1.0000000000012157
0.0030424703335656385,58.39520192350455,0.013805588949731891,0.009181914472030712,4.798898449608578e-14,2.1492423494890377e-7,2.7536183980633803e-14,1.0000000000012226
0.00305058358778848,58.39522216642294,0.01380594038928725,0.009184750790044266,4.764497743876617e-14,2.1499467535338968e-7,2.7541386669582875e-14,1.0000000000012295
0.003058696842011322,58.39524250960305,0.013806293569497512,0.0091875133615551,4.7472973910106365e-14,2.152183744373858e-7,2.7546425305182513e-14,1.0000000000012363
0.0030668100962341635,58.39526295261887,0.013806648482966621,0.0091902022858524,4.730097038144656e-14,2.150136397115497e-7,2.7551477439317372e-14,1.0000000000012432
0.0030749233504570052,58.39528349357966,0.013807005096869225,0.009192817661424865,4.7128966852786754e-14,2.1501441438010057e-7,2.755654304149243e-14,1.0000000000012501
0.003083036604679847,58.39530413506457,0.013807363455982227,0.009195359586281213,4.678495979546714e-14,2.1534372176826224e-7,2.7561622095087157e-14,1.000000000001257
0.0030911498589026886,58.39532487516236,0.013807723527124388,0.009197828157275316,4.678495979546714e-14,2.1503544243588917e-7,2.7566714585359027e-14,1.0000000000012639
0.0030992631131255303,58.3953457133615,0.013808085301415036,0.009200223469926784,4.661295626680734e-14,2.147599879146904e-7,2.7571820117410185e-14,1.0000000000012708
0.003107376367348372,58.395366649208015,0.013808448770972575,0.009202545618172736,4.644095273814753e-14,2.1525554096857747e-7,2.757693848213052e-14,1.0000000000012774
0.0031154896215712137,58.39538768226213,0.013808813928162123,0.009204794694085555,4.609694568082792e-14,2.1434448528473448e-7,2.7582069666142643e-14,1.000000000001284
0.0031236028757940554,58.39540881201272,0.01380918076410979,0.009206970787567862,4.5924942152168115e-14,2.1480740200940842e-7,2.7587213656939484e-14,1.0000000000012907
0.003131716130016897,58.39543003804229,0.013809549271567672,0.009209073986065646,4.575293862350831e-14,2.1450610472448966e-7,2.759219298991511e-14,1.0000000000012974
0.0031398293842397388,58.39545135989346,0.013809919442594836,0.009211104374268387,4.5580935094848504e-14,2.1415092388807377e-7,2.759718564752754e-14,1.000000000001304
0.0031479426384625805,58.395472777102334,0.013810291269137848,0.009213062033824153,4.5236928037528886e-14,2.1395348934512965e-7,2.760219161165353e-14,1.0000000000013107
0.003156055892685422,58.39549428458377,0.01381066466291276,0.009214947042666516,4.5236928037528886e-14,2.1348387052037203e-7,2.760721086601449e-14,1.0000000000013174
0.003164169146908264,58.395515891433135,0.013811039781825359,0.009216759475976053,4.506492450886908e-14,2.1329823563723537e-7,2.7612243212375282e-14,1.0000000000013238
0.0031722824011311056,58.395537592153985,0.013811416530451237,0.009218499404799506,4.506492450886908e-14,2.1325880184154257e-7,2.7617288238266872e-14,1.0000000000013303
0.0031803956553539472,58.39555938634733,0.013811794901863463,0.00922016689618133,4.472091745154947e-14,2.1274665944587777e-7,2.7622345927437034e-14,1.0000000000013367
0.003188508909576789,58.39558127353873,0.013812174887825294,0.009221762013043306,4.437691039422986e-14,2.126044737250796e-7,2.762741626759659e-14,1.0000000000013431
0.0031966221637996306,58.39560325323966,0.013812556479855367,0.009223284814065424,4.420490686557005e-14,2.1200282395137683e-7,2.763232188384983e-14,1.0000000000013496
0.0032047354180224723,58.39562532496041,0.013812939669451718,0.009224735353598225,4.403290333691025e-14,2.119826663706331e-7,2.763724067424997e-14,1.000000000001356
0.003212848672245314,58.39564748820779,0.013813324448052057,0.00922611368160868,4.403290333691025e-14,2.1143557338742564e-7,2.764217243994845e-14,1.0000000000013622
0.0032209619264681557,58.39566974248556,0.013813710807041057,0.009227419843659221,4.351689275093083e-14,2.1095625640997994e-7,2.764711716512756e-14,1.0000000000013685
0.0032290751806909974,58.395692087293604,0.013814098737736277,0.009228653880917202,4.3344889222271025e-14,2.1040886757611434e-7,2.7652074830903973e-14,1.0000000000013747
0.003237188434913839,58.395714522128266,0.013814488231393604,0.009229815830192311,4.3344889222271025e-14,2.101369676655687e-7,2.7657045403134243e-14,1.000000000001381
0.003245301689136681,58.395737046482026,0.013814879279201936,0.009230905723998102,4.317288569361122e-14,2.095308442767095e-7,2.766202848041509e-14,1.0000000000013871
0.0032534149433595225,58.395759659843506,0.01381527187228319,0.009231923590633608,4.26568751076318e-14,2.094743000127214e-7,2.766702404735544e-14,1.000000000001393
0.003261528197582364,58.39578236169767,0.013815666001695754,0.009232869454281447,4.2484871578972e-14,2.0866350594694416e-7,2.767203190598315e-14,1.000000000001399
0.003269641451805206,58.39580515140865,0.013816061656400308,0.009233743335047577,4.26568751076318e-14,2.081264080440752e-7,2.7676874467194818e-14,1.000000000001405
0.0032777547060280476,58.39582802854568,0.013816458828918146,0.009234545249252823,4.2484871578972e-14,2.0751211332109613e-7,2.7681729856376682e-14,1.000000000001411
0.0032858679602508893,58.39585099261214,0.01381685751062752,0.009235275209427648,4.2140864521652386e-14,2.0700241334525323e-7,2.7686598056976893e-14,1.0000000000014169
0.003293981214473731,58.39587404035164,0.013817257644993901,0.009235933224547662,4.1796857464332775e-14,2.2865246052106158e-7,2.76914790481569e-14,1.0000000000014226
0.0033020944686965726,58.395897179501425,0.013817659366344284,0.009236519299741173,4.1796857464332775e-14,2.273153150156304e-7,2.7696372811528477e-14,1.0000000000014222
0.0033102077229194143,58.39592040107037,0.013818062518582913,0.009237033436997886,4.162485393567297e-14,2.2670588983864093e-7,2.77012791264981e-14,1.0000000000014218
0.003318320977142256,58.39594370757317,0.013818467145367585,0.009237475634945105,4.162485393567297e-14,2.2613381367442287e-7,2.7706197592998906e-14,1.0000000000014213
0.0033264342313650977,58.39596709830008,0.013818873234376547,0.009237845889015092,4.162485393567297e-14,2.2488316164803734e-7,2.7711128193472058e-14,1.0000000000014209
0.0033345474855879394,58.39599057274902,0.013819280776892824,0.009238144191534525,4.128084687835336e-14,2.2416993994411882e-7,2.771607091122938e-14,1.0000000000014204
0.003342660739810781,58.396014130375804,0.013819689763468913,0.009238370531805585,4.110884334969355e-14,2.2338132055210735e-7,2.7720848030050065e-14,1.0000000000014198
0.003350773994033623,58.39603777058466,0.013820100183761602,0.009238524896398074,4.110884334969355e-14,2.2254361486950813e-7,2.772563781046742e-14,1.000000000001419
0.0033588872482564645,58.396061492873564,0.013820512029055026,0.009238607268911899,4.0936839821033747e-14,2.213806657991313e-7,2.7730440229418266e-14,1.0000000000014184
0.003367000502479306,58.396085296705174,0.013820925290020474,0.009238617630041199,4.0592832763714135e-14,2.2058677218161904e-7,2.773525508436513e-14,1.0000000000014178
0.003375113756702148,58.39610918153006,0.013821339957119157,0.00923855595767746,4.042082923505433e-14,2.1945683226221036e-7,2.7740082336792382e-14,1.000000000001417
0.0033832270109249896,58.39613314679815,0.013821756020801306,0.009238422226998713,4.0248825706394524e-14,2.1841121800036944e-7,2.7744921965301433e-14,1.0000000000014162
0.0033913402651478313,58.39615719195735,0.013822173471481873,0.009238216410546164,4.0248825706394524e-14,2.1731404142855126e-7,2.7749773564339718e-14,1.0000000000014153
0.003399453519370673,58.396181316453614,0.013822592299542007,0.00923793847830535,4.0248825706394524e-14,2.165366077555575e-7,2.775463711595808e-14,1.0000000000014144
0.0034075667735935147,58.39620551973127,0.013823012495334613,0.009237588397794025,3.973281512041511e-14,2.1542247097272593e-7,2.7759334903332262e-14,1.0000000000014135
0.0034156800278163564,58.39622980123235,0.01382343404917287,0.009237166134157676,3.95608115917553e-14,2.1435510877410024e-7,2.7764045394027516e-14,1.0000000000014126
0.003423793282039198,58.39625416039677,0.01382385695133295,0.009236671664025555,3.95608115917553e-14,2.1305661457304836e-7,2.7768768389340405e-14,1.0000000000014118
0.0034319065362620397,58.39627859631506,0.013824281186025389,0.009236105084141346,3.9388808063095496e-14,2.1184948373331736e-7,2.7773503656824388e-14,1.0000000000014106
0.0034400197904848814,58.39630310923018,0.013824706757468535,0.009235466204004698,3.921680453443569e-14,2.1065945210452242e-7,2.7778251154211514e-14,1.0000000000014095
0.003448133044707723,58.39632769811472,0.013825133647825056,0.009234754980408075,3.887279747711608e-14,2.095438795812754e-7,2.778301085868936e-14,1.0000000000014084
0.003456246298930565,58.39635236228198,0.013825561845173376,0.009233971368364326,3.8700793948456274e-14,2.0813043399847686e-7,2.7787782743373964e-14,1.0000000000014073
0.0034643595531534065,58.3963771012789,0.013825991341647687,0.009233115321396219,3.852879041979647e-14,2.0720696780607284e-7,2.7792566221312112e-14,1.0000000000014062
0.003472472807376248,58.396401914532454,0.013826422127299653,0.009232186791661781,3.818478336247686e-14,2.0590601668146746e-7,2.7797361254335187e-14,1.0000000000014049
0.00348058606159909,58.39642680146763,0.013826854192146515,0.009231185730144286,3.801277983381705e-14,2.0459146266027517e-7,2.780199025240487e-14,1.0000000000014035
0.0034886993158219316,58.39645176150745,0.013827287526171106,0.009230112086850475,3.801277983381705e-14,2.03319113767364e-7,2.7806631763532675e-14,1.0000000000014022
0.0034968125700447733,58.39647679407296,0.013827722119322323,0.009228965811013814,3.766877277649744e-14,2.0229878039401683e-7,2.7811285760581487e-14,1.0000000000014009
0.003504925824267615,58.39650189858318,0.013828157961513673,0.009227746851298547,3.766877277649744e-14,2.0082353824335542e-7,2.781595181414832e-14,1.0000000000013995
0.0035130390784904567,58.39652707445517,0.013828595042624608,0.009226455156003113,3.732476571917783e-14,1.995820437805662e-7,2.7820629902914556e-14,1.000000000001398
0.0035211523327132984,58.39655232110338,0.013829033352489308,0.009225090673258931,3.7152762190518024e-14,1.9809555240613008e-7,2.7825319813260856e-14,1.0000000000013964
0.00352926558693614,58.396577637940084,0.01382947288090433,0.009223653351223216,3.7152762190518024e-14,1.9702191123016632e-7,2.7830021519842874e-14,1.0000000000013949
0.0035373788411589818,58.3966030243749,0.013829913617619849,0.009222143138262716,3.663675160453861e-14,1.9516785410012005e-7,2.7834734596448626e-14,1.0000000000013933
0.0035454920953818234,58.3966284798148,0.013830355552340395,0.009220559983127243,3.64647480758788e-14,1.939788407678833e-7,2.78394590204922e-14,1.0000000000013918
0.003553605349604665,58.39665400366379,0.013830798674718692,0.009218903835110653,3.6292744547218996e-14,1.930424360363503e-7,2.7844017416563303e-14,1.0000000000013902
0.003561718603827507,58.39667959381252,0.013831242948134155,0.009217174644161772,3.6292744547218996e-14,2.569377570704745e-7,2.7848588121846696e-14,1.0000000000013884
0.0035698318580503485,58.39670525429834,0.013831688442679606,0.009215372361150467,3.577673396123958e-14,2.55006850413686e-7,2.7853170905933095e-14,1.0000000000013767
0.0035779451122731902,58.396730979686176,0.013832135063996203,0.009213496937823832,3.5604730432579774e-14,2.5331665687300386e-7,2.785776535908444e-14,1.0000000000013651
0.003586058366496032,58.39675677118917,0.01383258283314537,0.00921154832699788,3.577673396123958e-14,2.5191848718186804e-7,2.7862371451902346e-14,1.0000000000013536
0.0035941716207188736,58.39678262804607,0.01383303173691101,0.00920952648264023,3.5604730432579774e-14,2.4981061019779816e-7,2.7866989157366967e-14,1.000000000001342
0.0036022848749417153,58.39680854968068,0.013833481765289648,0.009207431359954985,3.543272690391997e-14,2.4835654444110844e-7,2.787161842660403e-14,1.0000000000013307
0.003610398129164557,58.39683453547528,0.013833932907557018,0.009205262915459318,3.508871984660036e-14,2.464545330038703e-7,2.787625924782908e-14,1.0000000000013194
0.0036185113833873987,58.39686058481314,0.013834385153006008,0.009203021107051911,3.508871984660036e-14,2.449636776757913e-7,2.788091101200563e-14,1.000000000001308
0.0036266246376102404,58.39688669707421,0.013834838490871774,0.00920070589407682,3.508871984660036e-14,2.429934792269606e-7,2.788539668002101e-14,1.000000000001297
0.003634737891833082,58.39691287163653,0.01383529291035653,0.009198317237383548,3.491671631794055e-14,2.4147811994446045e-7,2.788989426105375e-14,1.0000000000012859
0.0036428511460559238,58.39693910787545,0.0138357484006155,0.009195855099386164,3.4744712789280746e-14,2.398027770800226e-7,2.7894403702882792e-14,1.0000000000012748
0.0036509644002787655,58.39696540516394,0.013836204950762938,0.00919331944412233,3.457270926062094e-14,2.3833947138118816e-7,2.7898924593390593e-14,1.0000000000012639
0.003659077654501607,58.39699176287249,0.013836662549869694,0.009190710237314801,3.457270926062094e-14,2.369084785014408e-7,2.7903456901805705e-14,1.000000000001253
0.003667190908724449,58.397018180368775,0.013837121186958002,0.009188027446435282,3.422870220330133e-14,2.3511935354214586e-7,2.7908000418643337e-14,1.0000000000012421
0.0036753041629472905,58.39704465701796,0.013837580851006307,0.009185271040772415,3.4056698674641523e-14,2.334364931355637e-7,2.7912555094562248e-14,1.0000000000012315
0.0036834174171701322,58.397071192180285,0.013838041530907818,0.009182440991502804,3.4056698674641523e-14,2.31822634200185e-7,2.7917120899477793e-14,1.0000000000012208
0.003691530671392974,58.39709778466704,0.01383850320602509,0.009179537271768606,3.388469514598172e-14,2.688558540242525e-7,2.7921697422679618e-14,1.0000000000012101
0.0036996439256158156,58.39712443557565,0.01383896589541066,0.009176559856745887,3.33686845600023e-14,2.669348626582746e-7,2.7926284636058485e-14,1.0000000000011968
0.0037077571798386573,58.397151142376536,0.013839429555148301,0.009173508723733927,3.3196681031342496e-14,2.64854564946404e-7,2.793070578253193e-14,1.0000000000011837
0.003715870434061499,58.397177905190716,0.013839894187338924,0.009170383852232844,3.3196681031342496e-14,2.631775903871869e-7,2.793513857407832e-14,1.0000000000011708
0.0037239836882843407,58.39720472326222,0.01384035977885809,0.009167185224016636,3.268067044536308e-14,2.615529108851433e-7,2.7939582793342037e-14,1.0000000000011582
0.0037320969425071824,58.397231595961735,0.013840826318780216,0.009163912823203472,3.268067044536308e-14,2.599820443371925e-7,2.7944038030247752e-14,1.0000000000011455
0.003740210196730024,58.397258522628576,0.013841293795635097,0.009160566636317685,3.2508666916703273e-14,2.579342326392009e-7,2.7948504232720383e-14,1.000000000001133
0.0037483234509528658,58.3972855026014,0.013841762197941051,0.009157146652340508,3.2508666916703273e-14,2.5607852638387385e-7,2.7952981367294556e-14,1.0000000000011209
0.0037564367051757075,58.39731253521602,0.013842231514167058,0.009153652862746452,3.2164659859383656e-14,2.5470426168183735e-7,2.7957469397369013e-14,1.000000000001109
0.003764549959398549,58.397339619804924,0.013842701732724482,0.009150085261522629,3.2164659859383656e-14,2.5324119645731e-7,2.7961967914266178e-14,1.000000000001097
0.003772663213621391,58.39736675569817,0.013843172841982259,0.009146443845168356,3.2164659859383656e-14,2.515852624007664e-7,2.79664766895635e-14,1.0000000000010851
0.0037807764678442326,58.39739394222272,0.013843644830255663,0.009142728612672004,3.164864927340424e-14,2.504020586435729e-7,2.7970819763845227e-14,1.0000000000010736
0.0037888897220670742,58.397421178702906,0.013844117685814445,0.009138939565464037,3.164864927340424e-14,2.487990728994305e-7,2.7975174069988348e-14,1.000000000001062
0.003797002976289916,58.39744846445994,0.013844591396874084,0.009135076707344222,3.113263868742482e-14,2.477409810630604e-7,2.7979539569767028e-14,1.0000000000010507
0.0038051162305127576,58.397475798812366,0.01384506595160367,0.009131140044382298,3.0960635158765017e-14,2.4626085792789354e-7,2.7983915832346537e-14,1.0000000000010396
0.0038132294847355993,58.39750318107577,0.013845541338121105,0.00912712958479139,3.078863163010521e-14,2.4513777940882164e-7,2.7988302821604422e-14,1.0000000000010285
0.003821342738958441,58.39753061152337,0.013846017561169755,0.009123045335851697,3.078863163010521e-14,2.4412521870686987e-7,2.7992700322258498e-14,1.0000000000010176
0.0038294559931812827,58.39755808790242,0.013846494581639298,0.009118887311122217,3.0616628101445406e-14,2.4285269173418556e-7,2.7997108299835097e-14,1.000000000001007
0.0038375692474041244,58.39758561008423,0.013846972397295723,0.009114655525021529,3.0272621044125794e-14,2.422009419689175e-7,2.8001526698403112e-14,1.0000000000009963
0.003845682501626966,58.397613177959784,0.013847451006246342,0.009110349992970737,3.0272621044125794e-14,2.415837516700492e-7,2.8005955109334608e-14,1.0000000000009859
0.003853795755849808,58.39764078943603,0.013847930372153434,0.009105970731385731,2.9928613986806183e-14,2.40669025153295e-7,2.80102182590067e-14,1.0000000000009754
0.0038619090100726495,58.39766844490381,0.013848410501802313,0.009101517757564853,2.958460692948657e-14,2.400791729861851e-7,2.8014492393213645e-14,1.0000000000009652
0.003870022264295491,58.397696143428576,0.013848891378968425,0.009096991089403268,2.958460692948657e-14,2.395225777718224e-7,2.8018777450597197e-14,1.000000000000955
0.003878135518518333,58.39772388427568,0.013849372990897281,0.009092390745147214,2.924059987216696e-14,2.391248155042547e-7,2.8023073230651757e-14,1.000000000000945
0.0038862487727411746,58.39775166672967,0.013849855325167953,0.009087716743132215,2.924059987216696e-14,2.3899424839157746e-7,2.8027379303571527e-14,1.000000000000935
0.0038943620269640163,58.397779490052436,0.013850338368966,0.009082969101503885,2.9068596343507155e-14,2.383704416075716e-7,2.8031695629716235e-14,1.000000000000925
0.003902475281186858,58.39780735354264,0.01385082211011536,0.009078147838000532,2.8724589286187544e-14,2.385643713687102e-7,2.8036022154422374e-14,1.0000000000009153
0.0039105885354097,58.3978352564728,0.013851306535986258,0.009073252969685018,2.855258575752774e-14,2.3870537946280024e-7,2.8040358835673118e-14,1.0000000000009055
0.003918701789632542,58.39786319811245,0.013851791633896741,0.009068284512716905,2.855258575752774e-14,2.389287421245001e-7,2.804470526533237e-14,1.000000000000896
0.003926815043855384,58.39789117772771,0.013852277391106135,0.009063242482145236,2.8208578700208128e-14,2.3895530354423045e-7,2.804906123133111e-14,1.0000000000008864
0.003934928298078226,58.39791919452789,0.013852763793887028,0.009058126891728911,2.7864571642888516e-14,2.3939088222846294e-7,2.805325234759095e-14,1.0000000000008769
0.003943041552301068,58.39794724797181,0.01385325083284397,0.009052937753636128,2.769256811422871e-14,2.397365372885929e-7,2.8057453955366925e-14,1.0000000000008673
0.00395115480652391,58.39797533712909,0.013853738491824575,0.009047675078534349,2.7520564585568905e-14,2.4061327907887176e-7,2.80616660117663e-14,1.000000000000858
0.003959268060746752,58.398003461235405,0.013854226757559209,0.009042338875506848,2.7520564585568905e-14,2.415117963394664e-7,2.8065888103470902e-14,1.0000000000008487
0.0039673813149695945,58.398031619554914,0.013854715617272906,0.009036929151731543,2.7176557528249294e-14,2.422027178816677e-7,2.8070120173430153e-14,1.0000000000008393
0.003975494569192437,58.39805981134809,0.013855205058126678,0.009031445912450585,2.700455399958949e-14,2.4292881839471647e-7,2.8074362177885683e-14,1.00000000000083
0.003983607823415279,58.39808803584842,0.013855695066812897,0.009025889161014943,2.6660546942269877e-14,2.4428625566841333e-7,2.8078613901430724e-14,1.0000000000008207
0.003991721077638121,58.398116292284826,0.013856185629944989,0.009020258898857715,2.6660546942269877e-14,2.457639931563449e-7,2.8082875300397206e-14,1.0000000000008116
0.003999834331860963,58.398144579881944,0.01385667673406162,0.009014555125490514,2.6316539884950266e-14,2.4699407985551147e-7,2.8087145952830746e-14,1.0000000000008025
0.004007947586083805,58.39817289784677,0.013857168365395413,0.009008777838513126,2.5972532827630655e-14,2.4834286982411413e-7,2.8091425817235294e-14,1.000000000000795
0.004016060840306647,58.39820124532292,0.013857660509078626,0.009002927033622222,2.5972532827630655e-14,2.5005889803253467e-7,2.8095541457058375e-14,1.000000000000824
0.004024174094529489,58.398229621606795,0.013858153152895849,0.008997002704706469,2.5628525770311044e-14,2.5149226834386695e-7,2.8099667277349075e-14,1.000000000000853
0.0040322873487523316,58.39825802590636,0.013858646283096595,0.008991004843866446,2.5284518712991433e-14,2.531182485832062e-7,2.8103803040091276e-14,1.0000000000008824
0.004040400602975174,58.39828645742469,0.013859139885845395,0.008984933441466354,2.5284518712991433e-14,2.5515047141766445e-7,2.810794833759354e-14,1.0000000000009117
0.004048513857198016,58.39831491536116,0.013859633947242496,0.008978788486187496,2.5112515184331627e-14,2.5691974325781075e-7,2.811210312545654e-14,1.0000000000009412
0.004056627111420858,58.39834339891129,0.013860128453321052,0.008972569965080945,2.4768508127012016e-14,2.589865153446169e-7,2.8116267360043104e-14,1.000000000000971
0.0040647403656437,58.39837190726713,0.0138606233900545,0.008966277863616895,2.4424501069692405e-14,2.610459755025829e-7,2.8120440976898584e-14,1.000000000001001
0.004072853619866542,58.39840043961687,0.013861118743348562,0.008959912165728555,2.459650459835221e-14,2.6382438900185434e-7,2.8124623931668592e-14,1.0000000000010312
0.004080966874089384,58.39842899514576,0.01386161449905838,0.008953472853849533,2.3908490483712988e-14,2.657150597329405e-7,2.81288158166267e-14,1.0000000000010616
0.0040890801283122264,58.39845757303532,0.013862110642974454,0.008946959908943865,2.3908490483712988e-14,2.679512478565016e-7,2.813284419311995e-14,1.0000000000010922
0.004097193382535069,58.39848617246469,0.01386260716084547,0.008940373310528705,2.3564483426393377e-14,2.7011479319938303e-7,2.81368822781989e-14,1.000000000001123
0.004105306636757911,58.39851479260961,0.013863104038361392,0.008933713036689977,2.3564483426393377e-14,2.724968224399049e-7,2.8140930022556834e-14,1.0000000000011542
0.004113419890980753,58.39854343264302,0.013863601261163584,0.008926979064091314,2.3220476369073766e-14,2.748309539946092e-7,2.8144987373874333e-14,1.0000000000011855
0.004121533145203595,58.398572091735225,0.013864098814847762,0.008920171367979126,2.304847284041396e-14,2.7738762220508306e-7,2.8149053926061123e-14,1.000000000001217
0.004129646399426437,58.3986007676603,0.013864596660769163,0.00891328992217157,2.2704465783094346e-14,2.4798363384981315e-7,2.8153129629750428e-14,1.0000000000012488
0.004137759653649279,58.39862946381354,0.013865094857874091,0.008906334699103746,2.2876469311754155e-14,2.502533361647963e-7,2.8157214252485235e-14,1.0000000000012195
0.004145872907872121,58.39865817507129,0.013865593317209997,0.008899305669779298,2.2704465783094346e-14,2.517304895643946e-7,2.8161307745537663e-14,1.0000000000011902
0.0041539861620949635,58.39868690342677,0.013866092073381546,0.008892202804302194,2.2704465783094346e-14,2.5362046440768893e-7,2.816541005964605e-14,1.0000000000011608
0.004162099416317806,58.39871564478324,0.013866591055264643,0.008885026070278346,2.218845519711493e-14,2.553524597326273e-7,2.8169520793394488e-14,1.0000000000011315
0.004170212670540648,58.3987444007947,0.013867090291574713,0.008877775434682928,2.218845519711493e-14,2.572994273197793e-7,2.8173554427202015e-14,1.0000000000011022
0.00417832592476349,58.39877316983877,0.013867589754145397,0.008870450863012084,2.2016451668455124e-14,2.5859499064306846e-7,2.8177511405689548e-14,1.000000000001073
0.004186439178986332,58.398801876387665,0.0138680881317304,0.008863052327208654,2.2016451668455124e-14,2.603906310572057e-7,2.8181477695059763e-14,1.0000000000010436
0.004194552433209174,58.39883071199467,0.013868588749907559,0.008855579784647311,2.1672444611135512e-14,2.6124162799678885e-7,2.818545307536434e-14,1.0000000000010143
0.004202665687432016,58.39885952409002,0.013869088959896298,0.008848033194780423,2.1500441082475707e-14,2.6270882735879297e-7,2.818943712580238e-14,1.000000000000985
0.004210778941654858,58.3988883401555,0.01386958923881089,0.008840412517857436,2.1500441082475707e-14,2.634726967709611e-7,2.819342979708448e-14,1.0000000000009557
0.0042188921958777005,58.39891716337283,0.013870089641889493,0.008832717713558829,2.13284375538159e-14,2.641264883473937e-7,2.819743103695348e-14,1.0000000000009264
0.004227005450100543,58.39894599398092,0.013870590173279901,0.008824948740937588,2.1156434025156096e-14,2.6450885881601494e-7,2.8201440795314092e-14,1.000000000000897
0.004235118704323385,58.3989748314467,0.013871090823727544,0.008817105558545226,2.1156434025156096e-14,2.6389030804985225e-7,2.8205459001849536e-14,1.000000000000868
0.004243231958546227,58.39900366759788,0.013871591451352208,0.008809187968083153,2.0812426967836484e-14,2.6340590597584423e-7,2.82094851804543e-14,1.000000000000839
0.004251345212769069,58.39903252599811,0.01387209246524505,0.008801195982944359,2.064042343917668e-14,2.6184910761894997e-7,2.821351919338277e-14,1.0000000000008105
0.004259458466991911,58.39906137968808,0.013872593397362565,0.008793129581026375,2.064042343917668e-14,2.5876435250093976e-7,2.8217391689634454e-14,1.000000000000782
0.004267571721214753,58.39909023673851,0.013873094387821435,0.008784988719968384,2.0468419910516873e-14,2.542768321456279e-7,2.8221272954935346e-14,1.0000000000007538
0.004275684975437595,58.39911909370628,0.013873595376845283,0.00877699871571743,2.0468419910516873e-14,2.7525775569969824e-7,2.8225162931490314e-14,1.0000000000007263
0.0042837982296604375,58.399147960000825,0.013874096527792196,0.008770319531919526,2.0124412853197262e-14,2.643515748523839e-7,2.82290613181006e-14,1.0000000000007612
0.00429191148388328,58.39917683899715,0.013874597899256172,0.008763570742810806,1.9952409324537457e-14,2.499081723783547e-7,2.8232968676620878e-14,1.0000000000007943
0.004300024738106122,58.39920571226136,0.01387509917120432,0.008756752278648798,1.9952409324537457e-14,2.2959252765630822e-7,2.8236884784849804e-14,1.0000000000008253
0.004308137992328964,58.39923457533755,0.013875600266277039,0.00874986406991077,1.9952409324537457e-14,2.170877314716657e-7,2.8240809596145295e-14,1.0000000000008533
0.004316251246551806,58.39926343854789,0.01387610136367876,0.008742906047747879,1.9608402267217845e-14,1.7039369826221673e-7,2.8244743065454032e-14,1.0000000000008458
0.004324364500774648,58.39929230173254,0.013876602460634418,0.008735878144138821,1.9608402267217845e-14,1.5219335214311513e-7,2.8248684803683807e-14,1.0000000000008256
0.00433247775499749,58.39932115090242,0.013877103314278286,0.0087287802922907,1.9608402267217845e-14,1.424271518501996e-7,2.825263475051577e-14,1.0000000000008067
0.004340591009220332,58.399349989620944,0.013877603986474826,0.00872161242703124,1.909239168123843e-14,1.4415167370884774e-7,2.8256424952467932e-14,1.0000000000007885
0.0043487042634431745,58.39937881690143,0.013878104460094411,0.008714374483196553,1.909239168123843e-14,1.5621386140196591e-7,2.8260224291132678e-14,1.00000000000077
0.004356817517666017,58.39940763100279,0.01387860470490961,0.008707066402153435,1.8920388152578623e-14,1.7513907124566686e-7,2.8264032554758566e-14,1.0000000000007507
0.004364930771888859,58.39943642925228,0.013879104674518906,0.008699688124488321,1.8576381095259012e-14,2.2452863318589422e-7,2.8267849352773603e-14,1.00000000000073
0.004373044026111701,58.39946521336954,0.013879604398776805,0.008692239593933452,1.8404377566599206e-14,2.3832191953232496e-7,2.8271674623271145e-14,1.0000000000007234
0.004381157280334543,58.39949399073815,0.013880104005870772,0.008684720757333732,1.8404377566599206e-14,2.594838410807654e-7,2.8275508317195752e-14,1.000000000000753
0.004389270534557385,58.399522744753426,0.01388060320752486,0.008677131564830692,1.8060370509279595e-14,2.516080521708375e-7,2.827935038637647e-14,1.0000000000007854
0.004397383788780227,58.399551493923845,0.013881102325066848,0.008669471970332509,1.82323740379394e-14,2.637827610785237e-7,2.82832007796806e-14,1.0000000000007567
0.004405497043003069,58.39958022149814,0.013881601067676158,0.008661741931103925,1.8060370509279595e-14,2.747101672806451e-7,2.8287059093648677e-14,1.000000000000727
0.0044136102972259115,58.39960892547078,0.01388209940053447,0.008653941408355867,1.7716363451959984e-14,2.0540725387263592e-7,2.8290925124197273e-14,1.0000000000006963
0.004421723551448754,58.39963762256177,0.013882597613919708,0.00864607036804611,1.7716363451959984e-14,2.1063595512238464e-7,2.829479882431935e-14,1.000000000000686
0.004429836805671596,58.39966629402459,0.013883095382371475,0.008638128778566964,1.7716363451959984e-14,2.1464030819373647e-7,2.8298513828064294e-14,1.000000000000679
0.004437950059894438,58.399694944781906,0.01388359279135264,0.008630116614124743,1.754435992330018e-14,2.1855851639607238e-7,2.830223740738118e-14,1.0000000000006721
0.00444606331411728,58.39972357379042,0.013884089822750406,0.00862203385336529,1.754435992330018e-14,2.217368373358397e-7,2.830596951629534e-14,1.0000000000006652
0.004454176568340122,58.39975218011077,0.013884586460256466,0.008613880479618629,1.754435992330018e-14,2.2503897700865139e-7,2.8309709757566405e-14,1.0000000000006584
0.004462289822562964,58.39978076275129,0.013885082686654462,0.008605656481092488,1.7200352865980567e-14,2.2719235848178698e-7,2.831345808312091e-14,1.0000000000006515
0.004470403076785806,58.39980932071623,0.01388557848465687,0.008597361851064087,1.7200352865980567e-14,2.302536834530855e-7,2.83172142635972e-14,1.0000000000006446
0.0044785163310086485,58.39983785300599,0.013886073836909665,0.008588996588063384,1.7200352865980567e-14,2.3255764758367548e-7,2.8320978246909342e-14,1.0000000000006377
0.004486629585231491,58.39986635861718,0.013886568725992835,0.008580560696052307,1.7200352865980567e-14,2.3457268993887226e-7,2.832474998164198e-14,1.0000000000006308
0.004494742839454333,58.39989483654265,0.013887063134421108,0.008572054184600924,1.6856345808660956e-14,2.369960467873966e-7,2.8328529084569073e-14,1.0000000000006264
0.004502856093677175,58.39992328577135,0.013887557044641608,0.008563477069061853,1.7200352865980567e-14,2.390910298633031e-7,2.8332315492050832e-14,1.0000000000006273
0.004510969347900017,58.39995170525623,0.013888050438476286,0.008554829370830743,1.6856345808660956e-14,2.4085433891762875e-7,2.8335944418813598e-14,1.0000000000006282
0.004519082602122859,58.399980093997044,0.013888543298559894,0.00854611111734364,1.6856345808660956e-14,2.428906960005861e-7,2.8339581491224038e-14,1.000000000000629
0.004527195856345701,58.400008450899634,0.01388903560589652,0.008537322342244833,1.668434228000115e-14,2.446837137348723e-7,2.8343226564556677e-14,1.00000000000063
0.004535309110568543,58.40003677501847,0.013889527344070774,0.008528463085685596,1.6856345808660956e-14,2.4644900675774295e-7,2.8346879257059537e-14,1.0000000000006306
0.0045434223647913856,58.40006506556799,0.013890018499444429,0.008519533394000254,1.668434228000115e-14,2.4818516863867046e-7,2.835053950132433e-14,1.0000000000006313
0.004551535619014228,58.40009332118464,0.013890509048344572,0.008510533320504929,1.6512338751341345e-14,2.499556064350372e-7,2.8354207241967867e-14,1.0000000000006333
0.00455964887323707,58.40012154091347,0.01389099897419224,0.008501462925347777,1.6512338751341345e-14,2.516188204459979e-7,2.8357882425654105e-14,1.0000000000006355
0.004567762127459912,58.40014972371413,0.013891488258925958,0.008492322275594747,1.616833169402173e-14,2.529926836913887e-7,2.8361564995580114e-14,1.0000000000006377
0.004575875381682754,58.40017786854076,0.013891976884388271,0.008483111445319897,1.616833169402173e-14,2.549044371136233e-7,2.8365254406412085e-14,1.00000000000064
0.004583988635905596,58.400205974344246,0.01389246483236548,0.008473830515664206,1.616833169402173e-14,2.5596975028463476e-7,2.836895060664835e-14,1.0000000000006422
0.004592101890128438,58.40023404007141,0.013892952084573197,0.008464479574867788,1.616833169402173e-14,2.573083013324151e-7,2.83726535436801e-14,1.0000000000006444
0.0046002151443512804,58.40026206466667,0.013893438622685342,0.008455058718277153,1.616833169402173e-14,2.587116945118595e-7,2.837620033536075e-14,1.0000000000006466
0.004608328398574123,58.400290047070314,0.013893924428304161,0.008445568048324694,1.616833169402173e-14,2.602935083029223e-7,2.83797547522379e-14,1.0000000000006488
0.004616441652796965,58.4003179862195,0.013894409482977502,0.008436007674481811,1.5996328165361925e-14,2.615010206152846e-7,2.8383316734809498e-14,1.000000000000651
0.004624554907019807,58.40034588104841,0.013894893768201647,0.008426377713184587,1.5996328165361925e-14,2.6298758593057414e-7,2.8386885902934952e-14,1.000000000000657
0.004632668161242649,58.40037373436115,0.013895377332659012,0.00841667828876782,1.5996328165361925e-14,2.6419510512631916e-7,2.83904620501936e-14,1.0000000000006637
0.004640781415465491,58.40040153564154,0.013895859993776875,0.008406909530019211,1.5996328165361925e-14,2.651255286423293e-7,2.839404512043585e-14,1.0000000000006704
0.004648894669688333,58.400429291408756,0.013896341864735443,0.008397071573815697,1.582432463670212e-14,2.662073943504595e-7,2.8397635040468824e-14,1.000000000000677
0.004657007923911175,58.4004569982626,0.013896822886503539,0.00838716456316176,1.582432463670212e-14,2.6752546866681826e-7,2.84012317550891e-14,1.0000000000006837
0.0046651211781340175,58.40048465536369,0.013897303044508624,0.008377188647336059,1.582432463670212e-14,2.687411584378907e-7,2.840483489152991e-14,1.0000000000006903
0.00467323443235686,58.400512261679985,0.013897782320833177,0.008367143981655337,1.5652321108042314e-14,2.696337499941137e-7,2.8408444396380846e-14,1.000000000000697
0.004681347686579702,58.40053981613058,0.013898260696711592,0.008357030727255086,1.5652321108042314e-14,2.707327348971944e-7,2.8412060198847115e-14,1.0000000000007039
0.004689460940802544,58.400567312781135,0.013898738069117025,0.008346849050869886,1.5652321108042314e-14,2.2267389399033277e-7,2.8415682178209186e-14,1.0000000000007108
0.004697574195025386,58.400594765069314,0.013899214671342365,0.008336599124614636,1.5652321108042314e-14,2.2361309165441767e-7,2.8419149533578387e-14,1.000000000000715
0.004705687449248228,58.40062215733247,0.013899690231466607,0.008326281125810915,1.5652321108042314e-14,2.2400725163684854e-7,2.842262388898303e-14,1.0000000000007192
0.00471380070347107,58.40064949335037,0.01390016481511072,0.008315895236716166,1.5308314050722703e-14,2.2485259948412661e-7,2.842610484374739e-14,1.0000000000007234
0.004721913957693912,58.400676771979974,0.013900638402430204,0.008305441644345988,1.5652321108042314e-14,2.258901878327002e-7,2.842959233881841e-14,1.0000000000007276
0.0047300272119167545,58.40070399213842,0.013901110974625408,0.0082949205402789,1.5652321108042314e-14,2.2644296709950495e-7,2.84330863158157e-14,1.0000000000007319
0.004738140466139597,58.40073115271724,0.013901582512452217,0.008284332120477862,1.5652321108042314e-14,2.2708189678644075e-7,2.84365867138983e-14,1.000000000000736
0.004746253720362439,58.40075825260248,0.013902052996570918,0.008273676585126295,1.582432463670212e-14,2.276965241354567e-7,2.84400934763419e-14,1.0000000000007403
0.004754366974585281,58.40078529067683,0.013902522407583941,0.008262954138481786,1.5652321108042314e-14,2.2888571593604468e-7,2.844360607416261e-14,1.0000000000007447
0.004762480228808123,58.40081226581955,0.01390299072603401,0.008252164988747325,1.582432463670212e-14,2.294924895118733e-7,2.844712445091985e-14,1.0000000000007505
0.004770593483030965,58.40083917690685,0.013903457932410683,0.008241309347959854,1.5652321108042314e-14,2.3000216631263726e-7,2.8450648552164426e-14,1.0000000000007563
0.004778706737253807,58.40086602281127,0.013903924007140234,0.008230387431895515,1.582432463670212e-14,2.3011230976255348e-7,2.845417831920652e-14,1.000000000000762
0.004786819991476649,58.40089280240211,0.013904388930592317,0.008219399459989582,1.582432463670212e-14,2.3095025042385586e-7,2.845755535163128e-14,1.0000000000007678
0.0047949332456994915,58.40091951453556,0.013904852682909112,0.008208345655256999,1.582432463670212e-14,2.315244372885772e-7,2.846093891401098e-14,1.0000000000007736
0.004803046499922334,58.40094615808079,0.013905315244458299,0.008197226244256693,1.582432463670212e-14,2.320716982473492e-7,2.8464328639955795e-14,1.0000000000007794
0.004811159754145176,58.40097273189833,0.013905776595457183,0.008186041457039167,1.582432463670212e-14,2.3250572345201448e-7,2.846772432712724e-14,1.0000000000007851
0.004819273008368018,58.40099923484275,0.01390623671602007,0.008174791527099906,1.582432463670212e-14,2.329888904029076e-7,2.847112590076531e-14,1.000000000000791
0.00482738626259086,58.40102566576476,0.013906695586193903,0.008163476691336014,1.582432463670212e-14,2.3394870757309505e-7,2.8474533301765665e-14,1.0000000000007967
0.004835499516813702,58.40105202351148,0.013907153185963339,0.008152097190002159,1.5996328165361925e-14,2.3409746047198254e-7,2.8477946467958656e-14,1.0000000000008025
0.004843612771036544,58.40107830692635,0.013907609495249251,0.00814065326666193,1.5996328165361925e-14,2.344924450170538e-7,2.8481365039848263e-14,1.0000000000008082
0.004851726025259386,58.40110451484999,0.013908064493923544,0.008129145168131784,1.5996328165361925e-14,2.348131096785444e-7,2.848478896114921e-14,1.000000000000814
0.0048598392794822285,58.40113064611895,0.013908518161787436,0.008117573144415446,1.582432463670212e-14,2.355102549644883e-7,2.848821815856087e-14,1.0000000000008198
0.004867952533705071,58.40115669956723,0.013908970478597862,0.008105937448625955,1.5996328165361925e-14,2.3600666376744073e-7,2.8491652434389097e-14,1.0000000000008256
0.004876065787927913,58.4011826740251,0.013909421424046992,0.0080942383368951,1.5996328165361925e-14,2.3643119728689044e-7,2.8495091729964726e-14,1.0000000000008313
0.004884179042150755,58.401208568320186,0.013909870977781107,0.008082476068268046,1.5996328165361925e-14,2.3639243090789464e-7,2.849838027375875e-14,1.000000000000837
0.004892292296373597,58.40123438127684,0.013910319119389744,0.008070650904584333,1.5996328165361925e-14,2.3688375527797234e-7,2.8501674397503034e-14,1.0000000000008429
0.004900405550596439,58.4012601117162,0.013910765828406313,0.00805876311034429,1.5996328165361925e-14,2.3725590880818714e-7,2.850497403847656e-14,1.0000000000008487
0.004908518804819281,58.40128575845647,0.013911211084313764,0.008046812952562687,1.5996328165361925e-14,2.3771993812315984e-7,2.850827913479795e-14,1.0000000000008544
0.004916632059042123,58.40131132031296,0.013911654866544604,0.008034800700611147,1.616833169402173e-14,2.3793302922348047e-7,2.851158962383777e-14,1.0000000000008602
0.0049247453132649655,58.40133679609769,0.013912097154473849,0.0080227266260507,1.5996328165361925e-14,2.386019845035392e-7,2.851490544526303e-14,1.000000000000866
0.004932858567487808,58.40136218461972,0.013912537927425812,0.008010591002458387,1.616833169402173e-14,2.382410485557429e-7,2.851822638315546e-14,1.0000000000008717
0.00494097182171065,58.40138748468447,0.013912977164661038,0.007998394105249487,1.6512338751341345e-14,2.387655515523335e-7,2.852155208803991e-14,1.0000000000008773
0.004949085075933492,58.4014126950958,0.013913414845413297,0.007986136211498691,1.6512338751341345e-14,2.388989454038537e-7,2.852488250208685e-14,1.0000000000008828
0.004957198330156334,58.401437814652326,0.013913850948825197,0.007973817599764803,1.6512338751341345e-14,2.393079545637278e-7,2.852821756522614e-14,1.0000000000008884
0.004965311584379176,58.40146284214971,0.013914285453988158,0.007961438549920036,1.6512338751341345e-14,2.3994129749738136e-7,2.8531557204312314e-14,1.000000000000894
0.004973424838602018,58.40148777638159,0.013914718339958315,0.007948999342990834,1.6512338751341345e-14,2.400235037391951e-7,2.853490135990475e-14,1.0000000000008995
0.00498153809282486,58.40151261612096,0.013915149585433446,0.007936500261008369,1.6512338751341345e-14,2.404560119906307e-7,2.853809705668405e-14,1.000000000000905
0.0049896513470477025,58.40153736016442,0.013915579169521256,0.007923941586874537,1.6512338751341345e-14,2.4050984925860774e-7,2.8541297701993017e-14,1.0000000000009106
0.004997764601270545,58.40156200729507,0.01391600707109506,0.007911323604246267,1.6512338751341345e-14,2.4136996690238277e-7,2.8544503233584334e-14,1.0000000000009162
0.005005877855493387,58.40158657337748,0.013916433565581329,0.007898646598601011,1.668434228000115e-14,2.410518721296384e-7,2.854771357516622e-14,1.0000000000009217
0.005013991109716229,58.40161101862884,0.013916857962306376,0.007885910853507908,1.6856345808660956e-14,2.413743317442041e-7,2.85509286646031e-14,1.0000000000009273
0.005022104363939071,58.40163536699827,0.013917280677053409,0.007873116654533985,1.668434228000115e-14,2.413303874515549e-7,2.8554148438158275e-14,1.0000000000009328
0.005030217618161913,58.401659613989935,0.013917701631769802,0.00786026428759963,1.6856345808660956e-14,2.417728954817733e-7,2.8557372707536414e-14,1.0000000000009384
0.005038330872384755,58.401683757999606,0.013918120798604378,0.007847354039096189,1.6856345808660956e-14,2.4189707170663155e-7,2.856060124471127e-14,1.0000000000009446
0.005046444126607597,58.40170779772048,0.013918538154869604,0.00783438619590909,1.7200352865980567e-14,2.422271951907362e-7,2.856383399018818e-14,1.0000000000009535
0.0050545573808304396,58.4017317386295,0.01391895379565115,0.007821361046481037,1.6856345808660956e-14,2.4217299543494164e-7,2.856707075181546e-14,1.0000000000009623
0.005062670635053282,58.401755562709155,0.013919367408145158,0.007808278877537897,1.7372356394640373e-14,2.4209155469190335e-7,2.8570311468957695e-14,1.0000000000009712
0.005070783889276124,58.40177928231859,0.013919779206920115,0.0077951399779241735,1.7200352865980567e-14,2.4245625118712866e-7,2.8573556081585656e-14,1.00000000000098
0.005078897143498966,58.40180289242048,0.01392018910452227,0.007781944636934743,1.7372356394640373e-14,2.422874283425358e-7,2.857665428324415e-14,1.000000000000989
0.005087010397721808,58.40182639184149,0.013920597080581503,0.007768693144681144,1.754435992330018e-14,2.42580814324711e-7,2.85797569323047e-14,1.0000000000009979
0.00509512365194465,58.40184977938998,0.01392100311440942,0.007755385792182623,1.754435992330018e-14,2.425975172970496e-7,2.8582863965552765e-14,1.000000000001025
0.005103236906167492,58.4018730538227,0.013921407184421933,0.007742022871463147,1.754435992330018e-14,2.422067261198535e-7,2.858597531776509e-14,1.0000000000010534
0.0051113501603903344,58.401896213878594,0.013921809268725686,0.007728604675660575,1.754435992330018e-14,2.423206836299485e-7,2.8589090784713624e-14,1.0000000000010816
0.005119463414613177,58.4019192582651,0.01392220934488036,0.007715131499171149,1.7716363451959984e-14,2.424796375910532e-7,2.859221030388239e-14,1.0000000000011098
0.005127576668836019,58.40194218571048,0.013922607390807074,0.007701603637683925,1.8060370509279595e-14,2.423866322098789e-7,2.859533354447637e-14,1.0000000000011378
0.005135689923058861,58.4019649949468,0.013923003384493187,0.007688021388350766,1.8060370509279595e-14,2.421759145443403e-7,2.859846044733416e-14,1.0000000000011655
0.005143803177281703,58.40198768472048,0.013923397304175123,0.007674385049896878,1.8060370509279595e-14,2.4197406245374253e-7,2.8601590951212036e-14,1.000000000001193
0.005151916431504545,58.40201025375611,0.013923789127710345,0.0076606949227056124,1.82323740379394e-14,2.4170787260580084e-7,2.86047249819575e-14,1.0000000000012204
0.005160029685727387,58.402032700777404,0.013924178832941147,0.007646951308916276,1.8404377566599206e-14,2.4169911305715885e-7,2.8607862478827277e-14,1.0000000000012474
0.005168142939950229,58.40205502450661,0.013924566397684284,0.00763315451251824,1.8404377566599206e-14,2.4156195910229883e-7,2.86110033796066e-14,1.0000000000012745
0.0051762561941730715,58.40207722366565,0.013924951799750965,0.007619304839441416,1.8404377566599206e-14,2.413534173628662e-7,2.8614147380462094e-14,1.0000000000013014
0.005184369448395914,58.402099296975244,0.013925335016931422,0.007605402597643976,1.8576381095259012e-14,2.414653139659606e-7,2.861714770046567e-14,1.000000000001328
0.005192482702618756,58.40212124315633,0.013925716027019716,0.007591448097196751,1.8576381095259012e-14,2.4090510974961177e-7,2.8620151785742765e-14,1.0000000000013545
0.005200595956841598,58.40214306092962,0.01392609480780596,0.00757744165036616,1.909239168123843e-14,2.407650048219523e-7,2.862315957470841e-14,1.0000000000013807
0.00520870921106444,58.40216474901583,0.013926471337080509,0.007563383571696578,1.909239168123843e-14,2.4064926162914446e-7,2.8626171002101496e-14,1.0000000000014067
0.005216822465287282,58.40218630613626,0.01392684559264347,0.0075492741780938295,1.9264395209898234e-14,2.401148304631562e-7,2.8629186002595556e-14,1.0000000000014324
0.005224935719510124,58.40220773101265,0.013927217552303086,0.007535113788911002,1.9264395209898234e-14,2.398069099962541e-7,2.8632204524984434e-14,1.0000000000014582
0.005233048973732966,58.402229022367365,0.013927587193877966,0.007520902726037999,1.9608402267217845e-14,2.397725594738276e-7,2.863522622474434e-14,1.0000000000014837
0.0052411622279558085,58.40225017892426,0.013927954495212991,0.007506641313995879,1.9608402267217845e-14,2.3962770834273783e-7,2.863825091962175e-14,1.000000000001509
0.005249275482178651,58.40227119940729,0.013928319434154403,0.007492329880037755,1.978040579587765e-14,2.3913044100432046e-7,2.864127855009147e-14,1.000000000001534
0.005257388736401493,58.40229208254209,0.013928681988578046,0.007477968754255538,1.9952409324537457e-14,2.385549826566802e-7,2.8644309055229325e-14,1.000000000001559
0.005265501990624335,58.402312827054814,0.013929042136368402,0.007463558269693719,2.0124412853197262e-14,2.3823142902834604e-7,2.86473423622654e-14,1.0000000000015836
0.005273615244847177,58.402333431673135,0.013929399855436472,0.0074490987624694326,2.0468419910516873e-14,2.3780891766911338e-7,2.865037840969255e-14,1.000000000001608
0.005281728499070019,58.402353895128314,0.013929755123755556,0.0074345905718963354,2.0124412853197262e-14,2.3769752610647288e-7,2.865341688682319e-14,1.0000000000016325
0.005289841753292861,58.4023742161543,0.013930107919345583,0.007420034040613678,2.064042343917668e-14,2.3700702611595403e-7,2.8656314708445197e-14,1.0000000000016567
0.005297955007515703,58.402394393485125,0.013930458220227959,0.007405429514723713,2.064042343917668e-14,2.3641758584158623e-7,2.865921576055543e-14,1.0000000000016807
0.0053060682617385455,58.4024144258563,0.01393080600444975,0.0073907773439331045,2.0812426967836484e-14,2.3592808529038223e-7,2.8662119849911524e-14,1.0000000000017044
0.005314181515961388,58.40243431200609,0.013931151250105888,0.007376077881693334,2.1156434025156096e-14,2.3531457904457653e-7,2.866502691363034e-14,1.000000000001728
0.00532229477018423,58.40245405074329,0.013931493936515507,0.00736133148510459,2.1156434025156096e-14,2.3517300695719e-7,2.866793688753255e-14,1.0000000000017513
0.005330408024407072,58.40247364080674,0.013931834041783777,0.007346538515315369,2.1500441082475707e-14,2.3439522178758665e-7,2.867084946443419e-14,1.0000000000017746
0.005338521278629914,58.40249308078383,0.013932171541385992,0.0073316993380694055,2.2016451668455124e-14,2.3401415483181864e-7,2.867376458442372e-14,1.0000000000017977
0.005346634532852756,58.40251236952296,0.01393250641532926,0.007316814323278251,2.2016451668455124e-14,2.3332692045130443e-7,2.867668217371258e-14,1.0000000000018205
0.005354747787075598,58.4025315057627,0.013932838641713687,0.007301883845186437,2.218845519711493e-14,2.3291396467062242e-7,2.867960217199954e-14,1.0000000000018432
0.00536286104129844,58.402550488259806,0.01393316819895506,0.007286908282505839,2.218845519711493e-14,2.3223829992424783e-7,2.868252451763251e-14,1.0000000000018656
0.0053709742955212825,58.40256932029865,0.01393349514407394,0.007271888018495492,2.2704465783094346e-14,2.635939537753984e-7,2.868544903587249e-14,1.0000000000018878
0.005379087549744125,58.40258798702052,0.013933819219106304,0.007256823441119696,2.2704465783094346e-14,2.622899939463963e-7,2.868837567902398e-14,1.000000000001857
0.005387200803966967,58.40260650086468,0.013934140640011874,0.007241714942963244,2.2704465783094346e-14,2.614505818510082e-7,2.869130412752185e-14,1.0000000000018263
0.005395314058189809,58.40262485598315,0.013934459305263098,0.007226562921403987,2.2360458725774735e-14,2.6060824875884236e-7,2.869423432328427e-14,1.000000000001796
0.005403427312412651,58.40264305118762,0.013934775194229565,0.007211367778595151,2.2704465783094346e-14,2.5983061080481207e-7,2.869702711257172e-14,1.0000000000017657
0.005411540566635493,58.40266108524312,0.013935088285470892,0.0071961299214696,2.2704465783094346e-14,2.584246132641965e-7,2.869982242948088e-14,1.0000000000017357
0.005419653820858335,58.40267895692659,0.01393539855775345,0.0071808497617299434,2.2704465783094346e-14,2.575579858277166e-7,2.870262020938289e-14,1.000000000001706
0.005427767075081177,58.40269666497165,0.013935705989091244,0.007165527715156872,2.2704465783094346e-14,2.563292640367365e-7,2.870542037799705e-14,1.0000000000016764
0.0054358803293040195,58.402714208266396,0.013936010560180581,0.007150164204241847,2.2704465783094346e-14,2.5552463145395166e-7,2.870822264323654e-14,1.0000000000016471
0.005443993583526862,58.40273158551404,0.01393631224850774,0.007134759653902868,2.2876469311754155e-14,2.5416004545419923e-7,2.87110268326798e-14,1.0000000000016178
0.005452106837749704,58.40274879557061,0.013936611034212067,0.007119314494146652,2.2876469311754155e-14,2.5317065377450376e-7,2.871383288749682e-14,1.0000000000015887
0.005460220091972546,58.402765837192185,0.013936906895697748,0.0071038291598026744,2.304847284041396e-14,2.5206741627314955e-7,2.871664074728871e-14,1.0000000000015599
0.005468333346195388,58.40278270918486,0.01393719981223729,0.007088304090243898,2.304847284041396e-14,2.5114546531312953e-7,2.871945034099679e-14,1.0000000000015312
0.00547644660041823,58.40279941036219,0.013937489763232603,0.007072739729188171,2.304847284041396e-14,2.4995969738483836e-7,2.872226160968289e-14,1.0000000000015028
0.005484559854641072,58.402815939537106,0.013937776728074861,0.007057136524562116,2.3220476369073766e-14,2.494331530211724e-7,2.872507449232942e-14,1.0000000000014746
0.005492673108863914,58.40283229552698,0.013938060686232342,0.007041494928385349,2.3220476369073766e-14,2.4782054364180794e-7,2.8727888705139043e-14,1.0000000000014464
0.0055007863630867565,58.40284847715179,0.013938341617218719,0.0070258153966621315,2.3220476369073766e-14,2.4717471092117194e-7,2.873070419066304e-14,1.0000000000014184
0.005508899617309599,58.40286448323598,0.013938619500624756,0.007010098389277378,2.3564483426393377e-14,2.4617901095425054e-7,2.873352077776118e-14,1.0000000000013907
0.005517012871532441,58.402880312609796,0.013938894316142383,0.006994344369896289,2.3736486955053182e-14,2.4511147245220855e-7,2.873620348056806e-14,1.0000000000013631
0.005525126125755283,58.40289596410891,0.01393916604355752,0.006978553805865619,2.3736486955053182e-14,2.440033546324827e-7,2.8738888043498324e-14,1.0000000000013358
0.005533239379978125,58.40291143657475,0.013939434662756134,0.006962727168115495,2.3908490483712988e-14,2.430203862591185e-7,2.874157440390629e-14,1.0000000000013392
0.005541352634200967,58.40292672885459,0.013939700153725589,0.006946864931061307,2.3908490483712988e-14,2.4235748719014794e-7,2.874426251071838e-14,1.0000000000013465
0.005549465888423809,58.40294183976868,0.013939962495984122,0.00693096757251519,2.3908490483712988e-14,2.410006949560284e-7,2.8746952064932325e-14,1.0000000000013538
0.005557579142646651,58.402956768245005,0.013940221670920327,0.006915035573542749,2.4080494012372794e-14,2.399905638661437e-7,2.8749643006782574e-14,1.000000000001361
0.0055656923968694936,58.40297151224132,0.013940477643078611,0.00689906941829347,2.4080494012372794e-14,2.3904886758963073e-7,2.8752335277178005e-14,1.000000000001368
0.005573805651092336,58.4029860633936,0.01394073026725007,0.006883069642096082,2.4080494012372794e-14,2.3794853354353052e-7,2.875502881737753e-14,1.0000000000013751
0.005581918905315178,58.40300043768383,0.013940979820899913,0.006867036612889921,2.4424501069692405e-14,2.3681083538562575e-7,2.8757723467349696e-14,1.000000000001382
0.00559003215953802,58.4030146256346,0.013941226139489634,0.006850970964544303,2.459650459835221e-14,2.35715021501548e-7,2.876041915947654e-14,1.000000000001389
0.005598145413760862,58.40302862483104,0.013941469181094502,0.00683487314894489,2.459650459835221e-14,2.3521975656137784e-7,2.8763115841037386e-14,1.0000000000013956
0.005606258667983704,58.403042434846405,0.013941708938305746,0.006818743616587501,2.5112515184331627e-14,2.3400767945602752e-7,2.876581323936912e-14,1.0000000000014022
0.005614371922206546,58.40305605458242,0.013941945392056029,0.006802582878491723,2.4768508127012016e-14,2.329808288514812e-7,2.876851129972177e-14,1.0000000000014087
0.0056224851764293884,58.40306948294296,0.013942178523315389,0.006786391445430402,2.5284518712991433e-14,2.3162362272621806e-7,2.877120996729881e-14,1.000000000001415
0.005630598430652231,58.403082718845674,0.013942408313293053,0.0067701698282310015,2.5284518712991433e-14,2.3024862616516373e-7,2.877377861607421e-14,1.0000000000014215
0.005638711684875073,58.40309576121769,0.013942634743362808,0.0067539185379789845,2.5456522241651238e-14,2.2952158329481165e-7,2.877634859462574e-14,1.0000000000014277
0.005646824939097915,58.40310860882569,0.013942857792112772,0.0067376380861102906,2.5456522241651238e-14,2.288987417387034e-7,2.877891984778193e-14,1.000000000001434
0.005654938193320757,58.40312126096085,0.013943077447237108,0.006721328984467832,2.5628525770311044e-14,2.2791630871488167e-7,2.878149221808458e-14,1.00000000000144
0.005663051447543599,58.403133716393015,0.013943293687378826,0.00670499174523855,2.5972532827630655e-14,2.2643933550448025e-7,2.878406543835822e-14,1.000000000001446
0.005671164701766441,58.403145974079,0.01394350649442723,0.006688626880857439,2.614453635629046e-14,2.2538218713563651e-7,2.878663945257023e-14,1.0000000000014517
0.005679277955989283,58.40315803298531,0.01394371585043951,0.006672234903867954,2.6660546942269877e-14,2.2447111591716862e-7,2.8789214195639864e-14,1.0000000000014575
0.0056873912102121255,58.40316989208644,0.013943921737611881,0.006655816326749181,2.6660546942269877e-14,2.2330980065099482e-7,2.879178961080115e-14,1.0000000000014633
0.005695504464434968,58.403181550364614,0.013944124138274654,0.006639371661716949,2.6832550470929683e-14,2.2244229214152256e-7,2.87943656425412e-14,1.0000000000014688
0.00570361771865781,58.403193006811236,0.01394432303491739,0.00662290142050651,2.700455399958949e-14,2.2134716637367546e-7,2.8796942234296803e-14,1.0000000000014744
0.005711730972880652,58.40320426042621,0.013944518410177312,0.006606406114143923,2.700455399958949e-14,2.2044886827110588e-7,2.879951933913142e-14,1.0000000000014797
0.005719844227103494,58.40321531021817,0.01394471024684337,0.006589886252710862,2.7520564585568905e-14,2.197326232078467e-7,2.880209669209131e-14,1.000000000001485
0.005727957481326336,58.40322615520388,0.01394489852784527,0.006573342345106265,2.7520564585568905e-14,2.1859234822230178e-7,2.8804674142652373e-14,1.0000000000014904
0.005736070735549178,58.40323679440721,0.013945083236236446,0.00655677489881324,2.769256811422871e-14,2.181737588369259e-7,2.8807251638615904e-14,1.0000000000014955
0.00574418398977202,58.40324722686079,0.01394526435522218,0.006540184419668639,2.769256811422871e-14,2.1731957877690888e-7,2.8809829129340705e-14,1.0000000000015006
0.0057522972439948625,58.40325745162066,0.01394544186841435,0.006523571411600429,2.8208578700208128e-14,2.162710035502613e-7,2.88124065625611e-14,1.0000000000015057
0.005760410498217705,58.40326746774414,0.013945615759447035,0.006506936376419947,2.8208578700208128e-14,2.1562991037171741e-7,2.881485827872231e-14,1.0000000000015106
0.005768523752440547,58.4032772742979,0.013945786012116405,0.006490279813632887,2.855258575752774e-14,2.1483028489477363e-7,2.881731063708914e-14,1.0000000000015155
0.005776637006663389,58.40328687036217,0.013945952610454494,0.0064736022202484785,2.855258575752774e-14,2.1396139993079544e-7,2.8819763391576324e-14,1.0000000000015203
0.005784750260886231,58.40329625502813,0.013946115538682932,0.006456904090609095,2.9068596343507155e-14,2.1332613253655097e-7,2.882221648732317e-14,1.000000000001525
0.005792863515109073,58.40330542728898,0.01394627477932262,0.0064401859162309776,2.9068596343507155e-14,2.1272577788167268e-7,2.8824669870173806e-14,1.0000000000015297
0.005800976769331915,58.403314386475714,0.013946430320759018,0.006423448185660864,2.924059987216696e-14,2.1223822810334525e-7,2.8827123398322985e-14,1.0000000000015343
0.005809090023554757,58.4033231316287,0.013946582146331748,0.006406691384392476,2.958460692948657e-14,2.1198567590197115e-7,2.882957701021245e-14,1.0000000000015388
0.0058172032777775995,58.40333166186605,0.013946730240730098,0.006389915994703494,2.958460692948657e-14,2.1120809234886906e-7,2.88320306526204e-14,1.0000000000015432
0.005825316532000442,58.40333997633707,0.013946874589185384,0.00637312249558915,3.010061751546599e-14,2.107136665152609e-7,2.8834484273510056e-14,1.0000000000015477
0.005833429786223284,58.40334807421751,0.013947015177387452,0.006356311362695623,3.010061751546599e-14,2.102844036677709e-7,2.8836937737640415e-14,1.000000000001552
0.005841543040446126,58.40335595470248,0.01394715199136254,0.006339483068258309,3.0616628101445406e-14,2.1029674091010975e-7,2.883939089410941e-14,1.0000000000015563
0.005849656294668968,58.40336361699029,0.013947285017192645,0.0063226380810513004,3.0616628101445406e-14,2.1028214103324672e-7,2.884184369333568e-14,1.0000000000015605
0.00585776954889181,58.40337106029315,0.013947414241200681,0.006305776866348366,3.0960635158765017e-14,2.0983053539147534e-7,2.884429607769232e-14,1.0000000000015647
0.005865882803114652,58.40337828383787,0.01394753964996307,0.00628889988589009,3.0960635158765017e-14,2.0996375216242313e-7,2.8846747997058486e-14,1.000000000001569
0.005873996057337494,58.40338528695396,0.013947661231839733,0.006272007595647144,3.113263868742482e-14,2.09926596328458e-7,2.884919940464661e-14,1.0000000000015732
0.0058821093115603365,58.40339206914479,0.013947778978208316,0.006255100458488804,3.164864927340424e-14,2.0977643910846666e-7,2.885165016524544e-14,1.0000000000015772
0.005890222565783179,58.40339862895309,0.013947892863769051,0.006238178929538581,3.164864927340424e-14,2.1012527917640966e-7,2.885397979543171e-14,1.0000000000015812
0.005898335820006021,58.403404965952966,0.013948002881127977,0.0062212434538029635,3.2164659859383656e-14,2.1015479600983156e-7,2.8856309276805616e-14,1.0000000000015852
0.005906449074228863,58.403411079601995,0.013948109020868061,0.006204294471729003,3.233666338804346e-14,2.104290810489573e-7,2.885863855928931e-14,1.0000000000015892
0.005914562328451705,58.403416969154335,0.013948211270040646,0.006187332420238274,3.2508666916703273e-14,2.1062058586096555e-7,2.8860967591812664e-14,1.0000000000015932
0.005922675582674547,58.40342263392619,0.013948309616774242,0.006170357732908713,3.268067044536308e-14,2.1120651716444172e-7,2.886329632381535e-14,1.0000000000015972
0.005930788836897389,58.40342806970092,0.013948403987863334,0.006153370886333056,3.268067044536308e-14,2.1152030016402534e-7,2.8865624705489553e-14,1.0000000000016012
0.005938902091120231,58.40343328989403,0.013948494616215935,0.006136372405334458,3.3196681031342496e-14,2.1196705657366977e-7,2.8867952686080487e-14,1.0000000000016052
0.0059470153453430735,58.40343827571675,0.013948581175638157,0.006119362654004609,3.33686845600023e-14,2.1260030180769718e-7,2.8870280207062105e-14,1.0000000000016092
0.005955128599565916,58.403443034241654,0.013948663788917707,0.006102342028160849,3.388469514598172e-14,2.130794609644937e-7,2.8872607228888886e-14,1.0000000000016132
0.005963241853788758,58.403447564993826,0.013948742447809576,0.006085310930386762,3.388469514598172e-14,2.1380954429162102e-7,2.8874933445628973e-14,1.0000000000016172
0.0059713551080116,58.4034518672535,0.013948817139817833,0.006068269763600324,3.4056698674641523e-14,2.1418973816800246e-7,2.8877258810797727e-14,1.0000000000016211
0.005979468362234442,58.40345594037354,0.013948887853707393,0.006051218928785171,3.4056698674641523e-14,2.1483857781667837e-7,2.887958327809305e-14,1.0000000000016251
0.005987581616457284,58.403459783750314,0.01394895457899861,0.006034158823841639,3.457270926062094e-14,2.155619625021643e-7,2.8881906802284456e-14,1.0000000000016291
0.005995694870680126,58.40346339686378,0.013949017306662908,0.006017089842973872,3.457270926062094e-14,2.1625351909193569e-7,2.8884229329773e-14,1.0000000000016376
0.006003808124902968,58.403466779046695,0.01394907602511634,0.006000012375876843,3.4744712789280746e-14,2.1716659959203355e-7,2.8886550814356233e-14,1.0000000000016473
0.0060119213791258105,58.40346992979856,0.013949130725669563,0.005982926807707339,3.491671631794055e-14,2.175924014302666e-7,2.888887121089418e-14,1.0000000000016571
0.006020034633348653,58.40347284858752,0.013949181399088975,0.0059674120500574895,3.491671631794055e-14,2.1819148465773708e-7,2.889113292781486e-14,1.0000000000016669
0.006028147887571495,58.40347554841963,0.0139492282711742,0.005952429257871487,3.543272690391997e-14,2.1867371180483985e-7,2.8893336823715585e-14,1.0000000000016767
0.006036261141794337,58.40347801402283,0.013949271076785355,0.005937435401885558,3.543272690391997e-14,2.194320600779065e-7,2.8895540864722797e-14,1.0000000000016864
0.006044374396017179,58.40348023874856,0.013949309700495882,0.005922430954083613,3.5604730432579774e-14,2.2014106182410842e-7,2.889774492317334e-14,1.0000000000016962
0.006052487650240021,58.40348222237859,0.013949344138517328,0.005907416383990159,3.612074101855919e-14,2.2053869841442975e-7,2.8899948957228225e-14,1.0000000000017062
0.006060600904462863,58.403483964520646,0.013949374384039094,0.005892392158979526,3.612074101855919e-14,2.210706806504703e-7,2.89021529244534e-14,1.0000000000017162
0.006068714158685705,58.403485464767066,0.013949400429983877,0.005877358744515135,3.612074101855919e-14,2.2152773615502497e-7,2.890435678375159e-14,1.0000000000017262
0.0060768274129085476,58.403486722715705,0.013949422269369979,0.0058623166043531546,3.6292744547218996e-14,2.2216950590348006e-7,2.8906560492825844e-14,1.0000000000017362
0.00608494066713139,58.403487737975304,0.013949439895404685,0.005847266200709191,3.64647480758788e-14,2.2256325582503678e-7,2.8908764009601436e-14,1.0000000000017462
0.006093053921354232,58.403488510164486,0.013949453301466871,0.005832207994389271,3.663675160453861e-14,2.227124384912571e-7,2.891096713191424e-14,1.0000000000017562
0.006101167175577074,58.40348903891098,0.01394946248109356,0.005817142444890067,3.7152762190518024e-14,2.231253029005842e-7,2.891316982103501e-14,1.0000000000017661
0.006109280429799916,58.403489323852185,0.013949467427989417,0.0058020700104485096,3.7152762190518024e-14,2.2360012530420192e-7,2.8915372037685764e-14,1.0000000000017761
0.006117393684022758,58.403489364637316,0.01394946813606462,0.0057869911480612395,3.766877277649744e-14,2.238352150296663e-7,2.891757374245114e-14,1.0000000000017861
0.0061255069382456,58.403489160927414,0.013949464599434372,0.005771906313491127,3.766877277649744e-14,2.237555685180581e-7,2.891977482572515e-14,1.0000000000017963
0.0061336201924684424,58.403488712399245,0.013949456812486988,0.005756815961268147,3.7840776305157246e-14,2.239986616192624e-7,2.8921975249925526e-14,1.0000000000018066
0.006141733446691285,58.40348801827678,0.01394944476174979,0.005741720544454738,3.801277983381705e-14,2.2436038871198605e-7,2.8924174970120174e-14,1.0000000000018168
0.006149846700914127,58.403487079271926,0.01394942845958215,0.005726620514839849,3.818478336247686e-14,2.2414235267831373e-7,2.892637394876038e-14,1.000000000001827
0.006157959955136969,58.40348589452553,0.013949407891068345,0.0057115163225694085,3.818478336247686e-14,2.2429818491431774e-7,2.892857208266727e-14,1.0000000000018372
0.006166073209359811,58.403484463754154,0.013949383051287494,0.005696408416203856,3.852879041979647e-14,2.2469838278915688e-7,2.893065937046554e-14,1.0000000000018474
0.006174186463582653,58.403482786818,0.013949353937812653,0.005681297242515198,3.8700793948456274e-14,2.247087933504588e-7,2.8932746328000615e-14,1.0000000000018576
0.006182299717805495,58.403480863432144,0.013949320545697037,0.0056661832463728995,3.887279747711608e-14,2.2464624049867155e-7,2.893483291574715e-14,1.0000000000018678
0.006190412972028337,58.40347869335156,0.01394928287068689,0.005651066870521058,3.8700793948456274e-14,2.250135502368522e-7,2.893691908863462e-14,1.000000000001878
0.0061985262262511795,58.40347627639292,0.013949240909599444,0.005635948555389095,3.921680453443569e-14,2.249205213189498e-7,2.893900480722461e-14,1.0000000000018883
0.006206639480474022,58.4034736123744,0.013949194659277847,0.0056208287389577765,3.9388808063095496e-14,2.246372805547736e-7,2.894109003407934e-14,1.0000000000018985
0.006214752734696864,58.40347070113934,0.013949144117002545,0.005605707856623768,3.95608115917553e-14,2.2472831218145473e-7,2.894317466157942e-14,1.0000000000019087
0.006222865988919706,58.403467542544405,0.01394908928028491,0.005590586340916123,3.973281512041511e-14,2.2454580661523948e-7,2.894525865961394e-14,1.000000000001919
0.006230979243142548,58.40346413643326,0.013949030146410815,0.005575464621402778,3.973281512041511e-14,2.2444385505693276e-7,2.8947341843979233e-14,1.0000000000019291
0.00623909249736539,58.4034604827979,0.013948966715241363,0.005560343124846582,4.0248825706394524e-14,2.2423755563494296e-7,2.8949424179271085e-14,1.0000000000019393
0.006247205751588232,58.40345658123348,0.013948898979747975,0.005545222274853931,4.0248825706394524e-14,2.2415010514365008e-7,2.895150562328919e-14,1.0000000000019496
0.006255319005811074,58.403452431875806,0.013948826942288398,0.005530102491652763,4.042082923505433e-14,2.2392261311843242e-7,2.895358614207568e-14,1.0000000000019598
0.0062634322600339165,58.40344803458575,0.013948750600447153,0.005514984192446398,4.0592832763714135e-14,2.237373357694139e-7,2.8955665700586747e-14,1.0000000000019698
0.006271545514256759,58.403443389336914,0.01394866995376597,0.005499867791320307,4.0936839821033747e-14,2.234082430163653e-7,2.895774426426252e-14,1.0000000000019797
0.006279658768479601,58.40343849609091,0.01394858500157834,0.005484753699211308,4.0936839821033747e-14,2.2287301115753166e-7,2.895982179919282e-14,1.0000000000019897
0.006287772022702443,58.40343335480999,0.013948495743229108,0.005469642323919457,4.110884334969355e-14,2.228022064620916e-7,2.896189827078661e-14,1.0000000000019997
0.006295885276925285,58.40342796547172,0.01394840217832859,0.0054545340701060855,4.128084687835336e-14,2.224200308376112e-7,2.8963973646457737e-14,1.0000000000020097
0.006303998531148127,58.40342232781378,0.013948304302322648,0.005439429339284128,4.162485393567297e-14,2.2219702833226052e-7,2.896604768750364e-14,1.0000000000020197
0.006312111785370969,58.40341644238322,0.013948202124708747,0.005424328530167366,4.162485393567297e-14,2.2157532320044027e-7,2.8968120363813334e-14,1.0000000000020297
0.006320225039593811,58.40341030896243,0.013948095641708921,0.0054092320386522055,4.2140864521652386e-14,2.2108232688999863e-7,2.897008728436774e-14,1.0000000000020397
0.0063283382938166535,58.40340392755733,0.013947984853425929,0.005394140257956232,4.2140864521652386e-14,2.2109582320517518e-7,2.897205340770156e-14,1.0000000000020497
0.006336451548039496,58.40339729823933,0.01394786976109952,0.0053790535786956955,4.2484871578972e-14,2.20548169060919e-7,2.8974018698931997e-14,1.0000000000020597
0.006344564802262338,58.4033904210788,0.01394775036595143,0.005363972389060381,4.26568751076318e-14,2.203454936289262e-7,2.8975983124129924e-14,1.0000000000020697
0.00635267805648518,58.40338329614511,0.013947626669186008,0.005348897075008807,4.282887863629161e-14,2.1978382758192083e-7,2.8977946642749626e-14,1.0000000000020794
0.006360791310708022,58.40337592350475,0.013947498671957511,0.005333828020277482,4.317288569361122e-14,2.197292099381798e-7,2.8979909220462576e-14,1.0000000000020892
0.006368904564930864,58.40336830328099,0.013947366376406208,0.005319880840757628,4.317288569361122e-14,2.1907131175780137e-7,2.8981870829209687e-14,1.000000000002099
0.006377017819153706,58.40336044349194,0.013947229921735188,0.00530659864117417,4.3344889222271025e-14,2.188189860419243e-7,2.8983831713967995e-14,1.0000000000021088
0.006385131073376548,58.403352336962996,0.013947089183385449,0.005293321555920383,4.351689275093083e-14,2.1850705556047956e-7,2.898579208861743e-14,1.0000000000021185
0.0063932443275993905,58.40334397798461,0.013946944062232947,0.005280049981726474,4.3688896279590636e-14,2.1767154767537988e-7,2.898775186568373e-14,1.0000000000021283
0.006401357581822233,58.40333536546845,0.013946794539382919,0.005266784312739153,4.403290333691025e-14,2.1745994427391224e-7,2.898971101229383e-14,1.000000000002138
0.006409470836045075,58.40332649997765,0.013946640624612113,0.0052535249439238894,4.420490686557005e-14,2.1710280306841412e-7,2.899166950201013e-14,1.0000000000021478
0.006417584090267917,58.40331738201062,0.013946482326573363,0.005240272269800799,4.437691039422986e-14,2.1693269780520552e-7,2.899362730777709e-14,1.0000000000021576
0.006425697344490759,58.403308011711026,0.013946319647760967,0.005227026682342584,4.472091745154947e-14,2.1626187041157152e-7,2.8995584402757936e-14,1.0000000000021672
0.006433810598713601,58.40329838933932,0.013946152592696617,0.0052137885705674705,4.4892920980209275e-14,2.164253343206468e-7,2.89975407603311e-14,1.0000000000021767
0.006441923852936443,58.403288515126164,0.013945981165384888,0.005200558320843862,4.506492450886908e-14,2.1608286271401766e-7,2.8999496354985734e-14,1.0000000000021863
0.006450037107159285,58.40327838945599,0.013945805372499948,0.005187336317123297,4.5236928037528886e-14,2.1552602613716942e-7,2.9001451039275674e-14,1.0000000000021958
0.0064581503613821275,58.40326801230408,0.013945625213612634,0.005174122940942375,4.5236928037528886e-14,2.1542158501475228e-7,2.9003404782975216e-14,1.0000000000022053
0.00646626361560497,58.40325738395804,0.01394544069371611,0.005160918571897103,4.575293862350831e-14,2.1486937973325126e-7,2.900535756169168e-14,1.000000000002215
0.006474376869827812,58.40324650534248,0.0139452518288626,0.00514772358727956,4.575293862350831e-14,2.1446561571103473e-7,2.900730935103884e-14,1.0000000000022244
0.006482490124050654,58.40323537592813,0.01394505860986353,0.00513453836236149,4.575293862350831e-14,2.1428703023129714e-7,2.9009161089046335e-14,1.000000000002234
0.006490603378273496,58.40322399638665,0.013944861048379444,0.005121363269748699,4.609694568082792e-14,2.1392283022780845e-7,2.9011012294070005e-14,1.0000000000022435
0.006498716632496338,58.403212367057776,0.013944659150308713,0.005108198679892457,4.609694568082792e-14,2.1364489499742234e-7,2.901286293954292e-14,1.0000000000022529
0.00650682988671918,58.403200488364604,0.013944452922996694,0.0050950449606953,4.661295626680734e-14,2.135749349596594e-7,2.9014712999758424e-14,1.0000000000022622
0.006514943140942022,58.40318836164378,0.013944242389649026,0.005081902408523176,4.661295626680734e-14,2.1325858401421982e-7,2.901656244294193e-14,1.0000000000022715
0.0065230563951648645,58.40317598667398,0.013944027546423347,0.005068771505342745,4.678495979546714e-14,2.1296770580381263e-7,2.901841119075606e-14,1.0000000000022808
0.006531169649387707,58.403163361679525,0.01394380836249185,0.0050556525761784625,4.7128966852786754e-14,2.1274370631818584e-7,2.902025915516148e-14,1.0000000000022902
0.006539282903610549,58.40315048904283,0.01394358487921589,0.005042545954858819,4.730097038144656e-14,2.1252787163472675e-7,2.902210631235322e-14,1.0000000000022995
0.006547396157833391,58.403137369033516,0.013943357101276416,0.005029451982733357,4.730097038144656e-14,2.1206579547961013e-7,2.902395263867852e-14,1.0000000000023088
0.006555509412056233,58.4031240015068,0.01394312502615976,0.005016371003800307,4.7472973910106365e-14,2.1237881542290893e-7,2.902579811031996e-14,1.0000000000023181
0.006563622666279075,58.403110388134756,0.013942888682895173,0.0050033033624721,4.764497743876617e-14,2.1199376787350843e-7,2.9027642703668477e-14,1.0000000000023275
0.006571735920501917,58.4030965281539,0.013942648058227574,0.0049902494011162205,4.798898449608578e-14,2.1157087104484162e-7,2.9029486390318513e-14,1.0000000000023366
0.006579849174724759,58.403082422243784,0.01394240316395469,0.004977209458360523,4.816098802474559e-14,2.1148431772477494e-7,2.903132914747769e-14,1.0000000000023457
0.0065879624289476016,58.40306807163284,0.013942154021403532,0.004964183869980531,4.833299155340539e-14,2.111019419270832e-7,2.9033170899597e-14,1.0000000000023548
0.006596075683170444,58.403053476192724,0.013941900628346007,0.004951172967321748,4.8676998610725004e-14,2.1108628023291942e-7,2.9035011624462075e-14,1.0000000000023639
0.006604188937393286,58.4030386364145,0.013941642993307395,0.004938177077219291,4.8676998610725004e-14,2.107978486209916e-7,2.903685119033258e-14,1.000000000002373
0.006612302191616128,58.4030235527857,0.01394138112475179,0.004925196521666681,4.884900213938481e-14,2.1076456035995506e-7,2.903868957752418e-14,1.000000000002382
0.00662041544583897,58.40300822580941,0.013941115031413438,0.004912231617595235,4.884900213938481e-14,2.1041997000370571e-7,2.904052676592541e-14,1.0000000000023912
0.006628528700061812,58.40299265598083,0.013940844721889539,0.004899282676672613,4.919300919670442e-14,2.103640688311259e-7,2.9042362730469124e-14,1.0000000000024003
0.006636641954284654,58.40297684206343,0.013940570174712447,0.004886350004765012,4.919300919670442e-14,2.104598200158847e-7,2.9044197451229173e-14,1.0000000000024094
0.0066447552085074964,58.40296078873252,0.013940291471050817,0.004873433901500555,4.919300919670442e-14,2.1042668107984497e-7,2.904603090906177e-14,1.0000000000024185
0.006652868462730339,58.40294449341824,0.013940008566288978,0.004860534661406095,4.970901978268384e-14,2.100443853292333e-7,2.904776932216974e-14,1.0000000000024274
0.006660981716953181,58.402927957433704,0.013939721483224126,0.0048476525733762875,4.970901978268384e-14,2.0961135671626607e-7,2.904950695512739e-14,1.0000000000024363
0.006669094971176023,58.402911180950355,0.013939430224832646,0.0048347879194388,5.0225030368663254e-14,2.09471711865028e-7,2.90512437854472e-14,1.0000000000024452
0.006677208225398865,58.40289416472147,0.013939134804192227,0.004821940976345132,4.988102331134364e-14,2.0960829327787422e-7,2.905297979091247e-14,1.000000000002454
0.006685321479621707,58.402876909199286,0.013938835229154364,0.00480911201468176,5.0225030368663254e-14,2.095612230412769e-7,2.9054714903749e-14,1.000000000002463
0.006693434733844549,58.40285941479958,0.013938531506937236,0.004796301298902144,5.039703389732306e-14,2.0960770497069348e-7,2.905644899045404e-14,1.0000000000024718
0.006701547988067391,58.4028416822925,0.013938223650911501,0.0047835090873445665,5.039703389732306e-14,2.0945027756624768e-7,2.90581820311046e-14,1.0000000000024807
0.0067096612422902335,58.40282371207114,0.013937911667901828,0.004770735632176185,5.039703389732306e-14,2.0920029364379644e-7,2.905991400597528e-14,1.0000000000024896
0.006717774496513076,58.402805504715744,0.013937595567981761,0.004757981179402679,5.074104095464267e-14,2.0926710420088313e-7,2.906164489541219e-14,1.0000000000024984
0.006725887750735918,58.40278706096969,0.013937275364057275,0.004745245969595574,5.125705154062209e-14,2.0917710319423577e-7,2.9063374680803435e-14,1.0000000000025073
0.00673400100495876,58.402768380996584,0.013936951058968566,0.0047325302356396376,5.125705154062209e-14,2.0953744916951678e-7,2.906510334285795e-14,1.0000000000025162
0.006742114259181602,58.40274946550496,0.01393662266501678,0.0047198342057479924,5.1429055069281893e-14,2.090698335566188e-7,2.906683086247789e-14,1.0000000000025249
0.006750227513404444,58.40273031523067,0.01393629019497701,0.004707158102118552,5.16010585979417e-14,2.0926764643380835e-7,2.906855721629401e-14,1.0000000000025335
0.006758340767627286,58.40271093075321,0.013935953658909973,0.00469450214107572,5.16010585979417e-14,2.0954552937269e-7,2.907028238573967e-14,1.0000000000025422
0.006766454021850128,58.402691312562084,0.013935613065314052,0.004681866533162443,5.194506565526131e-14,2.0959482860405387e-7,2.907200635471205e-14,1.0000000000025508
0.0067745672760729705,58.40267146128701,0.013935268425121742,0.00466925148338037,5.2117069183921116e-14,2.0972187697587685e-7,2.90737290040012e-14,1.0000000000025595
0.006782680530295813,58.40265137752118,0.013934919748631716,0.004656657191381754,5.228907271258092e-14,2.0950475776437827e-7,2.907545031657752e-14,1.0000000000025682
0.006790793784518655,58.40263106190954,0.013934567047040696,0.004644083851484988,5.228907271258092e-14,2.0970329739355975e-7,2.907717027731646e-14,1.0000000000025768
0.006798907038741497,58.402610515115406,0.01393421033186478,0.004631531652495409,5.263307976990053e-14,2.0956909840830207e-7,2.907888882258268e-14,1.0000000000025855
0.006807020292964339,58.4025897377914,0.013933849614434163,0.004619000778059219,5.280508329856034e-14,2.096966632558761e-7,2.908060593641747e-14,1.0000000000025941
0.006815133547187181,58.402568730808326,0.013933484909866877,0.004606491409989919,5.2977086827220143e-14,2.0966573255343235e-7,2.908232159866465e-14,1.0000000000026028
0.006823246801410023,58.40254749346888,0.013933116206057047,0.004594003716776739,5.314909035587995e-14,2.0971991931961753e-7,2.908403579385277e-14,1.0000000000026115
0.006831360055632865,58.402526028362466,0.013932743547959581,0.00458153786939556,5.314909035587995e-14,2.097656158772665e-7,2.9085748506627837e-14,1.0000000000026201
0.0068394733098557075,58.402504334938826,0.013932366926021377,0.004569094032752238,5.314909035587995e-14,2.0980304382689496e-7,2.9087371524537647e-14,1.0000000000026288
0.00684758656407855,58.402482412961234,0.013931986336132636,0.004556672366597701,5.3665100941859366e-14,2.0995282123958958e-7,2.9088993510950336e-14,1.0000000000026374
0.006855699818301392,58.40246026520276,0.013931601826436948,0.004544273026911696,5.3665100941859366e-14,2.098679224848965e-7,2.909061440553069e-14,1.000000000002646
0.006863813072524234,58.402437891066356,0.013931213386568777,0.004531896164186345,5.383710447051917e-14,2.0998348693179736e-7,2.9092234140530434e-14,1.0000000000026548
0.006871926326747076,58.40241529069431,0.01393082101899849,0.004519541924241005,5.418111152783878e-14,2.1025532159768545e-7,2.9093852696981474e-14,1.0000000000026634
0.006880039580969918,58.40239246693325,0.013930424773146804,0.004507210448005002,5.435311505649859e-14,2.1043080455918073e-7,2.909547005596911e-14,1.000000000002672
0.00688815283519276,58.40236941866731,0.013930024629640943,0.004494901871947735,5.4525118585158394e-14,2.104766591015661e-7,2.909708620089113e-14,1.0000000000026807
0.006896266089415602,58.402346147100886,0.013929620609390478,0.004482616327809232,5.4525118585158394e-14,2.106973089333053e-7,2.90987011153111e-14,1.0000000000026894
0.0069043793436384445,58.4023226508128,0.013929212687722306,0.004470353941479261,5.46971221138182e-14,2.108376135900869e-7,2.910031476441053e-14,1.000000000002698
0.006912492597861287,58.402298933703094,0.013928800932345475,0.0044581148374077655,5.504112917113781e-14,2.1084167367568796e-7,2.910192710893592e-14,1.0000000000027067
0.006920605852084129,58.402274995271654,0.013928385334577423,0.004445899133137753,5.5213132699797616e-14,2.1097256064361858e-7,2.910353813361076e-14,1.0000000000027154
0.006928719106306971,58.40225083575084,0.013927965898452207,0.004433706941997124,5.5213132699797616e-14,2.1110339565311165e-7,2.910514782311522e-14,1.0000000000027303
0.006936832360529813,58.40222645598716,0.013927542638666099,0.004421538372955625,5.572914328577703e-14,2.1127157567857324e-7,2.910675616019006e-14,1.0000000000027571
0.006944945614752655,58.40220185665918,0.013927115566999796,0.004409393530530535,5.572914328577703e-14,2.1163713859184696e-7,2.9108363088669726e-14,1.0000000000027842
0.006953058868975497,58.40217703845993,0.013926684695485032,0.004397272514873591,5.590114681443684e-14,2.112936613452021e-7,2.910996854631859e-14,1.0000000000028115
0.006961172123198339,58.40215200206652,0.01392625003587722,0.004385175421881839,5.590114681443684e-14,2.1138258865516235e-7,2.911157251944774e-14,1.000000000002839
0.0069692853774211815,58.402126748162026,0.013925811600035268,0.004373102343304682,5.6073150343096644e-14,2.1186149368190854e-7,2.911317499466936e-14,1.0000000000028668
0.006977398631644024,58.40210127742898,0.013925369399808832,0.004361053366830056,5.624515387175645e-14,2.1189603427451686e-7,2.9114775958778124e-14,1.0000000000028948
0.006985511885866866,58.40207559055461,0.013924923447128739,0.004349028576184393,5.658916092907606e-14,2.1214673373570747e-7,2.9116375398661766e-14,1.000000000002923
0.006993625140089708,58.402049688255104,0.013924473754428995,0.0043370280512109146,5.6761164457735866e-14,2.1235573355316006e-7,2.911797330025432e-14,1.0000000000029514
0.00700173839431255,58.402023571167874,0.013924020332775684,0.004325051867965842,5.6761164457735866e-14,2.1227069757490113e-7,2.91195696512462e-14,1.00000000000298
0.007009851648535392,58.401997240086594,0.01392356319594791,0.004313100098851805,5.710517151505548e-14,2.1236945302316457e-7,2.912116443467625e-14,1.000000000003009
0.007017964902758234,58.40197069457139,0.01392310233630894,0.004301172817214926,5.710517151505548e-14,2.1228872415512967e-7,2.9122757620319084e-14,1.000000000003038
0.007026078156981076,58.40194393860185,0.013922637822948941,0.004289270075359092,5.744917857237509e-14,2.1242103054319728e-7,2.9124349174311344e-14,1.0000000000030673
0.0070341914112039185,58.401916969275526,0.013922169605477975,0.0042773919334682066,5.76211821010349e-14,2.124700347883035e-7,2.9125856518434155e-14,1.0000000000030969
0.007042304665426761,58.40188978884947,0.013921697723081236,0.004265538453109366,5.77931856296947e-14,2.1246982795375402e-7,2.912736256554018e-14,1.0000000000031266
0.007050417919649603,58.40186239793105,0.01392122218630301,0.0042537096953253325,5.76211821010349e-14,2.126440756811121e-7,2.912886730188524e-14,1.0000000000031566
0.007058531173872445,58.40183479546013,0.013920742976738511,0.004241905723474266,5.77931856296947e-14,2.126916178735172e-7,2.9130370714080565e-14,1.0000000000031868
0.007066644428095287,58.4018069846215,0.013920260149678943,0.004230126667432663,5.830919621567412e-14,2.126685615388979e-7,2.913187278883652e-14,1.0000000000032174
0.007074757682318129,58.401778970215226,0.01391977378845888,0.004218372287709483,5.813719268701431e-14,2.1293308016812063e-7,2.9133373509105726e-14,1.0000000000032483
0.007082870936540971,58.40175074358657,0.013919283742822464,0.004206642732892299,5.848119974433392e-14,2.1268975336496965e-7,2.91348728614553e-14,1.0000000000032794
0.007090984190763813,58.40172230368791,0.013918789994581899,0.004194938101749458,5.865320327299373e-14,2.2843860758570145e-7,2.913637083261858e-14,1.0000000000033107
0.0070990974449866556,58.401693669321624,0.013918292870167178,0.004183258480370993,5.899721033031334e-14,2.2977187458250725e-7,2.913786740974065e-14,1.0000000000032891
0.007107210699209498,58.40166482139112,0.013917792038040422,0.004171603933609337,5.916921385897314e-14,2.3112133609726193e-7,2.913936257998546e-14,1.0000000000032676
0.00711532395343234,58.40163577160191,0.01391728770142215,0.004159974518208245,5.916921385897314e-14,2.3236580648511307e-7,2.9140856330444354e-14,1.000000000003246
0.007123437207655182,58.40160651763055,0.013916779819974882,0.004148370282849203,5.934121738763295e-14,2.3392262554766674e-7,2.914234864834281e-14,1.0000000000032243
0.007131550461878024,58.401577060166005,0.013916268405659911,0.004136791270258061,5.985722797361237e-14,2.35411229593252e-7,2.9143839488275106e-14,1.0000000000032025
0.007139663716100866,58.40154740006339,0.013915753473322894,0.004125237518038324,5.985722797361237e-14,2.3666468007554897e-7,2.914532875642475e-14,1.0000000000031808
0.007147776970323708,58.40151753794967,0.01391523503384858,0.004113709059026559,5.985722797361237e-14,2.387777984225181e-7,2.914681644024089e-14,1.000000000003159
0.0071558902245465504,58.401487474741465,0.013914713103150537,0.004102205921818919,6.020123503093198e-14,2.3986439090517564e-7,2.914830252882835e-14,1.0000000000031373
0.007164003478769393,58.40145721080696,0.013914187687620934,0.004090728131178202,6.020123503093198e-14,2.418019281746897e-7,2.91497870114024e-14,1.0000000000031155
0.007172116732992235,58.40142674727066,0.013913658806782428,0.004079275708349579,6.054524208825159e-14,2.431928131929606e-7,2.915126987728808e-14,1.0000000000030935
0.007180229987215077,58.401396084541005,0.013913126467725889,0.004067848671133948,6.07172456169114e-14,2.4509875271028214e-7,2.9152751115914954e-14,1.0000000000030715
0.007188343241437919,58.40136522346318,0.013912590685124763,0.004056447034359759,6.08892491455712e-14,2.466798920131019e-7,2.9154230717362935e-14,1.0000000000030496
0.007196456495660761,58.4013341648171,0.01391205147251921,0.004045070809990088,6.123325620289081e-14,2.487222879321571e-7,2.915570867118309e-14,1.0000000000030276
0.007204569749883603,58.40130290926048,0.013911508841327871,0.004033720007320495,6.140525973155062e-14,2.5017019969486576e-7,2.9157184967032955e-14,1.0000000000030056
0.007212683004106445,58.40127145725878,0.013910962799631691,0.004022394631960033,6.140525973155062e-14,2.519270320966438e-7,2.915865959121188e-14,1.0000000000029834
0.0072207962583292875,58.4012398099603,0.013910413367366451,0.004011094690423317,6.157726326021042e-14,2.535999125974353e-7,2.916013253354778e-14,1.0000000000029612
0.00722890951255213,58.401207968592765,0.013909860565846706,0.0039998201857859485,6.174926678887023e-14,2.555484259203489e-7,2.9161603751837455e-14,1.000000000002939
0.007237022766774972,58.40117593296333,0.013909304391724641,0.0039885711188610415,6.174926678887023e-14,2.5704794728853564e-7,2.9163073197168205e-14,1.0000000000029168
0.007245136020997814,58.40114370407967,0.013908744862494408,0.003977347489217628,6.226527737484964e-14,2.5889128235645487e-7,2.916446408353881e-14,1.0000000000028946
0.007253249275220656,58.40111127856278,0.013908181919492812,0.003966149293195388,6.209327384618984e-14,2.611432365906552e-7,2.916585357873745e-14,1.0000000000028944
0.007261362529443498,58.40107866486295,0.013907615709426325,0.003954976529997492,6.226527737484964e-14,2.6273651093644546e-7,2.916724167225244e-14,1.0000000000028941
0.00726947578366634,58.40104585988771,0.013907046178606166,0.003943829195291864,6.226527737484964e-14,2.6449535558970005e-7,2.916862831903418e-14,1.000000000002894
0.007277589037889182,58.401012864032175,0.013906473333892033,0.003932707284237158,6.260928443216926e-14,2.6650992851484645e-7,2.917001350853098e-14,1.0000000000028937
0.0072857022921120245,58.400979674531406,0.013905897127281458,0.003921610790685396,6.260928443216926e-14,2.681577913055122e-7,2.917139722678073e-14,1.0000000000028935
0.007293815546334867,58.400946300943865,0.013905317724719974,0.003910539709106727,6.295329148948887e-14,2.700585906567632e-7,2.9172779462481616e-14,1.0000000000028932
0.007301928800557709,58.400912737467436,0.013904735025476426,0.0038994940326277554,6.312529501814867e-14,2.716533207547389e-7,2.917416020597518e-14,1.000000000002893
0.007310042054780551,58.40087898769269,0.013904149091887124,0.0038884737537668787,6.329729854680848e-14,2.7381831826933656e-7,2.917553944684936e-14,1.0000000000028928
0.007318155309003393,58.40084504812888,0.013903559863348694,0.003877478864414804,6.364130560412809e-14,2.757860880220342e-7,2.9176917175167544e-14,1.0000000000028926
0.007326268563226235,58.40081092306396,0.013902967414304919,0.003866509356183953,6.364130560412809e-14,2.774716285347534e-7,2.9178293383932967e-14,1.0000000000028924
0.007334381817449077,58.400776612080314,0.013902371737505552,0.003855565219487638,6.329729854680848e-14,2.790493687510054e-7,2.9179667992740806e-14,1.0000000000028921
0.007342495071671919,58.400742116669505,0.013901772858845678,0.003844646444595399,6.38133091327879e-14,2.81119348383152e-7,2.918104099240535e-14,1.000000000002892
0.0073506083258947615,58.400707434053565,0.013901170730096718,0.0038337530200188183,6.38133091327879e-14,2.827089885804046e-7,2.918241237383005e-14,1.0000000000028917
0.007358721580117604,58.40067256070669,0.013900565290046773,0.003822884985333773,6.39853126614477e-14,2.839853628644473e-7,2.918378212512402e-14,1.0000000000028915
0.007366834834340446,58.40063752162307,0.013899956972622808,0.0038120424448269802,6.41573161901075e-14,2.861743670923289e-7,2.918515023757166e-14,1.0000000000028912
0.007374948088563288,58.40060229090077,0.013899345328138487,0.0038012253148421537,6.41573161901075e-14,2.8791274350736806e-7,2.918651670231102e-14,1.000000000002891
0.00738306134278613,58.40056687781171,0.013898730517564555,0.003790433549820237,6.450132324742712e-14,2.895731652241551e-7,2.918788151054792e-14,1.0000000000028906
0.007391174597008972,58.40053128295935,0.01389811255137769,0.0037796671158207996,6.450132324742712e-14,2.913682456973099e-7,2.9189244654362024e-14,1.0000000000028901
0.007399287851231814,58.400495505211744,0.013897491409926207,0.0037689259831294353,6.484533030474673e-14,2.924980551377576e-7,2.9190606094098873e-14,1.0000000000028897
0.007407401105454656,58.40045954939256,0.013896867176954228,0.0037582101188682157,6.484533030474673e-14,2.9421381800287527e-7,2.919196582196502e-14,1.0000000000028892
0.0074155143596774985,58.40042340998415,0.013896239756669366,0.003747519493786283,6.518933736206635e-14,2.956941342613373e-7,2.9193323829860904e-14,1.0000000000028888
0.007423627613900341,58.400387097300694,0.01389560932813715,0.003736854081796896,6.536134089072616e-14,2.969749291481527e-7,2.9194680109877365e-14,1.0000000000028884
0.007431740868123183,58.4003506057104,0.013894975793583442,0.003726213854199744,6.536134089072616e-14,2.980589478562834e-7,2.9196034657085136e-14,1.000000000002888
0.007439854122346025,58.40031393686993,0.013894339181769683,0.0037155987799174263,6.553334441938596e-14,2.991351417125365e-7,2.9197387395410484e-14,1.0000000000028875
0.007447967376568867,58.400277091443655,0.013893699504230228,0.0037050088252507246,6.604935500536538e-14,3.003985191152303e-7,2.919873831799974e-14,1.000000000002887
0.007456080630791709,58.4002400700898,0.013893056772392475,0.003694443953596557,6.622135853402519e-14,3.0133072043136977e-7,2.9200087418043995e-14,1.0000000000028866
0.007464193885014551,58.400202873474846,0.013892410997827294,0.00368390412527622,6.622135853402519e-14,3.020260670172359e-7,2.9201434688610914e-14,1.0000000000028861
0.007472307139237393,58.400165502286946,0.013891762192481796,0.0036733892972158244,6.622135853402519e-14,3.026203723166532e-7,2.9202709227044704e-14,1.0000000000028857
0.0074804203934602355,58.40012795721092,0.013891110368245235,0.0036628994226547864,6.639336206268499e-14,3.0292301995971105e-7,2.9203982281149566e-14,1.0000000000028852
0.007488533647683078,58.40009023963532,0.013890455549224376,0.0036524344515723684,6.690937264866441e-14,3.037128520899657e-7,2.920525384208606e-14,1.0000000000028848
0.00749664690190592,58.40005234885122,0.013889797723111535,0.0036419943313339485,6.708137617732421e-14,3.038306983504935e-7,2.9206523901134307e-14,1.0000000000028844
0.007504760156128762,58.40001428631555,0.013889136915200676,0.003631579001861173,6.725337970598402e-14,3.037839447078694e-7,2.9207792449631275e-14,1.0000000000028837
0.007512873410351604,58.39997605259622,0.013888473135351194,0.003621188398610726,6.725337970598402e-14,3.034113588984422e-7,2.9209059477398363e-14,1.000000000002883
0.007520986664574446,58.3999376484806,0.013887806397232775,0.0036108224524125363,6.759738676330363e-14,3.031930067148858e-7,2.9210324974328523e-14,1.0000000000028824
0.007529099918797288,58.39989907380144,0.013887136697941815,0.0036004810735069392,6.776939029196344e-14,3.025636746839533e-7,2.92115889194238e-14,1.0000000000028817
0.00753721317302013,58.39986032946742,0.013886464053253963,0.003590164198090723,6.794139382062324e-14,3.0187409857940217e-7,2.921285128914552e-14,1.000000000002881
0.0075453264272429725,58.39982141140166,0.013885788392390038,0.0035798717426154146,6.811339734928305e-14,3.0097811767881844e-7,2.92141120771419e-14,1.0000000000028804
0.007553439681465815,58.39978233236806,0.013885109936945621,0.003569603617280347,6.845740440660266e-14,2.9989111606509855e-7,2.9215371216488507e-14,1.0000000000028797
0.007561552935688657,58.39974308510938,0.013884428560926804,0.0035593597248973073,6.845740440660266e-14,2.9801222242720193e-7,2.921662869984603e-14,1.000000000002879
0.007569666189911499,58.39970367135063,0.013883744294281854,0.003549139962105592,6.862940793526246e-14,2.963531506722239e-7,2.921788451992827e-14,1.0000000000028784
0.007577779444134341,58.39966409173365,0.013883057148153707,0.0035389442194405556,6.880141146392227e-14,2.941768197789463e-7,2.9219138669499035e-14,1.0000000000028777
0.007585892698357183,58.3996243439713,0.013882367082835117,0.0035287723757568687,6.931742204990169e-14,2.918008677466055e-7,2.922039114136967e-14,1.000000000002877
0.007594005952580025,58.39958443345665,0.013881674191955877,0.0035186243154050967,6.948942557856149e-14,2.893826008126821e-7,2.922164192737164e-14,1.0000000000028764
0.007602119206802867,58.39954435996636,0.013880978471638347,0.003508499910155233,6.96614291072213e-14,2.866105189985868e-7,2.922289101902585e-14,1.0000000000028757
0.0076102324610257096,58.39950412295382,0.013880279912392837,0.003498399024197421,6.96614291072213e-14,2.832089288778983e-7,2.9224138409253976e-14,1.000000000002875
0.007618345715248552,58.39946373295382,0.013879578697115019,0.0034883215183602405,7.000543616454091e-14,2.7967730077682607e-7,2.922538409100748e-14,1.0000000000028744
0.007626458969471394,58.39942316784397,0.013878874441735696,0.003478267246331629,7.034944322186052e-14,2.759956748282777e-7,2.922662805721583e-14,1.0000000000028737
0.007634572223694236,58.399382440230205,0.013878167365107831,0.0034682360559763004,7.034944322186052e-14,2.721184414467004e-7,2.9227870300145466e-14,1.000000000002873
0.007642685477917078,58.399341556813475,0.013877457583567376,0.003458227791535577,7.069345027918013e-14,2.6827335383727835e-7,2.922911081377411e-14,1.0000000000028724
0.00765079873213992,58.39930051149323,0.013876744991202013,0.0034482420939517763,7.086545380783994e-14,2.639181485020181e-7,2.9230349591075414e-14,1.0000000000028717
0.007658911986362762,58.39925930868663,0.01387602966469855,0.003438279068297368,7.120946086515955e-14,2.5893812991006904e-7,2.9231586626281025e-14,1.0000000000028708
0.0076670252405856044,58.39921794505764,0.013875311546139735,0.003428338544845321,7.120946086515955e-14,2.544555565836548e-7,2.923282185944792e-14,1.00000000000287
0.007675138494808447,58.399176422947775,0.013874590676176753,0.0034184203360497723,7.172547145113896e-14,2.4952455410232055e-7,2.923405525816045e-14,1.000000000002869
0.007683251749031289,58.39913474303319,0.013873867066548487,0.003410246081056407,7.172547145113896e-14,2.446780778958546e-7,2.9235286814103823e-14,1.000000000002868
0.007691365003254131,58.399092909555996,0.013873140790902813,0.0034021560565787833,7.224148203711838e-14,2.3940067463146253e-7,2.923651714290421e-14,1.0000000000028668
0.007699478257476973,58.39905091363167,0.013872411694994351,0.00339408316232193,7.241348556577819e-14,2.340312118265242e-7,2.923774626384616e-14,1.0000000000028657
0.007707591511699815,58.399008761732325,0.013871679891186307,0.003386027219599007,7.241348556577819e-14,2.2891274086001e-7,2.923897417195105e-14,1.0000000000028644
0.007715704765922657,58.39896644704106,0.013870945261129643,0.0033779880444539216,7.310149968041741e-14,2.2359608664590525e-7,2.924020086222536e-14,1.000000000002863
0.007723818020145499,58.3989239742354,0.013870207886031377,0.003369965448144953,7.310149968041741e-14,2.1827461173934415e-7,2.924136131016321e-14,1.0000000000028615
0.0077319312743683415,58.398881345214825,0.01386946779886859,0.0033619592376070546,7.327350320907721e-14,2.1336754113532308e-7,2.924252081632295e-14,1.0000000000028597
0.007740044528591184,58.3988385564636,0.013868724938604299,0.00335396921502198,7.344550673773702e-14,2.0856288093784592e-7,2.924367937422964e-14,1.000000000002858
0.007748157782814026,58.39879561224175,0.013867979379197126,0.003345995180089896,7.361751026639683e-14,2.0404272656204814e-7,2.924483697742547e-14,1.000000000002856
0.007756271037036868,58.398752511939605,0.013867231110062694,0.0033380369282858093,7.396151732371644e-14,1.9978460282649158e-7,2.9245993619276924e-14,1.0000000000028537
0.00776438429125971,58.39870925653042,0.013866480148097611,0.0033300942518598464,7.413352085237624e-14,1.9580705742927584e-7,2.924714929190082e-14,1.0000000000028513
0.007772497545482552,58.39866584648788,0.013865726501525795,0.003322166940080049,7.430552438103605e-14,1.917958492442251e-7,2.924830398739339e-14,1.0000000000028486
0.007780610799705394,58.398622282639046,0.01386497018470576,0.0033142547792995003,7.464953143835566e-14,1.8875031823628596e-7,2.924945767670435e-14,1.0000000000028457
0.007788724053928236,58.39857856568865,0.01386421120987253,0.003306357553078043,7.499353849567527e-14,1.8519974153557994e-7,2.925061032646922e-14,1.0000000000028426
0.0077968373081510785,58.39853469258879,0.01386344952411103,0.003298475041496098,7.499353849567527e-14,1.8237304083568162e-7,2.925176193055874e-14,1.0000000000028393
0.007804950562373921,58.39849065433053,0.013862684971016245,0.003290607015420393,7.516554202433508e-14,1.8058300504247837e-7,2.925291248266518e-14,1.0000000000028357
0.007813063816596763,58.39844649373532,0.013861918294016088,0.0032827532571463687,7.550954908165469e-14,1.7813101325231395e-7,2.9254061976451715e-14,1.000000000002832
0.007821177070819604,58.3984021734982,0.013861148845454925,0.0032749135395588993,7.568155261031449e-14,1.763892257256039e-7,2.925521040624032e-14,1.000000000002828
0.007829290325042445,58.398357697269866,0.013860376688713046,0.0032670876307970423,7.58535561389743e-14,1.7477590286141265e-7,2.925635774234896e-14,1.0000000000028237
0.007837403579265287,58.39831307708299,0.013859602032690878,0.0032592753021462753,7.619756319629391e-14,1.7388036315652e-7,2.9257503978600754e-14,1.0000000000028193
0.007845516833488128,58.3982683085315,0.013858824800894178,0.003251476320189536,7.636956672495371e-14,1.729827264068673e-7,2.9258649108915744e-14,1.0000000000028146
0.007853630087710969,58.39822339249716,0.013858045008631317,0.0032436904500916116,7.636956672495371e-14,1.7220903582304548e-7,2.9259793126036596e-14,1.0000000000028098
0.00786174334193381,58.398178329750245,0.013857262669275179,0.0032359174557105024,7.671357378227333e-14,1.716376863795943e-7,2.926093602251538e-14,1.0000000000028046
0.007869856596156652,58.39813312099409,0.013856477795036367,0.0032281570995451436,7.705758083959294e-14,1.7121859136048911e-7,2.926207779197616e-14,1.0000000000027993
0.007877969850379493,58.3980877676641,0.013855690410835194,0.003220409143735478,7.705758083959294e-14,1.7097622819622904e-7,2.926321842800312e-14,1.0000000000027938
0.007886083104602334,58.398042269002836,0.013854900503521563,0.0032126733500397694,7.740158789691255e-14,1.7072165643498838e-7,2.926435792418475e-14,1.0000000000027882
0.007894196358825175,58.397996626520985,0.013854108099322762,0.003204949476993239,7.740158789691255e-14,1.7058211364967546e-7,2.9265496274191145e-14,1.0000000000027824
0.007902309613048017,58.39795084079104,0.01385331320817788,0.0031972372824120355,7.791759848289196e-14,1.7062694919467436e-7,2.9266633472709567e-14,1.0000000000027764
0.007910422867270858,58.39790491283439,0.013852515847819399,0.0031895365233651296,7.791759848289196e-14,1.7107563401140558e-7,2.9267769466198836e-14,1.0000000000027702
0.007918536121493699,58.39785884272672,0.013851716019561207,0.003181846954548251,7.808960201155177e-14,1.7060484623892397e-7,2.926890424848994e-14,1.0000000000027638
0.00792664937571654,58.39781263149164,0.013850913741174397,0.0031741683295825928,7.826160554021158e-14,1.7052207676622466e-7,2.927003781336488e-14,1.0000000000027571
0.007934762629939382,58.39776627971086,0.01385010902275805,0.003166500405250168,7.860561259753119e-14,1.7061484767133192e-7,2.9271170154555606e-14,1.0000000000027502
0.007942875884162223,58.39771975509389,0.013849301303713438,0.003158842937808893,7.89496196548508e-14,1.7082843073876956e-7,2.927230126574627e-14,1.0000000000027431
0.007950989138385064,58.3976731380351,0.013848491979776186,0.0031511956820730732,7.89496196548508e-14,1.7197165448623597e-7,2.927343113856762e-14,1.000000000002736
0.007959102392607905,58.397626366152565,0.013847679967926576,0.0031435584257760206,7.946563024083022e-14,1.7378016362035176e-7,2.927455976672956e-14,1.0000000000027287
0.007967215646830747,58.39757946677583,0.013846865742636051,0.0031359309833831886,7.963763376949002e-14,1.7544833311178287e-7,2.9275687143758953e-14,1.0000000000027212
0.007975328901053588,58.39753241849452,0.013846048932196642,0.0031283130670475465,7.980963729814983e-14,1.7716425526614898e-7,2.927681326418184e-14,1.0000000000027134
0.00798344215527643,58.39748523899023,0.013845229843580449,0.0031207044139236664,8.015364435546944e-14,1.790225088588171e-7,2.9277938120833916e-14,1.0000000000027054
0.00799155540949927,58.39743792303601,0.013844408386041914,0.003113104768079859,8.032564788412924e-14,1.8039019324123107e-7,2.92790616859023e-14,1.0000000000026974
0.007999668663722112,58.397390471127515,0.013843584568186131,0.003105513878240008,8.032564788412924e-14,1.8190267812856487e-7,2.928012403350079e-14,1.0000000000026892
0.008007781917944953,58.39734288487232,0.013842758417922376,0.0030979314959758354,8.049765141278905e-14,1.8355600062136546e-7,2.9281185334615047e-14,1.0000000000026807
0.008015895172167794,58.39729516528849,0.013841929952925276,0.0030903573750983675,8.066965494144885e-14,1.8488210384859372e-7,2.928224558137162e-14,1.000000000002672
0.008024008426390635,58.39724731164185,0.013841099160448858,0.0030827912713253637,8.101366199876847e-14,1.860753284510519e-7,2.928330476521699e-14,1.0000000000026634
0.008032121680613477,58.397199325234205,0.013840266063093928,0.0030871851017880664,8.101366199876847e-14,1.877768112112932e-7,2.928436287990394e-14,1.0000000000026545
0.008040234934836318,58.39715121756947,0.013839430860581222,0.0031010593703437784,8.135766905608808e-14,1.88792926181236e-7,2.9285423981860394e-14,1.0000000000026454
0.00804834818905916,58.397102944209266,0.013838592781410964,0.003114902437461182,8.170167611340769e-14,1.8979208185609941e-7,2.928649134248842e-14,1.0000000000026363
0.008056461443282,58.397054534916776,0.013837752342305247,0.0031287142102018185,8.187367964206749e-14,1.9119119448740562e-7,2.9287564971811605e-14,1.000000000002627
0.008064574697504842,58.39700594311085,0.013836908734563436,0.0031424945942340647,8.187367964206749e-14,1.9193118619420524e-7,2.9288644879856035e-14,1.0000000000026175
0.008072687951727683,58.39695717646162,0.013836062091347653,0.0031562434952464515,8.187367964206749e-14,1.933214553440088e-7,2.9289731076528544e-14,1.000000000002608
0.008080801205950524,58.396908237447114,0.013835212455679166,0.0031699608188825333,8.256169375670672e-14,1.9462196557129552e-7,2.929082357174785e-14,1.0000000000025981
0.008088914460173366,58.39685912771965,0.01383435985624404,0.003183646470513416,8.22176866993871e-14,1.958237397237106e-7,2.929192237544349e-14,1.0000000000025882
0.008097027714396207,58.39680984873103,0.013833504318247173,0.003197300355036776,8.256169375670672e-14,1.9660246283748073e-7,2.9293027497555826e-14,1.0000000000025782
0.008105140968619048,58.39676040186274,0.013832645865672715,0.0032109223766892655,8.290570081402633e-14,1.9778943044501673e-7,2.929413894803543e-14,1.000000000002568
0.00811325422284189,58.39671078847622,0.013831784522156698,0.003224512438894009,8.273369728536652e-14,1.9906163312155556e-7,2.929525673705297e-14,1.0000000000025577
0.00812136747706473,58.39666101042062,0.013830920319802575,0.003238070444366885,8.290570081402633e-14,2.000291121073694e-7,2.9296380874678105e-14,1.0000000000025473
0.008129480731287572,58.39661106475208,0.013830053207501476,0.0032515962896657678,8.342171140000574e-14,2.0115474905213482e-7,2.929751137084591e-14,1.0000000000025369
0.008137593985510413,58.39656096343467,0.01382918339296318,0.003265089878875932,8.342171140000574e-14,2.022423661318662e-7,2.929864823325737e-14,1.0000000000025262
0.008145707239733254,58.396510696018396,0.013828310694763918,0.0032785511123017137,8.342171140000574e-14,2.0338372413997163e-7,2.929979147237775e-14,1.0000000000025155
0.008153820493956096,58.396460269737766,0.013827435238502977,0.0032919798880705555,8.376571845732535e-14,2.0428264072003266e-7,2.930094107724691e-14,1.0000000000025047
0.008161933748178937,58.39640968545854,0.013826557039210924,0.0033053761029497295,8.376571845732535e-14,2.0546927076425803e-7,2.930209703348003e-14,1.0000000000024938
0.008170047002401778,58.39635894422137,0.013825676114954421,0.0033187396523977172,8.410972551464497e-14,2.0663382560570653e-7,2.930325932420133e-14,1.000000000002483
0.00817816025662462,58.39630804725689,0.013824792487098843,0.003332070430557009,8.410972551464497e-14,2.0741209638686087e-7,2.9304427958679254e-14,1.0000000000024718
0.00818627351084746,58.39625699587279,0.013823906178347145,0.003345368330256838,8.428172904330477e-14,2.0861674770999983e-7,2.93056029462757e-14,1.0000000000024607
0.008194386765070302,58.39620579140384,0.013823017211872268,0.003358633243026787,8.445373257196458e-14,2.0915901494111822e-7,2.930678429625165e-14,1.0000000000024496
0.008202500019293143,58.396154435199065,0.013822125611094985,0.003371865059128092,8.445373257196458e-14,2.1026781349409163e-7,2.930797201786682e-14,1.0000000000024385
0.008210613273515984,58.39610292787873,0.013821231386783596,0.0033850634223204414,8.4969743157944e-14,2.114079357684595e-7,2.930916612037507e-14,1.000000000002433
0.008218726527738826,58.396051262721976,0.013820334422256622,0.0033982283120666027,8.4969743157944e-14,2.1249431414460673e-7,2.931036661308206e-14,1.0000000000024412
0.008226839781961667,58.3959994609582,0.013819435086079981,0.0034113596555475165,8.51417466866038e-14,2.1401569444412516e-7,2.931157350286121e-14,1.0000000000024492
0.008234953036184508,58.39594750069057,0.013818532998100234,0.003424457356932415,8.53137502152636e-14,2.1433462393805058e-7,2.931278679881077e-14,1.000000000002457
0.00824306629040735,58.39589540069263,0.013817628484247158,0.0034375213105953518,8.53137502152636e-14,2.156158094845928e-7,2.9314006510025884e-14,1.0000000000024645
0.00825117954463019,58.39584316086385,0.013816721542775235,0.003450551405908341,8.53137502152636e-14,2.1643681619165633e-7,2.9315232645642635e-14,1.0000000000024718
0.008259292798853032,58.395790782678645,0.013815812199282136,0.003463547528610252,8.565775727258322e-14,2.1762088681098746e-7,2.9316465214782415e-14,1.000000000002479
0.008267406053075873,58.39573826110768,0.013814900366452894,0.0034765095629842122,8.565775727258322e-14,2.1895375224012525e-7,2.9317704226647884e-14,1.0000000000024858
0.008275519307298715,58.39568559222649,0.013813985976154478,0.0034894374604551603,8.582976080124302e-14,2.1959150187100818e-7,2.9318882775813563e-14,1.0000000000024925
0.008283632561521556,58.39563279789206,0.01381306940784841,0.0035023310193716697,8.565775727258322e-14,2.2086623302497443e-7,2.9320067652903955e-14,1.000000000002499
0.008291745815744397,58.39557986190129,0.013812150380230821,0.0035151901144803346,8.600176432990283e-14,2.225075392270348e-7,2.9321258839984004e-14,1.000000000002505
0.008299859069967238,58.39552678952798,0.01381122898486082,0.0035280146632917534,8.582976080124302e-14,2.2371310209878814e-7,2.932245633452625e-14,1.000000000002511
0.00830797232419008,58.39547358283341,0.013810305257524594,0.0035408045564184394,8.600176432990283e-14,2.2508760072481593e-7,2.932366012982993e-14,1.0000000000025169
0.00831608557841292,58.39542024332478,0.013809379224388619,0.003553559679559762,8.600176432990283e-14,2.2636302793310747e-7,2.932487023628908e-14,1.0000000000025224
0.008324198832635762,58.39536677237091,0.013808450909217342,0.0035662799157846832,8.600176432990283e-14,2.2792785525638237e-7,2.932608666425428e-14,1.0000000000025278
0.008332312086858603,58.39531317450285,0.013807520390674628,0.0035789651456953286,8.600176432990283e-14,2.2978668601236762e-7,2.932730942382352e-14,1.0000000000025329
0.008340425341081445,58.39525944379084,0.013806587565813324,0.0035916152503415706,8.651777491588224e-14,2.3097011420114555e-7,2.9328538525073497e-14,1.0000000000025377
0.008348538595304286,58.395205586927595,0.013805652550826405,0.003604230108917086,8.651777491588224e-14,2.324617075499802e-7,2.9329773978058234e-14,1.0000000000025426
0.008356651849527127,58.395151603850124,0.013804715344620307,0.003616809600173937,8.651777491588224e-14,2.3402291221552574e-7,2.933101579280916e-14,1.0000000000025473
0.008364765103749968,58.39509749283064,0.013803775917198651,0.003629353602891844,8.668977844454205e-14,4.0424299893736964e-7,2.9332263979491096e-14,1.0000000000025517
0.00837287835797281,58.395043264966866,0.013802834461230406,0.0036418619942895306,8.686178197320186e-14,4.052890715023651e-7,2.9333518548382424e-14,1.00000000000254
0.008380991612195651,58.39498890889047,0.013801890779348508,0.003654334611859859,8.720578903052147e-14,4.063724919606661e-7,2.933477950929095e-14,1.0000000000025282
0.008389104866418492,58.39493443271668,0.013800945012442483,0.003666771383275937,8.737779255918127e-14,4.0692481970778984e-7,2.933604687360328e-14,1.0000000000025164
0.008397218120641333,58.394879838889835,0.01379999720294863,0.0036791721906920386,8.737779255918127e-14,4.0783279240115913e-7,2.933732061978535e-14,1.0000000000025044
0.008405331374864175,58.39482512737129,0.013799047350196129,0.003691536900119464,8.737779255918127e-14,4.087838530785826e-7,2.933860072357119e-14,1.0000000000024925
0.008413444629087016,58.39477029142098,0.01379809533716994,0.0037038654042139234,8.772179961650088e-14,4.0921841921952155e-7,2.933988719542466e-14,1.0000000000024802
0.008421557883309857,58.394715348793675,0.013797141472112506,0.003716157576775826,8.80658066738205e-14,4.1027257632246603e-7,2.934118004462686e-14,1.000000000002468
0.008429671137532698,58.394660290702426,0.013796185602472769,0.0037284132951058632,8.80658066738205e-14,4.112233603386815e-7,2.934247928042689e-14,1.0000000000024558
0.00843778439175554,58.394605120581,0.013795227787864647,0.0037406324364443492,8.80658066738205e-14,4.1189037591521545e-7,2.9343784912803554e-14,1.0000000000024434
0.008445897645978381,58.39454983813066,0.013794268023101798,0.0037528148776499516,8.82378102024803e-14,4.125720903537229e-7,2.9345096920815955e-14,1.000000000002431
0.008454010900201222,58.39449444554825,0.013793306346323834,0.0037649604961764705,8.84098137311401e-14,4.13382048704763e-7,2.934641531369864e-14,1.0000000000024183
0.008462124154424064,58.3944389440421,0.01379234277850879,0.003777069169982595,8.84098137311401e-14,4.142337282423943e-7,2.934774010056653e-14,1.0000000000024056
0.008470237408646905,58.39438332716892,0.013791377207793802,0.003789140776126234,8.875382078845972e-14,4.149730270791704e-7,2.934907128728286e-14,1.0000000000023928
0.008478350662869746,58.39432760981707,0.01379040989265754,0.0038011751968155053,8.875382078845972e-14,1.8673992430162656e-7,2.9350408882612144e-14,1.0000000000023799
0.008486463917092587,58.39427179042809,0.013789440806043374,0.003813172322405958,8.909782784577933e-14,1.8793898487468041e-7,2.935175289509401e-14,1.0000000000023759
0.008494577171315429,58.39421586625335,0.013788469900231822,0.003825132024347253,8.926983137443913e-14,1.8941220308876794e-7,2.9353103333619594e-14,1.000000000002372
0.00850269042553827,58.394159829389345,0.01378749703800956,0.0038370541853442242,8.961383843175874e-14,1.90373798891752e-7,2.9354460208800205e-14,1.0000000000023685
0.008510803679761111,58.39410370457841,0.013786522648930878,0.0038489386889631787,8.978584196041855e-14,1.9175749738087333e-7,2.9355823462144735e-14,1.0000000000023652
0.008518916933983952,58.394047476750664,0.0137855464713658,0.003860785421557813,8.995784548907836e-14,1.9294312442186268e-7,2.935711902772242e-14,1.000000000002362
0.008527030188206794,58.39399114934017,0.013784568564933548,0.0038725942716222126,9.047385607505777e-14,1.941063368926521e-7,2.935842093164601e-14,1.000000000002359
0.008535143442429635,58.39393472441206,0.013783588965487297,0.003884365129582159,9.047385607505777e-14,1.9518176797017617e-7,2.935972918389478e-14,1.0000000000023561
0.008543256696652476,58.393878202548855,0.013782607683139943,0.0038960978877415806,9.081786313237738e-14,1.9657092237279628e-7,2.936104379459098e-14,1.0000000000023535
0.008551369950875317,58.393821584860135,0.013781624737155213,0.0039077924402841835,9.116187018969701e-14,1.9761883507385392e-7,2.936236477057565e-14,1.0000000000023666
0.008559483205098159,58.393764871575804,0.013780640131524483,0.003919448327683311,9.150587724701662e-14,1.9870664164090002e-7,2.93636921215632e-14,1.0000000000023808
0.008567596459321,58.39370807087111,0.013779654008179033,0.003931065765259873,9.150587724701662e-14,2.0012013141057494e-7,2.936502585716968e-14,1.000000000002395
0.008575709713543841,58.393651176164695,0.013778666252859397,0.0039426446627669615,9.167788077567642e-14,2.0115199567127817e-7,2.936636598791694e-14,1.0000000000024092
0.008583822967766682,58.39359419120722,0.01377767693068102,0.003954184935291299,9.202188783299604e-14,2.0222839047789876e-7,2.936771249000889e-14,1.0000000000024234
0.008591936221989524,58.39353711746522,0.013776686067104645,0.003965686501459305,9.219389136165584e-14,2.0353524499139297e-7,2.93690653730139e-14,1.0000000000024376
0.008600049476212365,58.39347995619392,0.013775693683922348,0.003977149280804311,9.236589489031565e-14,2.0453387211682994e-7,2.937042464624244e-14,1.0000000000024518
0.008608162730435206,58.39342270864491,0.013774699802863168,0.003988573192285885,9.270990194763526e-14,2.058179470743049e-7,2.9371790320690656e-14,1.000000000002466
0.008616275984658047,58.39336537198781,0.013773704374788509,0.0039999581634069204,9.236589489031565e-14,2.0688231794352419e-7,2.937316233297392e-14,1.0000000000024802
0.008624389238880889,58.39330795635341,0.013772707575580148,0.004011304102119154,9.305390900495487e-14,2.0807403017242265e-7,2.9374540688622876e-14,1.0000000000024944
0.00863250249310373,58.393250457932574,0.013771709339107282,0.004022610918266435,9.305390900495487e-14,2.0916753917799014e-7,2.9375925396954465e-14,1.0000000000025087
0.008640615747326571,58.393192878096286,0.013770709689171738,0.004033878527446513,9.322591253361467e-14,2.1027405955331702e-7,2.9377316466642326e-14,1.0000000000025229
0.008648729001549412,58.39313521814059,0.013769708648274278,0.0040451068433161475,9.356991959093429e-14,2.1144230810676845e-7,2.937871390631763e-14,1.000000000002537
0.008656842255772254,58.39307747925957,0.013768706237145361,0.004056295778063741,9.356991959093429e-14,2.12168653368483e-7,2.9380117724572384e-14,1.0000000000025513
0.008664955509995095,58.39301966261845,0.01376770247601485,0.004067445242784377,9.374192311959409e-14,2.1339697103828215e-7,2.9381527929958315e-14,1.0000000000025655
0.008673068764217936,58.39296176937191,0.01376669738492906,0.0040785551477680315,9.39139266482539e-14,2.1440149328144642e-7,2.9382944531388075e-14,1.0000000000025797
0.008681182018440778,58.39290380067774,0.013765690983988698,0.00408962540274756,9.425793370557351e-14,2.15218266319539e-7,2.938436753725976e-14,1.000000000002594
0.008689295272663619,58.39284575770283,0.013764683293452004,0.004100655917123632,9.442993723423331e-14,2.1659061050227635e-7,2.9385796956065623e-14,1.0000000000026081
0.00869740852688646,58.39278764163348,0.013763674333914728,0.004111646600176428,9.442993723423331e-14,2.172721797477628e-7,2.9387232792532145e-14,1.0000000000026223
0.008705521781109301,58.392729453659236,0.013762664126028496,0.0041225973612627025,9.460194076289312e-14,2.1879377598565952e-7,2.9388675042534143e-14,1.0000000000026366
0.008713635035332143,58.392671194968024,0.013761652690417183,0.004133508109992862,9.477394429155292e-14,2.1913034198295378e-7,2.939012365696075e-14,1.0000000000026508
0.008721748289554984,58.39261286672918,0.013760640047381707,0.004144378756384508,9.477394429155292e-14,2.201030522841485e-7,2.939157860183594e-14,1.0000000000026652
0.008729861543777825,58.39255447010972,0.01375962621718278,0.004155209211016332,9.511795134887254e-14,2.2115464587413314e-7,2.939303988476685e-14,1.0000000000026796
0.008737974798000666,58.3924960062663,0.013758611219901124,0.004165999385160376,9.546195840619215e-14,2.2214787648300316e-7,2.9394507512352275e-14,1.000000000002694
0.008746088052223508,58.39243747635731,0.013757595075647815,0.004176749190906549,9.546195840619215e-14,2.2304744073942118e-7,2.939590131491331e-14,1.0000000000027085
0.008754201306446349,58.39237888153767,0.013756577804473482,0.004187458541281759,9.546195840619215e-14,2.239297940409557e-7,2.939730147292891e-14,1.000000000002723
0.00876231456066919,58.39232022295856,0.013755559426363986,0.0041981273503581135,9.563396193485195e-14,2.2477126560005445e-7,2.939870799547534e-14,1.0000000000027374
0.008770427814892031,58.392261501767905,0.01375453996124845,0.00420875553335457,9.597796899217156e-14,2.25451647073438e-7,2.9400120887837374e-14,1.0000000000027518
0.008778541069114873,58.39220271910839,0.013753519428965202,0.004219343006729394,9.614997252083137e-14,2.2679184424889698e-7,2.9401540158875286e-14,1.0000000000027662
0.008786654323337714,58.39214387745854,0.013752497872544142,0.004229889688129052,9.614997252083137e-14,2.2741444682949918e-7,2.940296581739234e-14,1.0000000000027807
0.008794767577560555,58.39208498140417,0.013751475371600227,0.0042403954961833645,9.632197604949117e-14,2.2810659178196246e-7,2.9404397872643e-14,1.000000000002795
0.008802880831783396,58.39202602130006,0.013750451758681727,0.0042508603989986,9.632197604949117e-14,2.288344490009031e-7,2.940583633719896e-14,1.0000000000028095
0.008810994086006238,58.391967005039895,0.013749427170831609,0.0042612842663080795,9.666598310681079e-14,2.296396471312967e-7,2.940728117935157e-14,1.000000000002824
0.008819107340229079,58.391907931419716,0.013748401587147952,0.004271667012920211,9.683798663547059e-14,2.302661447073362e-7,2.9408732363091494e-14,1.0000000000028622
0.00882722059445192,58.39184880305175,0.013747375052981885,0.004282008560783457,9.70099901641304e-14,2.311588752634819e-7,2.941018989763792e-14,1.0000000000029043
0.008835333848674761,58.391789621102156,0.013746347588579191,0.004292308835776773,9.70099901641304e-14,2.3213726563220405e-7,2.94116537520086e-14,1.0000000000029465
0.008843447102897603,58.39173038662731,0.013745319212279766,0.004302567766220643,9.71819936927902e-14,2.3268992122016385e-7,2.941312393026829e-14,1.0000000000029887
0.008851560357120444,58.39167109511247,0.013744289845702728,0.00431278528380906,9.71819936927902e-14,2.331137310962461e-7,2.9414600440305986e-14,1.000000000003031
0.008859673611343285,58.39161176068042,0.013743259734035156,0.004322961318943998,9.752600075010981e-14,2.3407391425145363e-7,2.9416083289947145e-14,1.000000000003073
0.008867786865566126,58.39155237533687,0.013742228738487456,0.004333095804577287,9.752600075010981e-14,2.3445973451607927e-7,2.941757248709557e-14,1.0000000000031153
0.008875900119788968,58.391492941360454,0.013741196898619093,0.004343188676165248,9.769800427876962e-14,2.349482001173797e-7,2.941906803956603e-14,1.0000000000031575
0.008884013374011809,58.391433459782625,0.013740164232337348,0.004353239869569817,9.787000780742942e-14,2.3568632756543195e-7,2.9420569954849616e-14,1.0000000000031997
0.00889212662823465,58.391373931754316,0.013739130759623644,0.004363249322181023,9.821401486474904e-14,2.3643863278355326e-7,2.9422078240382623e-14,1.0000000000032419
0.008900239882457492,58.391314358329815,0.013738096498781611,0.0043732169727133865,9.787000780742942e-14,2.370139310370334e-7,2.9423592905617493e-14,1.000000000003284
0.008908353136680333,58.39125474076326,0.013737061471584452,0.004383142761066973,9.821401486474904e-14,2.373072949257704e-7,2.9425113866849035e-14,1.0000000000033262
0.008916466390903174,58.391195079701355,0.013736025689259728,0.004393026628250749,9.821401486474904e-14,2.3821654138167503e-7,2.9426641131255965e-14,1.0000000000033684
0.008924579645126015,58.391135376395816,0.013734989173538574,0.004402868516186483,9.838601839340884e-14,2.3865524922950243e-7,2.942817470568988e-14,1.0000000000034106
0.008932692899348857,58.391075631921815,0.013733951943087169,0.0044126683675915195,9.855802192206865e-14,2.388756457083474e-7,2.942971459694795e-14,1.0000000000034528
0.008940806153571698,58.39101584651945,0.013732914002073908,0.004422426125824242,9.838601839340884e-14,2.395681756306445e-7,2.943126081176697e-14,1.000000000003495
0.008948919407794539,58.390956011019355,0.013731875191308352,0.004432141732212716,9.855802192206865e-14,2.4018844424489316e-7,2.94328133581477e-14,1.0000000000035372
0.00895703266201738,58.39089614902919,0.013730835920645737,0.004441815136800596,9.855802192206865e-14,2.412075535973557e-7,2.9434286898021987e-14,1.0000000000035791
0.008965145916240222,58.39083625052926,0.013729796016133113,0.004451446282226396,9.873002545072845e-14,2.411857101813908e-7,2.9435766781936225e-14,1.000000000003621
0.008973259170463063,58.390776313145736,0.013728755436558012,0.004461035111921868,9.873002545072845e-14,4.1238329256821217e-7,2.9437253017857035e-14,1.000000000003663
0.008981372424685904,58.390716346336,0.013727714346111199,0.004470581571202618,9.907403250804806e-14,4.133545335043855e-7,2.9438745609332285e-14,1.000000000003619
0.008989485678908745,58.390656342748656,0.013726672617164266,0.004480085604505108,9.941803956536767e-14,4.144933512523067e-7,2.944024456902471e-14,1.000000000003575
0.008997598933131587,58.39059630611825,0.01372563031455301,0.00448954715697684,9.941803956536767e-14,4.156056646810078e-7,2.944174985976356e-14,1.0000000000035307
0.009005712187354428,58.39053623742811,0.013724587455349203,0.004498966174040192,9.976204662268729e-14,4.1679456319756265e-7,2.9443261439710865e-14,1.0000000000034863
0.00901382544157727,58.39047613762954,0.013723544056068522,0.004508342601435913,9.993405015134709e-14,4.178238162073423e-7,2.9444779316364585e-14,1.000000000003442
0.00902193869580011,58.39041600767005,0.013722500133160653,0.004517676385284399,1.001060536800069e-13,4.189559624000552e-7,2.944630349721297e-14,1.0000000000033973
0.009030051950022952,58.390355848494735,0.0137214557030337,0.004526967472165795,1.0062206426598631e-13,4.2004092916495027e-7,2.9447833989634565e-14,1.0000000000033527
0.009038165204245793,58.390295661050345,0.013720410782124149,0.004536215809222087,1.0062206426598631e-13,4.2080453521232183e-7,2.944937080064769e-14,1.0000000000033078
0.009046278458468634,58.39023544648095,0.013719365390294381,0.004545421344270259,1.0096607132330593e-13,4.215676259722821e-7,2.945091393174322e-14,1.000000000003263
0.009054391712691475,58.39017520627312,0.013718319553352887,0.004554584025771669,1.0096607132330593e-13,4.226258324613785e-7,2.945246339077319e-14,1.000000000003218
0.009062504966914317,58.39011493880881,0.013717273243208558,0.004563703803421154,1.0148208190928534e-13,4.2388852992451495e-7,2.9454019186159024e-14,1.000000000003173
0.009070618221137158,58.39005464797027,0.013716226527261679,0.004572780627681287,1.0165408543794515e-13,4.245821628058718e-7,2.9455581279515894e-14,1.000000000003128
0.00907873147536,58.389994333558434,0.013715179402056245,0.0045818144502237125,1.0182608896660495e-13,4.256288043349597e-7,2.945714967728353e-14,1.0000000000030829
0.00908684472958284,58.38993399660181,0.013714131885448223,0.004590805223956566,1.0182608896660495e-13,4.2624330312746777e-7,2.945872434359586e-14,1.0000000000030376
0.009094957983805682,58.389873637650034,0.013713083986979853,0.004599752903097733,1.0217009602392456e-13,4.271706797982582e-7,2.9460305233432806e-14,1.0000000000029938
0.009103071238028523,58.38981325838026,0.013712035735768464,0.0046086574433200295,1.0251410308124418e-13,4.28292126245384e-7,2.946189235319413e-14,1.0000000000029863
0.009111184492251364,58.38975285959007,0.013710987145661005,0.004617518810800285,1.0268610660990398e-13,4.288586210796075e-7,2.9463485704405935e-14,1.0000000000029787
0.009119297746474206,58.38969244170347,0.013709938224018621,0.004626336959455745,1.0303011366722359e-13,4.2966015529756593e-7,2.946508529308508e-14,1.0000000000029712
0.009127411000697047,58.38963200584937,0.013708888990440576,0.004635111849222486,1.032021171958834e-13,4.302956001052329e-7,2.946669112497831e-14,1.0000000000029636
0.009135524254919888,58.38957155289288,0.013707839459945964,0.004643843441460165,1.032021171958834e-13,4.308634825266587e-7,2.946830320629259e-14,1.000000000002956
0.00914363750914273,58.38951108371829,0.013706789647887076,0.004652531698924341,1.033741207245432e-13,4.318293148700418e-7,2.9469921542548454e-14,1.0000000000029485
0.00915175076336557,58.38945059921776,0.013705739569752877,0.004661176585722805,1.033741207245432e-13,4.322641792176441e-7,2.947154613919773e-14,1.000000000002941
0.009159864017588412,58.38939010032565,0.013704689241764836,0.00466977806724275,1.0389013131052262e-13,4.3291735567617547e-7,2.9473087266176594e-14,1.0000000000029334
0.009167977271811253,58.38932958779521,0.01370363867700027,0.004678336110068178,1.0406213483918243e-13,4.3354475664681585e-7,2.947463475570892e-14,1.0000000000029259
0.009176090526034094,58.389269062549424,0.013702587891483155,0.004686850681852523,1.0423413836784223e-13,4.343344799200824e-7,2.947618856239127e-14,1.0000000000029186
0.009184203780256936,58.38920852600876,0.013701536909874376,0.004695321564061676,1.0457814542516184e-13,4.3450017214206947e-7,2.9477748591337795e-14,1.0000000000029332
0.009192317034479777,58.38914797635648,0.013700485700633487,0.004703748989907431,1.0475014895382165e-13,4.350263971057114e-7,2.947931484876159e-14,1.0000000000029496
0.009200430288702618,58.38908741779225,0.013699434336671054,0.004712132908591672,1.0492215248248145e-13,4.357090603668366e-7,2.948088734115499e-14,1.000000000002966
0.00920854354292546,58.38902684396544,0.013698382707733419,0.004720473261336656,1.0526615953980106e-13,4.361471676603084e-7,2.9482466074890026e-14,1.0000000000029825
0.0092166567971483,58.388966273467396,0.01369733113658684,0.004728770025932446,1.0526615953980106e-13,4.368454728738479e-7,2.9484051056116864e-14,1.0000000000029987
0.009224770051371142,58.388905686997425,0.013696279288149848,0.004737023173421877,1.0561016659712068e-13,4.3719870096125255e-7,2.948564229069619e-14,1.000000000003015
0.009232883305593983,58.38884509592382,0.013695227359788639,0.0047452325153263504,1.0578217012578048e-13,4.3762048555849153e-7,2.9487239784408506e-14,1.0000000000030311
0.009240996559816824,58.38878449492558,0.013694175259124766,0.004753398100847303,1.0612617718310009e-13,4.3835172667774274e-7,2.948884353868157e-14,1.0000000000030471
0.009249109814039666,58.38872389262012,0.013693123135766084,0.004761519919097407,1.0612617718310009e-13,4.383007766410455e-7,2.949045355888919e-14,1.000000000003063
0.009257223068262507,58.38866328632322,0.013692070943111596,0.004769597947855197,1.062981807117599e-13,4.389064283651849e-7,2.949206985523234e-14,1.0000000000030789
0.009265336322485348,58.38860267659264,0.01369101869084455,0.004777632163873371,1.064701842404197e-13,4.3914911838907806e-7,2.949369232665997e-14,1.0000000000030946
0.00927344957670819,58.388542057907564,0.013689966283117534,0.004785622546948279,1.0664218776907951e-13,4.394141350636178e-7,2.949532097872798e-14,1.0000000000031104
0.00928156283093103,58.38848144439602,0.013688913965208797,0.004793569074408488,1.0698619482639912e-13,4.3999499774595267e-7,2.949695581926025e-14,1.000000000003126
0.009289676085153872,58.38842082936987,0.013687861621004797,0.004801471726873538,1.0715819835505893e-13,4.398860966184977e-7,2.949859680230358e-14,1.0000000000031415
0.009297789339376713,58.38836021414357,0.013686809273325922,0.004809330485994442,1.0715819835505893e-13,4.402082000896175e-7,2.950024392787254e-14,1.000000000003157
0.009305902593599555,58.388299599568136,0.013685756936946897,0.004817145334370872,1.0767420894103834e-13,4.402406511912378e-7,2.9501897200950823e-14,1.0000000000031724
0.009314015847822396,58.38823898644991,0.013684704625866647,0.00482491625554227,1.0784621246969815e-13,4.4070708449061137e-7,2.950355662649801e-14,1.0000000000031877
0.009322129102045237,58.38817837558481,0.01368365235390301,0.004832643234015551,1.0801821599835795e-13,4.406997783283715e-7,2.9505222209043445e-14,1.000000000003203
0.009330242356268078,58.388117767762914,0.013682600134772911,0.004840326255315709,1.0801821599835795e-13,4.4077669280614224e-7,2.950689395175417e-14,1.000000000003218
0.00933835561049092,58.38805716376995,0.013681547982117294,0.004847965306043473,1.0853422658433737e-13,4.4095828613053135e-7,2.950857186008046e-14,1.0000000000032332
0.00934646886471376,58.38799656438863,0.013680495909524916,0.004855560373931197,1.0819021952701776e-13,4.409667613492678e-7,2.951025589149743e-14,1.000000000003248
0.009354582118936602,58.387935970397784,0.013679443930517184,0.004863111447887602,1.0853422658433737e-13,4.412563807261428e-7,2.951185251189032e-14,1.000000000003263
0.009362695373159443,58.38787538257249,0.013678392058550249,0.004870618518025377,1.0870623011299718e-13,4.4116015738239673e-7,2.9513455328844495e-14,1.0000000000032778
0.009370808627382285,58.38781480168374,0.01367734030700945,0.004878081575670985,1.0887823364165698e-13,4.412016207514847e-7,2.951506434734421e-14,1.0000000000032925
0.009378921881605126,58.387754228478556,0.013676288688863924,0.004885500613314964,1.093942442276364e-13,4.4079448335086866e-7,2.9516679572876925e-14,1.0000000000033071
0.009387035135827967,58.38769366343748,0.013675237212456375,0.004892875234273057,1.093942442276364e-13,4.408037283694919e-7,2.9518301010154647e-14,1.0000000000033216
0.009395148390050808,58.38763310912286,0.013674185922271964,0.004900205877027929,1.095662477562962e-13,4.409795699548166e-7,2.951992866499322e-14,1.000000000003336
0.00940326164427365,58.387572562144456,0.01367313475945246,0.004907492523928172,1.1008225834227562e-13,4.408190596995559e-7,2.9521562490053413e-14,1.0000000000033504
0.009411374898496491,58.387512028082206,0.013672083820871732,0.004914735160038695,1.1025426187093543e-13,4.408582688885114e-7,2.9523202490410945e-14,1.0000000000033646
0.009419488152719332,58.387451505003355,0.013671033072975016,0.004921933778170636,1.1042626539959523e-13,4.403572476966919e-7,2.952484866819619e-14,1.0000000000033789
0.009427601406942173,58.387390994110234,0.013669982536636108,0.004929088374642159,1.1077027245691484e-13,4.403581273891154e-7,2.9526501027670205e-14,1.0000000000033928
0.009435714661165015,58.38733049622965,0.013668932226209329,0.004936198947964651,1.1111427951423445e-13,4.4004564751020194e-7,2.952815946177134e-14,1.0000000000034068
0.009443827915387856,58.38727001290354,0.013667882168464375,0.004943265496279207,1.1128628304289426e-13,4.396539223392381e-7,2.952982397490765e-14,1.0000000000034208
0.009451941169610697,58.38720954333538,0.01366683234957268,0.004950288021822797,1.1128628304289426e-13,4.3961463963562903e-7,2.9531494571354823e-14,1.0000000000034346
0.009460054423833538,58.38714908916975,0.013665782798086095,0.004957266524896294,1.1163029010021387e-13,4.3894767355043057e-7,2.953317125515331e-14,1.0000000000034484
0.00946816767805638,58.38708865108488,0.013664733525779276,0.00496420100561873,1.1197429715753348e-13,4.3898588452667025e-7,2.953485403002869e-14,1.000000000003462
0.009476280932279221,58.387028226465446,0.013663684487247432,0.004971091476045058,1.1214630068619329e-13,4.3834453346752256e-7,2.953654289992548e-14,1.0000000000034754
0.009484394186502062,58.38696782323635,0.013662635820075568,0.004977937924338152,1.1214630068619329e-13,4.3833130529850124e-7,2.9538237863411115e-14,1.000000000003489
0.009492507440724903,58.38690743784279,0.013661587462548481,0.004984740347369491,1.126623112721727e-13,4.3729239847237395e-7,2.953993892370987e-14,1.0000000000035023
0.009500620694947745,58.38684707120852,0.013660539430703594,0.004991498741684915,1.126623112721727e-13,4.3714417012139374e-7,2.954164608533361e-14,1.0000000000035156
0.009508733949170586,58.386786724022706,0.013659491736505406,0.0049982131028039395,1.1317832185815212e-13,4.3628213801806103e-7,2.954335930338451e-14,1.0000000000035287
0.009516847203393427,58.38672639697822,0.013658444391983063,0.005004883425111667,1.1352232891547173e-13,4.3582977470764937e-7,2.954507846432144e-14,1.0000000000035418
0.009524960457616269,58.386666090783386,0.013657397409433886,0.005011509701915627,1.1369433244413154e-13,4.3564432326574014e-7,2.954680357122129e-14,1.000000000003555
0.00953307371183911,58.38660580614843,0.013656350801188138,0.00501809192553345,1.1369433244413154e-13,4.346962290911196e-7,2.954853462708072e-14,1.0000000000035678
0.009541186966061951,58.386545543775334,0.013655304579432983,0.005024630087378331,1.1403833950145115e-13,4.339907865417731e-7,2.955017501759059e-14,1.0000000000035807
0.009549300220284792,58.38648530357534,0.013654258742627552,0.0050311241832078505,1.1472635361609037e-13,4.3366466809379865e-7,2.955182152390569e-14,1.0000000000035933
0.009557413474507634,58.38642508805651,0.01365321333431455,0.0050375741943125925,1.1472635361609037e-13,4.325934253219556e-7,2.955347414955399e-14,1.000000000003606
0.009565526728730475,58.386364896769166,0.01365216834668701,0.00504398011105057,1.1489835714475018e-13,4.320502044130809e-7,2.95551328978388e-14,1.0000000000036187
0.009573639982953316,58.38630473042271,0.013651123792061005,0.00505034192260634,1.1507036067340998e-13,4.3093406500816856e-7,2.955679777197077e-14,1.000000000003631
0.009581753237176157,58.386244589667925,0.013650079681734905,0.005056659617474248,1.155863712593894e-13,4.304476433243936e-7,2.955846877568546e-14,1.0000000000036435
0.009589866491398999,58.38618447514929,0.013649036026897538,0.005062933183682242,1.157583747880492e-13,4.297788512307209e-7,2.9560145917408795e-14,1.0000000000036557
0.00959797974562184,58.38612439134955,0.013647992905374181,0.005069162578545575,1.15930378316709e-13,2.2185066894664374e-7,2.956182907894374e-14,1.000000000003668
0.009606092999844681,58.386064323638095,0.013646950063161474,0.005075347821954723,1.1627438537402862e-13,2.2068050864465505e-7,2.95635182350067e-14,1.000000000003677
0.009614206254067522,58.38600429125039,0.01364590783420821,0.005081488904388837,1.1644638890268843e-13,2.1969125718612759e-7,2.956521335883782e-14,1.0000000000036862
0.009622319508290364,58.385944292905734,0.013644866196280199,0.005087585764230137,1.1661839243134823e-13,2.1839821617852806e-7,2.95669144530503e-14,1.0000000000036953
0.009630432762513205,58.3858843192282,0.013643824986600736,0.005093638475975572,1.1713440301732765e-13,2.1752035761490873e-7,2.956862152015096e-14,1.0000000000037046
0.009638546016736046,58.38582437492156,0.01364278428683277,0.00509964700001797,1.1713440301732765e-13,2.165010088983621e-7,2.957033456258107e-14,1.000000000003714
0.009646659270958887,58.38576446140308,0.013641744121581307,0.0051056113097124965,1.1713440301732765e-13,2.1528765969947017e-7,2.9572053583522876e-14,1.0000000000037232
0.009654772525181729,58.38570457932551,0.013640704502179137,0.005111531383932453,1.1730640654598746e-13,2.142235715485441e-7,2.957377858504496e-14,1.0000000000037326
0.00966288577940457,58.38564472930983,0.013639665439406893,0.0051174072038541315,1.1747841007464726e-13,2.1333212785190625e-7,2.957550956357495e-14,1.000000000003742
0.009670999033627411,58.38558491198495,0.013638626944183252,0.005123238751677973,1.1799442066062668e-13,2.122394383574644e-7,2.9577246526511954e-14,1.0000000000037512
0.009679112287850252,58.38552512798614,0.013637589027537289,0.005129026010061283,1.1816642418928648e-13,2.10571103220758e-7,2.9578989353298416e-14,1.0000000000037605
0.009687225542073094,58.38546537839501,0.013636551708246824,0.00513476885397899,1.1816642418928648e-13,2.0944350542784207e-7,2.95807380457402e-14,1.0000000000037699
0.009695338796295935,58.385405659783274,0.013635514926793048,0.005140467208018861,1.186824347752659e-13,2.084746590913511e-7,2.9582492605488526e-14,1.0000000000037792
0.009703452050518776,58.38534597679881,0.013634478763868326,0.005146121127336976,1.188544383039257e-13,2.0701418856905462e-7,2.9584253036839845e-14,1.0000000000037885
0.009711565304741617,58.385286333100446,0.013633443282993948,0.005151730628468452,1.190264418325855e-13,2.0600267292003593e-7,2.958601928311729e-14,1.0000000000037979
0.009719678558964459,58.385226725627334,0.013632408431030198,0.005157295715722133,1.190264418325855e-13,2.0459160288144318e-7,2.9587692215881287e-14,1.0000000000038072
0.0097277918131873,58.3851671268466,0.013631373729975855,0.005162816377598617,1.1954245241856493e-13,2.0305633452455396e-7,2.958937116027111e-14,1.0000000000038165
0.009735905067410141,58.38510762165685,0.013630340653764858,0.005168292608977799,1.1971445594722473e-13,2.016153726192016e-7,2.959105611854427e-14,1.0000000000038258
0.009744018321632983,58.3850481260603,0.013629307744102488,0.005173724396685719,1.1971445594722473e-13,2.003224863766917e-7,2.959274709252843e-14,1.0000000000038352
0.009752131575855824,58.38498866859982,0.013628275496524704,0.005179111722533908,1.2023046653320415e-13,1.9906257553437e-7,2.9594444086469263e-14,1.0000000000038445
0.009760244830078665,58.38492925151721,0.013627243949951606,0.005184454565291088,1.2057447359052376e-13,1.9753591939952742e-7,2.959614697886164e-14,1.0000000000038538
0.009768358084301506,58.38486987514627,0.013626213110178434,0.005189752901144156,1.2074647711918357e-13,1.9641048409901884e-7,2.959785577149122e-14,1.0000000000038631
0.009776471338524348,58.384810539798295,0.013625182982609386,0.005195006703994864,1.2109048417650318e-13,1.948747092583858e-7,2.959957046023658e-14,1.0000000000038722
0.009784584592747189,58.384751245902535,0.013624153574696892,0.005200215945695308,1.214344912338228e-13,1.9283734264963215e-7,2.960129104626786e-14,1.0000000000038813
0.00979269784697003,58.38469199397503,0.013623124895399965,0.005205380596219105,1.217784982911424e-13,1.9154038555235786e-7,2.9603017530382174e-14,1.0000000000038904
0.009800811101192871,58.384632784579544,0.013622096954506077,0.00521050062377072,1.22122505348462e-13,1.9030193720848132e-7,2.960474991358513e-14,1.0000000000038995
0.009808924355415713,58.38457360772779,0.013621069578607526,0.005215575995223273,1.22122505348462e-13,1.8848529681481097e-7,2.9606488198204497e-14,1.0000000000039087
0.009817037609638554,58.38451448746949,0.013620043185234269,0.005220606675201708,1.2281051946310123e-13,1.876135276024371e-7,2.9608232325730496e-14,1.0000000000039175
0.009825150863861395,58.38445540921801,0.013619017521146163,0.005225592626817325,1.2298252299176104e-13,1.8540574009406896e-7,2.960998229670414e-14,1.0000000000039264
0.009833264118084236,58.384396375691296,0.013617992633529537,0.005230533811922044,1.2315452652042084e-13,1.837272258775613e-7,2.961173805396315e-14,1.0000000000039353
0.009841377372307078,58.384337387639206,0.01361696853540299,0.005235430191032067,1.2367053710640026e-13,1.8232993093114658e-7,2.961349952813249e-14,1.0000000000039442
0.009849490626529919,58.38427844567658,0.013615945237440698,0.005240281723419048,1.2418654769237968e-13,1.8024769943281171e-7,2.961526671935733e-14,1.0000000000039528
0.00985760388075276,58.38421954931379,0.013614922731142301,0.005245088343967923,1.2418654769237968e-13,1.7873849711413925e-7,2.961703962633273e-14,1.0000000000039615
0.009865717134975601,58.38416070220249,0.013613901079904494,0.005249850021699527,1.2435855122103948e-13,1.7706571564524154e-7,2.961881825063546e-14,1.0000000000039702
0.009873830389198443,58.38410190151357,0.01361288023461064,0.005254566718805751,1.250465653356787e-13,1.754767187112094e-7,2.962060259255798e-14,1.0000000000039786
0.009881943643421284,58.38404314996297,0.013611860242412777,0.005259238392116569,1.252185688643385e-13,1.7387553885583884e-7,2.9622392651593203e-14,1.000000000003987
0.009890056897644125,58.38398444765162,0.013610841105062957,0.0052638649964651596,1.2573457945031793e-13,1.71811748161943e-7,2.962418842417626e-14,1.0000000000039952
0.009898170151866966,58.38392579503645,0.013609822830493971,0.0052684464856742235,1.2607858650763754e-13,1.7011583097747973e-7,2.962588862452523e-14,1.0000000000040035
0.009906283406089808,58.38386719268051,0.01360880542848121,0.005272982812932082,1.2607858650763754e-13,1.6851294115660664e-7,2.9627594774112627e-14,1.0000000000040117
0.009914396660312649,58.38380861125213,0.013607788389793991,0.0052774739162428025,1.2676660062227676e-13,1.667376039460322e-7,2.962930675006469e-14,1.0000000000040197
0.00992250991453549,58.38375013542956,0.013606773184541043,0.005281919758836002,1.2676660062227676e-13,1.645613776357635e-7,2.963102448381787e-14,1.0000000000040277
0.009930623168758331,58.3836916843446,0.013605758408760476,0.005286320297487722,1.2728261120825618e-13,1.6306542982569283e-7,2.963274797568247e-14,1.0000000000040354
0.009938736422981173,58.38363328896704,0.013604744600122325,0.005290675482369929,1.2745461473691598e-13,3.476253420985943e-7,2.963447722502001e-14,1.0000000000040432
0.009946849677204014,58.383574941472844,0.01360373162279253,0.005294985266333521,1.277986217942356e-13,3.4476041237973295e-7,2.963621222817015e-14,1.0000000000040168
0.009954962931426855,58.383516651062884,0.0136027196365085,0.005299249599654628,1.277986217942356e-13,3.419123946172176e-7,2.9637952981087776e-14,1.0000000000039904
0.009963076185649697,58.38345841514938,0.013601708596343454,0.0053034684333875814,1.281426288515552e-13,3.389187545962014e-7,2.963969948350166e-14,1.0000000000039642
0.009971189439872538,58.38340023413502,0.013600698509288592,0.00530764171856441,1.28314632380215e-13,3.362022187393442e-7,2.9641451733906574e-14,1.000000000003938
0.009979302694095379,58.38334210851049,0.013599689383862778,0.00531176940621585,1.2865863943753462e-13,3.334368011663209e-7,2.964320973066027e-14,1.000000000003912
0.00998741594831822,58.38328403879542,0.013598681229087313,0.005315851447396606,1.2917465002351404e-13,3.302824484534522e-7,2.964497347541188e-14,1.000000000003886
0.009995529202541062,58.383226025528785,0.013597674054319282,0.005319887793204399,1.2934665355217385e-13,3.2733939280671755e-7,2.9646742837206345e-14,1.0000000000038602
0.01,58.383073599444614,0.013595027768135766,0.005322239155587672,1.2969066060949346e-13,8.93346896457814e-8,2.964772093430268e-14,1.000000000003846
