time,rise_velocity,centroid_y,gas_area,phi_min,phi_max,divergence_linf,kinetic_energy,steps,substeps,poisson_solves,poisson_residual
0.0,0.0,0.004999999999999944,4.92450912986553e-6,2.5701663020072374e-14,1.0,0.0,0.0,0,0,0,0.0
6.0849406671313045e-5,0.0005278237631091322,0.0050006166949558995,4.92450912986553e-6,2.5873123558857357e-14,1.0000725823491838,1.017802131464407e-6,7.786948434769679e-10,1,8,1,0.27863687101779133
0.00012169881334262609,0.001055433598206171,0.005000662810039076,4.92450912986553e-6,2.5868153055440093e-14,1.0000726193919571,1.4318624081549602e-6,3.1127617557730875e-9,2,16,2,0.36136965351101547
0.00018254822001393913,0.001582856086841419,0.005000741011910459,4.92450912986553e-6,2.5834371652936774e-14,1.000072603381776,1.5755088081381707e-6,6.999812054532988e-9,3,24,3,0.33632233775667975
0.00024339762668525218,0.0021101067131843476,0.005000851301139624,4.92450912986553e-6,2.5786783518365545e-14,1.0000725771815224,1.401888039716248e-6,1.2437486062346474e-8,4,32,4,0.2941607203094898
0.00030424703335656523,0.0026371839775378423,0.005000993668855286,4.92450912986553e-6,2.5725832687124882e-14,1.0000725418428862,1.6079753041853273e-6,1.942347294083118e-8,5,40,5,0.334211001590424
0.00036509644002787826,0.0031640858424766675,0.005001168105904988,4.92450912986553e-6,2.5652013697660652e-14,1.0000724975538169,1.5037383414850947e-6,2.795549186868943e-8,6,48,6,0.32554849539298986
0.0004259458466991913,0.003690810103202812,0.005001374603320641,4.92450912986553e-6,2.5565920211170013e-14,1.0000724444689029,1.3834439593907177e-6,3.8031283354201656e-8,7,56,7,0.3260143606969458
0.0004867952533705043,0.004217354382351283,0.005001613152312351,4.92450912986553e-6,2.5468552135574408e-14,1.0000723827395313,1.2468144600097375e-6,4.964860255335479e-8,8,64,8,0.26666047661748954
0.0005476446600418173,0.004743716115098097,0.005001883744247115,4.92450912986553e-6,2.536092554632593e-14,1.0000723125277557,1.4985071972173358e-6,6.280521360837209e-8,9,72,9,0.31904490783025913
0.0006084940667131304,0.005269892548534906,0.005002186370626315,4.92450912986553e-6,2.524448378245745e-14,1.0000722340127193,1.2618425521693233e-6,7.74988847568981e-8,10,80,10,0.27806978895163065
0.0006693434733844434,0.005795880719827634,0.005002521023058956,4.92450912986553e-6,2.5120668441879964e-14,1.0000721473865761,1.4547122275943014e-6,9.3727383992043e-8,11,88,11,0.3189980670701004
0.0007301928800557564,0.006321677456854977,0.005002887693242833,4.92450912986553e-6,2.4991106883229188e-14,1.0000720528505467,1.637804315585134e-6,1.1148847517357189e-7,12,96,12,0.3596051387920614
0.0007910422867270694,0.006847279360732274,0.005003286372936154,4.92450912986553e-6,2.4857660447701838e-14,1.0000719506140365,1.6808809524260226e-6,1.3077991448844133e-7,13,104,13,0.30342156374058293
0.0008518916933983825,0.007372682788001187,0.005003717053941396,4.92450912986553e-6,2.472212102794354e-14,1.000071840886737,1.840761305160754e-6,1.5159944725445543e-7,14,112,14,0.3345548988067597
0.0009127411000696955,0.007897883869036426,0.0050041797280808735,4.924509129865528e-6,2.458739325357812e-14,1.0000717238774786,1.9993775239868228e-6,1.7394480501240942e-7,15,120,15,0.36520272250515223
0.0009735905067410085,0.008422878503329855,0.005004674387162076,4.924509129865528e-6,2.445601459612927e-14,1.0000715998022784,1.569342538587648e-6,1.9781370294287844e-7,16,128,16,0.3194398965837018
0.0010344399134123215,0.008947662318972439,0.005005201022954173,4.92450912986553e-6,2.433037947661767e-14,1.0000714688803927,1.6854940525501405e-6,2.2320383764094976e-7,17,136,17,0.343661879704062
0.0010952893200836347,0.00947223069941823,0.005005759627134234,4.92450912986553e-6,2.4213638255495143e-14,1.0000713313440792,1.4534119423537106e-6,2.5011288501472534e-7,18,144,18,0.2903779374793802
0.0011561387267549478,0.009996578787534733,0.005006350191271877,4.92450912986553e-6,2.4109223131227427e-14,1.0000711874281818,1.5466552887311025e-6,2.7853849845163035e-7,19,152,19,0.30910016499814874
0.001216988133426261,0.01052070148647109,0.005006972706801964,4.92450912986553e-6,2.402043791697316e-14,1.0000710373691404,1.6416732311341775e-6,3.084783073728275e-7,20,160,20,0.3275344129459669
0.001277837540097574,0.011044593445288983,0.005007627165025707,4.92450912986553e-6,2.395156069834829e-14,1.0000708813920285,1.745690482390927e-6,3.399299162469689e-7,21,168,21,0.3453989798374911
0.0013386869467688872,0.011568249075577793,0.005008313557062982,4.92450912986553e-6,2.39070539042948e-14,1.000070719721039,1.8469081779493024e-6,3.7289090378716576e-7,22,176,22,0.3628348407655119
0.0013995363534402003,0.012091662548993338,0.005009031873800572,4.924509129865528e-6,2.389071174178224e-14,1.0000705525845495,1.7849588023199914e-6,4.0735882242627455e-7,23,184,23,0.33700002548479263
0.0014603857601115135,0.012614827807618087,0.005009782105896426,4.92450912986553e-6,2.3908871570321315e-14,1.0000703802045425,1.8573035953650674e-6,4.4333119828634244e-7,24,192,24,0.35214577856105467
0.0015212351667828266,0.013137738544140264,0.005010564243693373,4.92450912986553e-6,2.3966670883033588e-14,1.000070202810863,1.922906346152331e-6,4.808055315779349e-7,25,200,25,0.3670223685179388
0.0015820845734541397,0.013660388226859178,0.005011378277215976,4.924509129865528e-6,2.4069948889973725e-14,1.000070020631264,1.5332430605141667e-6,5.197792973799013e-7,26,208,26,0.309239616027554
0.0016429339801254529,0.014182770112573751,0.00501222419625514,4.92450912986553e-6,2.4225899517413954e-14,1.0000698338687906,1.5899517205042457e-6,5.602499468394193e-7,27,216,27,0.320900922846402
0.001703783386796766,0.014704877236099282,0.00501310199085073,4.92450912986553e-6,2.4442128699225165e-14,1.0000696426134272,1.6388932548849766e-6,6.022149087964527e-7,28,224,28,0.3323849442901067
0.0017646327934680791,0.015226702421155053,0.005014011650643214,4.924509129865528e-6,2.4725871105635213e-14,1.0000694469777314,1.6842086223434194e-6,6.456715921655404e-7,29,232,29,0.34372164465167937
0.0018254822001393923,0.015748238284600525,0.005014953164622,4.92450912986553e-6,2.5084020507089614e-14,1.0000692471298702,1.7298271375310037e-6,6.906173880957486e-7,30,240,30,0.3547214431698725
0.0018863316068107054,0.016269477244997912,0.00501592652147883,4.92450912986553e-6,2.5527557316710504e-14,1.0000690432204662,1.7693789882144983e-6,7.370496724938921e-7,31,248,31,0.36560525282791306
0.0019471810134820185,0.016790411535964982,0.005016931711081262,4.92450912986553e-6,2.6064655535538426e-14,1.0000688351764366,1.4420752609822785e-6,7.849658095506661e-7,32,256,32,0.29359375100644763
0.0020080304201533315,0.017311033189566127,0.005017968721759538,4.92450912986553e-6,2.670363616770597e-14,1.000068623112359,1.4793862597173302e-6,8.34363155307005e-7,33,264,33,0.30210008176281833
0.0020688798268246444,0.017831334066114417,0.005019037541057911,4.92450912986553e-6,2.7453581234555908e-14,1.00006840718711,1.5171422722559669e-6,8.852390608937472e-7,34,272,34,0.3104578026326081
0.0021297292334959573,0.01835130584263769,0.0050201381559161155,4.92450912986553e-6,2.8327653644273724e-14,1.0000681875698032,1.545626668431055e-6,9.375908753942534e-7,35,280,35,0.31866939205333494
0.00219057864016727,0.018870940015727394,0.00502127055268878,4.92450912986553e-6,2.862480418313145e-14,1.0000679644323027,1.578377418098853e-6,9.914159475946754e-7,36,288,36,0.3265627429131444
0.002251428046838583,0.01939022790356173,0.005022434717267479,4.92450912986553e-6,2.7870137211912642e-14,1.000067737932476,1.6008988952265213e-6,1.046711627382073e-6,37,296,37,0.3343837282234417
0.002312277453509896,0.019909160652499806,0.005023630635003708,4.92450912986553e-6,2.7218919871575977e-14,1.0000675082210697,1.6215401261732154e-6,1.1034752671892723e-6,38,304,38,0.3420530951644535
0.002373126860181209,0.02042772922848412,0.005024858290521203,4.92450912986553e-6,2.6675448664079568e-14,1.0000672754576223,1.632775521898111e-6,1.161704223568699e-6,39,312,39,0.34937504067298103
0.002433976266852522,0.02094592439395479,0.005026117667980954,4.92450912986553e-6,2.6247470787912846e-14,1.0000670397826275,1.6401817388711493e-6,1.2213958581652054e-6,40,320,40,0.35633563990182027
0.002494825673523835,0.02146373670459342,0.005027408750813383,4.92450912986553e-6,2.5941283007645066e-14,1.0000668013402256,1.6440243975068825e-6,1.2825475373019556e-6,41,328,41,0.36310797617304885
0.0025556750801951477,0.021981156512659143,0.005028731521694391,4.92450912986553e-6,2.5766744699135654e-14,1.0000665602768124,1.634517195370222e-6,1.345156630389229e-6,42,336,42,0.36944368045988946
0.0026165244868664606,0.022498173966892417,0.005030085962770948,4.92450912986553e-6,2.5737117177012282e-14,1.000066316721456,1.3319735145955747e-6,1.4092205083853808e-6,43,344,43,0.28068048128905043
0.0026773738935377735,0.02301477902673341,0.005031472055373301,4.92450912986553e-6,2.5864396066082456e-14,1.0000660708066456,1.3594659842297574e-6,1.474736541345602e-6,44,352,44,0.2853416636335412
0.0027382233002090865,0.023530961452895457,0.005032889780062381,4.92450912986553e-6,2.6166646698252586e-14,1.0000658226627832,1.3804327680944084e-6,1.5417020942924284e-6,45,360,45,0.2897717400637768
0.0027990727068803994,0.024046710777836332,0.005034339116745841,4.92450912986553e-6,2.6658304701697256e-14,1.0000655724086576,1.4011539928304728e-6,1.6101145253453767e-6,46,368,46,0.29388133497320607
0.0028599221135517123,0.02456201626208324,0.005035820044419905,4.92450912986553e-6,2.7355875913162858e-14,1.0000653201672771,1.421125183753702e-6,1.6799711835853906e-6,47,376,47,0.2976794434830801
0.002920771520223025,0.025076866890664642,0.005037332541355938,4.92450912986553e-6,2.827808443227845e-14,1.0000650660521286,1.4267526049493995e-6,1.751269405138826e-6,48,384,48,0.3009512651767854
0.002981620926894338,0.02559125134187928,0.005038876584937085,4.92450912986553e-6,2.944164080853061e-14,1.0000648101759855,1.4322612758022046e-6,1.824006506701634e-6,49,392,49,0.303922569615433
0.003042470333565651,0.026105158045559594,0.005040452152055671,4.92450912986553e-6,3.0371350688149827e-14,1.0000645526279783,1.4200478783976678e-6,1.8981797797036478e-6,50,400,50,0.30640872244215045
0.003103319740236964,0.0266185751904154,0.005042059218928081,4.92450912986553e-6,2.922664326987233e-14,1.000064293485075,1.410382754585271e-6,1.973786484319479e-6,51,408,51,0.3082901673591683
0.003164169146908277,0.027131490712158136,0.00504369776032891,4.924509129865531e-6,2.8316559412281694e-14,1.0000640328495762,1.3931163991287576e-6,2.050823842563201e-6,52,416,52,0.3099612613514152
0.00322501855357959,0.027643892326692416,0.005045367749939434,4.924509129865528e-6,2.7646069500304603e-14,1.0000637708281033,1.3671892400424213e-6,2.1292890331920054e-6,53,424,53,0.31109101133279754
0.0032858679602509027,0.028155767512823598,0.005047069160462461,4.92450912986553e-6,2.7221661516046624e-14,1.0000635075243842,1.387766444121974e-6,2.209179188732936e-6,54,432,54,0.31184735878707714
0.0033467173669222156,0.02866710347089951,0.005048801963603719,4.92450912986553e-6,2.7057163207636634e-14,1.0000632430393437,1.4254215856268626e-6,2.290491392389116e-6,55,440,55,0.31221159826860345
0.0034075667735935285,0.02917788710934074,0.005050566130046717,4.924509129865531e-6,2.7173534522210016e-14,1.0000629774711376,1.4537781964363283e-6,2.3732226730859747e-6,56,448,56,0.3121783308868926
0.0034684161802648415,0.029688105077299593,0.005052361629437182,4.92450912986553e-6,2.7595406870149627e-14,1.0000627109151758,1.478469754262468e-6,2.457369998496732e-6,57,456,57,0.31200099011551286
0.0035292655869361544,0.03019774378751097,0.0050541884303612035,4.924509129865531e-6,2.8349083620064868e-14,1.0000624434641878,1.4949737996150514e-6,2.5429302674004734e-6,58,464,58,0.31163184549106454
0.0035901149936074673,0.030706789382440116,0.0050560465003320456,4.924509129865528e-6,2.946129833114542e-14,1.000062175208287,1.5059077318468894e-6,2.629900303160544e-6,59,472,59,0.31111511534362335
0.00365096440027878,0.031215227689627707,0.005057935805770561,4.92450912986553e-6,3.0959899438815554e-14,1.000061906234938,1.5092932154070482e-6,2.718276849263062e-6,60,480,60,0.31070497116274715
0.003711813806950093,0.031723044264300934,0.005059856311989148,4.92450912986553e-6,3.1467074112309276e-14,1.0000616366289237,1.4999791873859802e-6,2.8080565639936958e-6,61,488,61,0.31041489609584755
0.003772663213621406,0.03223022443276304,0.005061807983175427,4.92450912986553e-6,3.0098019216913805e-14,1.0000613664724356,1.4995102978754282e-6,2.8992360141615416e-6,62,496,62,0.3102270402348853
0.003833512620292719,0.03273675328365206,0.005063790782373742,4.92450912986553e-6,2.911067773640978e-14,1.0000610958452805,1.4821016740551585e-6,2.991811668966162e-6,63,504,63,0.31052988488970557
0.003894362026964032,0.03324261559476104,0.005065804671474606,4.924509129865531e-6,2.850588831139206e-14,1.000060824824993,1.4681663371152176e-6,3.085779892045716e-6,64,512,64,0.31125528954995046
0.003955211433635345,0.03374779584388668,0.005067849611195877,4.92450912986553e-6,2.8296294989850204e-14,1.000060553486708,1.4414130500295386e-6,3.18113693664905e-6,65,520,65,0.31265259662584016
0.004016060840306658,0.0342522782091779,0.005069925561078979,4.92450912986553e-6,2.851191851063929e-14,1.0000602819029676,1.4083795276120803e-6,3.2778789424529115e-6,66,528,66,0.31470426821165687
0.004076910246977971,0.03475604660436296,0.0050720324794772806,4.92450912986553e-6,2.9194173699794167e-14,1.0000600101437103,1.382226615165294e-6,3.3760019286450763e-6,67,536,67,0.3174641771640569
0.0041377596536492835,0.03525908469705566,0.005074170323539116,4.92450912986553e-6,3.0381529492108764e-14,1.0000597382765566,1.345706488575793e-6,3.4755017893405357e-6,68,544,68,0.3211943869559106
0.0041986090603205965,0.0357613759840713,0.005076339050426685,4.924509129865528e-6,3.211418467864026e-14,1.0000594663338285,1.354072909354187e-6,3.5763742929431255e-6,69,552,69,0.3258332700992159
0.004259458466991909,0.03626290374015502,0.005078538616094268,4.92450912986553e-6,3.294836507314464e-14,1.0000591943470114,1.390557735625464e-6,3.6786150840800856e-6,70,560,70,0.3316922479743457
0.004320307873663222,0.03676365089400893,0.00508076897454588,4.92450912986553e-6,3.1302007395118454e-14,1.0000589223659404,1.4306558826504556e-6,3.7822196869280068e-6,71,568,71,0.3385529111550104
0.004381157280334535,0.037263600163733264,0.005083030078003866,4.92450912986553e-6,3.0196411887063614e-14,1.0000586504524398,1.4922482574064588e-6,3.887183497979839e-6,72,576,72,0.3466147442792116
0.004442006687005848,0.03776273421883811,0.005085321877419688,4.92450912986553e-6,2.962828284086701e-14,1.0000583786665957,1.5819811451933674e-6,3.993501777466745e-6,73,584,73,0.3559047923525702
0.004502856093677161,0.038261035571370054,0.005087644322481948,4.92450912986553e-6,2.962269931164168e-14,1.000058107066816,1.6679306149569584e-6,4.10116965615759e-6,74,592,74,0.36641112240497503
0.004563705500348474,0.03875848661892524,0.005089997361609452,4.92450912986553e-6,3.0234350157157305e-14,1.000057835709819,1.2744719501966983e-6,4.2101821405821725e-6,75,600,75,0.3025367477528929
0.004624554907019787,0.03925506972848092,0.005092380941958005,4.92450912986553e-6,3.152359613655308e-14,1.0000575646505467,1.3156046261286747e-6,4.32053410634711e-6,76,608,76,0.3110114540125351
0.0046854043136911,0.039750767246705454,0.005094795009425517,4.924509129865528e-6,3.354393620472197e-14,1.000057293942471,1.3532202913779656e-6,4.432220299451016e-6,77,616,77,0.3200697885938363
0.004746253720362413,0.0402455615530658,0.0050972395086644065,4.92450912986553e-6,3.436934199942681e-14,1.0000570236372543,1.3735693915606362e-6,4.545235335960013e-6,78,624,78,0.32965719646893765
0.004807103127033726,0.04073943496652046,0.005099714383095546,4.92450912986553e-6,3.249903627254995e-14,1.000056753784891,1.3891026995338507e-6,4.659573701452193e-6,79,632,79,0.33970264091078145
0.0048679525337050385,0.04123236971830564,0.005102219574910408,4.92450912986553e-6,3.1341706195619037e-14,1.000056484433698,1.4010204996139919e-6,4.775229728332586e-6,80,640,80,0.3503303570215058
0.0049288019403763515,0.04172434795798683,0.005104755025074438,4.92450912986553e-6,3.089959672599261e-14,1.0000562156303294,1.4809872883603248e-6,4.892197589595299e-6,81,648,81,0.3617051873251095
0.004989651347047664,0.042215351735882534,0.005107320673324902,4.92450912986553e-6,3.122238491527711e-14,1.000055947419851,1.5666223873722629e-6,5.010471297836256e-6,82,656,82,0.3739717931767816
0.005050500753718977,0.04270536312632936,0.005109916459129338,4.92450912986553e-6,3.2397758770717615e-14,1.0000556798278017,1.4497378408862005e-6,5.130044702042327e-6,83,664,83,0.28521479918307974
0.00511135016039029,0.0431943641898918,0.005112542321729698,4.92450912986553e-6,3.450814601871196e-14,1.0000554128601928,1.4843179130252793e-6,5.250911490734862e-6,84,672,84,0.2950053052011219
0.005172199567061603,0.04368233704191885,0.005115198197466076,4.92450912986553e-6,3.660281808366914e-14,1.000055146553768,1.510362279688593e-6,5.373065183889628e-6,85,680,85,0.30592345028678725
0.005233048973732916,0.04416926383723642,0.0051178840210880545,4.92450912986553e-6,3.42907483441288e-14,1.0000548809511993,1.5349279181009479e-6,5.496499140332706e-6,86,688,86,0.31778247233310125
0.005293898380404229,0.0446551267340345,0.005120599726153152,4.92450912986553e-6,3.289534240420703e-14,1.0000546160937265,1.5786001394957339e-6,5.62120656558961e-6,87,696,87,0.33017580856231155
0.005354747787075542,0.04513990801195537,0.005123345245038445,4.92450912986553e-6,3.2406030634936396e-14,1.0000543520212097,1.6716353190560085e-6,5.747180509489039e-6,88,704,88,0.34217557161808837
0.005415597193746855,0.04562359023665744,0.005126120508962208,4.92450912986553e-6,3.289744833948667e-14,1.0000540887721885,1.73725331897856e-6,5.874413882663212e-6,89,712,89,0.35120420714276823
0.005476446600418168,0.04610615615845152,0.005128925447980861,4.92450912986553e-6,3.450021186037954e-14,1.0000538263839598,1.728382725829647e-6,6.0028994682995735e-6,90,720,90,0.3474432519295864
0.005537296007089481,0.04658758877912563,0.00513175999105447,4.924509129865528e-6,3.731688702836147e-14,1.000053564892731,1.6521194652341364e-6,6.132629920914423e-6,91,728,91,0.35353579304271204
0.0055981454137607935,0.04706787135319904,0.005134624066000479,4.92450912986553e-6,3.76065936663844e-14,1.0000533043338662,1.4667366876608412e-6,6.263597771016798e-6,92,736,92,0.33877670337784077
0.0056589948204321065,0.04754698737693651,0.005137517599548599,4.92450912986553e-6,3.539015660129126e-14,1.0000530447419325,1.688383033382479e-6,6.395795426605797e-6,93,744,93,0.3517787599342209
0.005719844227103419,0.048024920812689186,0.00514044051735278,4.92450912986553e-6,3.4295618891636364e-14,1.0000527861503221,1.4914512860286777e-6,6.529215171030648e-6,94,752,94,0.33685499068315594
0.005780693633774732,0.04850165588649673,0.005143392744079904,4.92450912986553e-6,3.436098515339094e-14,1.0000525285916118,1.6159739644194815e-6,6.663849161315867e-6,95,760,95,0.36108840167078726
0.005841543040446045,0.048977177060214976,0.005146374206004487,4.92450912986553e-6,3.5753333382935416e-14,1.0000522720590683,1.3787193964276412e-6,6.799689431258016e-6,96,768,96,0.29227672795721354
0.005902392447117358,0.0494514691163831,0.005149384829632723,4.92450912986553e-6,3.862576065982025e-14,1.0000520165276598,1.4729901991472616e-6,6.9367278851328735e-6,97,776,97,0.30328405218078136
0.005963241853788671,0.049924516952596774,0.005152424537284233,4.92450912986553e-6,4.0718464078352695e-14,1.0000517620185045,1.5483787727532672e-6,7.0749562953817006e-6,98,784,98,0.3134804797524731
0.006024091260459984,0.05039630575248209,0.005155493250389793,4.92450912986553e-6,3.792862072600174e-14,1.0000515085508184,1.6073655224602135e-6,7.21436630093324e-6,99,792,99,0.32292758969438917
0.006084940667131297,0.050866821096601005,0.005158590888695276,4.92450912986553e-6,3.6515947463816925e-14,1.0000512561530843,1.6496591861425713e-6,7.354949431993726e-6,100,800,100,0.33161098142179624
0.00614579007380261,0.05133604889354211,0.005161717370986827,4.92450912986553e-6,3.6500549716813315e-14,1.0000510048542621,1.6743449080536266e-6,7.49669711384461e-6,101,808,101,0.3395763820196387
0.006206639480473923,0.051803975365041624,0.005164872615038829,4.92450912986553e-6,3.81039534900447e-14,1.000050754683846,1.6758495711144406e-6,7.639600690726321e-6,102,816,102,0.3466927049805106
0.006267488887145236,0.05227058716566001,0.005168056537755454,4.92450912986553e-6,4.1534716446026516e-14,1.0000505056707318,1.678318639619647e-6,7.783651432433675e-6,103,824,103,0.3530888256366069
0.0063283382938165485,0.05273587127630659,0.0051712690553321625,4.92450912986553e-6,4.340176193286894e-14,1.0000502578432278,1.669071991727833e-6,7.928840542092029e-6,104,832,104,0.3586449692277535
0.0063891877004878615,0.05319981507609876,0.005174510083075333,4.92450912986553e-6,4.042468050807494e-14,1.000050011229086,1.6586771920401588e-6,8.075159172021205e-6,105,840,105,0.3637857146565191
0.006450037107159174,0.05366240643265406,0.005177779535510173,4.92450912986553e-6,3.908612077799395e-14,1.0000497658554592,1.6426732827312662e-6,8.222598410326108e-6,106,848,106,0.36835503077260884
0.006510886513830487,0.05412363356695332,0.005181077326419495,4.92450912986553e-6,3.9447667120344135e-14,1.0000495217487766,1.6466938923542784e-6,8.37114929824105e-6,107,856,107,0.37254460606589823
0.0065717359205018,0.05458348517400482,0.005184403368953023,4.92450912986553e-6,4.1849408527469496e-14,1.0000492789345978,1.3145637893785533e-6,8.520802834453436e-6,108,864,108,0.2853636693693717
0.006632585327173113,0.05504195066448318,0.005187757578162128,4.92450912986553e-6,4.650184456766012e-14,1.0000490374080022,1.3661488367233687e-6,8.671549975679053e-6,109,872,109,0.2909266583154855
0.006693434733844426,0.055499020000192516,0.005191139872318731,4.92450912986553e-6,4.590199557723146e-14,1.0000487971185121,1.4101154022228002e-6,8.823381655150697e-6,110,880,110,0.29665562138104395
0.006754284140515739,0.0559546832912124,0.00519455016371265,4.92450912986553e-6,4.320770919323343e-14,1.000048558077426,1.4374972323594193e-6,8.976288796515565e-6,111,888,111,0.30275635972302545
0.006815133547187052,0.05640893091696751,0.005197988364375957,4.92450912986553e-6,4.242438733836211e-14,1.000048320291034,1.4691577288061808e-6,9.130262279485915e-6,112,896,112,0.3088205045253447
0.006875982953858365,0.05686175359512751,0.005201454384896216,4.92450912986553e-6,4.380331866254394e-14,1.000048083774773,1.5212889614701908e-6,9.285292945794253e-6,113,904,113,0.3142151760770616
0.006936832360529678,0.05731314263520577,0.005204948134411207,4.92450912986553e-6,4.778003688167579e-14,1.0000478485531596,1.5473540670996044e-6,9.44137162034574e-6,114,912,114,0.31822019307139265
0.006997681767200991,0.057763089596357495,0.005208469521545262,4.92450912986553e-6,5.313703205016726e-14,1.0000476146508275,1.5590421398314902e-6,9.598489107717447e-6,115,920,115,0.32063193866655654
0.0070585311738723035,0.058211586476677346,0.00521201845448343,4.92450912986553e-6,4.892517053512777e-14,1.0000473820920435,1.5469509229149025e-6,9.756636208996151e-6,116,928,116,0.3220483318808739
0.0071193805805436165,0.058658625750044914,0.005215594840941468,4.92450912986553e-6,4.701632979419688e-14,1.0000471509006792,1.5174123291217256e-6,9.915803715855995e-6,117,936,117,0.32271606482666343
0.007180229987214929,0.05910420028275815,0.005219198588237653,4.92450912986553e-6,4.740359254320799e-14,1.0000469210998058,1.528093974911826e-6,1.0075982419873013e-5,118,944,118,0.3234095078111049
0.007241079393886242,0.059548303597062015,0.005222829604506721,4.92450912986553e-6,5.065542815188494e-14,1.0000466927013791,1.5467322498352587e-6,1.0237163143818008e-5,119,952,119,0.3244711257835626
0.007301928800557555,0.059990929842751464,0.005226487801412279,4.92450912986553e-6,5.70905886168161e-14,1.0000464656771078,1.5424439396838352e-6,1.0399336770864955e-5,120,960,120,0.3260006968312896
0.007362778207228868,0.06043207344891911,0.005230173086716176,4.92450912986553e-6,5.681156738409926e-14,1.0000462400330252,1.5238391881666757e-6,1.0562494249936954e-5,121,968,121,0.32855111172074053
0.007423627613900181,0.06087172989237838,0.005233885374049666,4.92450912986553e-6,5.362509689260569e-14,1.0000460157153719,1.5084816951116409e-6,1.0726626606286686e-5,122,976,122,0.33182806887802296
0.007484477020571494,0.06130989492222289,0.005237624570735905,4.92450912986553e-6,5.3001101023201856e-14,1.0000457927270323,1.5296544049192562e-6,1.0891724938369532e-5,123,984,123,0.3360402006250428
0.007545326427242807,0.0617465644468956,0.0052413905817515856,4.92450912986553e-6,5.537423492841111e-14,1.000045571091532,1.5317398904812762e-6,1.1057780345479387e-5,124,992,124,0.34094129705792775
0.00760617583391412,0.06218173457983233,0.005245183311841571,4.92450912986553e-6,6.146462381264524e-14,1.000045350832212,1.5289729446976708e-6,1.1224783892969656e-5,125,1000,125,0.34643610290382515
0.007667025240585433,0.06261540172342804,0.005249002665509822,4.92450912986553e-6,6.848069662186115e-14,1.000045131972285,1.5925195384625113e-6,1.1392726638284006e-5,126,1008,126,0.352523405686917
0.007727874647256746,0.0630475629124947,0.005252848547249252,4.92450912986553e-6,6.356144322663237e-14,1.0000449145345176,1.63836677558038e-6,1.1561599643906164e-5,127,1016,127,0.35894005026749276
0.0077887240539280585,0.06347821574251042,0.005256720861447141,4.92450912986553e-6,6.170514959482964e-14,1.000044698540468,1.6639415179042771e-6,1.1731394024848754e-5,128,1024,128,0.3657908563183041
0.007849573460599371,0.06390735833487554,0.005260619516803261,4.92450912986553e-6,6.288902247877774e-14,1.0000444839732943,1.747044731104097e-6,1.1902100991556124e-5,129,1032,129,0.37305304792020516
0.007910422867270684,0.06433498943594797,0.005264544423612751,4.924509129865531e-6,6.812977535576375e-14,1.0000442708004296,1.4081508403762655e-6,1.2073711894200898e-5,130,1040,130,0.3145634964934479
0.007971272273941997,0.06476110834206687,0.005268495488784024,4.92450912986553e-6,7.790978747182863e-14,1.0000440590170019,1.4571967632548422e-6,1.2246218226288563e-5,131,1048,131,0.3212307106528112
0.00803212168061331,0.06518571525959647,0.005272472621683023,4.92450912986553e-6,8.02761066250357e-14,1.000043848598403,1.4956015981226756e-6,1.241961163412929e-5,132,1056,132,0.32676363632957384
0.008092971087284623,0.06560881074130838,0.005276475729289925,4.92450912986553e-6,7.641727891035637e-14,1.0000436395388885,1.5204536865098817e-6,1.2593883879780042e-5,133,1064,133,0.3308088015918673
0.008153820493955936,0.06603039576474226,0.005280504715139202,4.924509129865531e-6,7.59743592988662e-14,1.0000434318612694,1.5134414397266482e-6,1.2769026798172065e-5,134,1072,134,0.333008656934591
0.008214669900627249,0.06645047143902914,0.005284559483016356,4.92450912986553e-6,7.921976685466952e-14,1.0000432255881568,1.4886008798953299e-6,1.2945032246417712e-5,135,1080,135,0.33394369583415384
0.008275519307298562,0.06686903899971394,0.005288639936811655,4.924509129865532e-6,8.783951766219292e-14,1.0000430207416406,1.4758889932409147e-6,1.31218921093566e-5,136,1088,136,0.3340400526085608
0.008336368713969875,0.06728610029481737,0.005292745980789424,4.92450912986553e-6,1.0214639040467963e-13,1.0000428173417122,1.5345796882115792e-6,1.3299598306906312e-5,137,1096,137,0.3337556433853658
0.008397218120641188,0.0677016581345073,0.00529687752802792,4.924509129865528e-6,1.0453480901624841e-13,1.0000426153419715,1.5724365596270218e-6,1.347814287332733e-5,138,1104,138,0.3334097988413357
0.0084580675273125,0.06811571569914411,0.005301034490262671,4.92450912986553e-6,1.0100682702032762e-13,1.0000424147048304,1.5757414502104439e-6,1.3657518048656658e-5,139,1112,139,0.33316772138867967
0.008518916933983814,0.06852827639158554,0.005305216771500953,4.92450912986553e-6,1.015846985171228e-13,1.0000422154532236,1.5522314527061098e-6,1.3837716282862482e-5,140,1120,140,0.3329303121540952
0.008579766340655126,0.06893934427536466,0.005309424280426005,4.92450912986553e-6,1.0621209168411769e-13,1.0000420175786986,1.5092908256519877e-6,1.4018730198316255e-5,141,1128,141,0.33290864001912746
0.00864061574732644,0.0693489242495389,0.005313656928623361,4.92450912986553e-6,1.1768409450734156e-13,1.000041821051652,1.5126314423241638e-6,1.420055261735021e-5,142,1136,142,0.3333257661395847
0.008701465153997752,0.06975702146840423,0.0053179146210174735,4.92450912986553e-6,1.3721149570055038e-13,1.000041625893397,1.506764178316189e-6,1.4383176532144742e-5,143,1144,143,0.33400258340819244
0.008762314560669065,0.07016364151350346,0.005322197262753535,4.92450912986553e-6,1.5294151777066712e-13,1.000041432126422,1.5143968639108607e-6,1.4566595028146546e-5,144,1152,144,0.33534408676138605
0.008823163967340378,0.07056879052807913,0.005326504759656682,4.92450912986553e-6,1.4745619389322514e-13,1.0000412397716194,1.5626988911776607e-6,1.4750801307645665e-5,145,1160,145,0.33693636840112506
0.008884013374011691,0.0709724751998719,0.005330837026685066,4.92450912986553e-6,1.4783823105790928e-13,1.0000410487896219,1.5830758712809256e-6,1.49357887199267e-5,146,1168,146,0.3388009713271552
0.008944862780683004,0.07137470208697812,0.005335193979453585,4.92450912986553e-6,1.5282657962136482e-13,1.00004085913692,1.5668303134930284e-6,1.51215507754937e-5,147,1176,147,0.34079017525845284
0.009005712187354317,0.07177547813427147,0.005339575525074089,4.92450912986553e-6,1.6382022766022833e-13,1.0000406708303815,1.567569121618817e-6,1.530808118470339e-5,148,1184,148,0.3428097962218764
0.00906656159402563,0.07217481093342724,0.005343981570786591,4.92450912986553e-6,1.8733860102852075e-13,1.0000404838909327,1.6308879935422738e-6,1.5495373857449715e-5,149,1192,149,0.34471003929205885
0.009127411000696943,0.07257270855621463,0.005348412033229941,4.924509129865532e-6,2.2301504841422559e-13,1.0000402982805052,1.6695694426971386e-6,1.56834228130654e-5,150,1200,150,0.3463325237003674
0.009188260407368256,0.07296917912557832,0.005352866824152219,4.924509129865531e-6,2.3332831251976627e-13,1.00004011399406,1.6737180317250022e-6,1.5872222307332817e-5,151,1208,151,0.3470729810569918
0.009249109814039569,0.07336423135642972,0.005357345851609524,4.92450912986553e-6,2.2957322492790613e-13,1.0000399310544419,1.6427802620455623e-6,1.606176682524371e-5,152,1216,152,0.3464592791497571
0.009309959220710881,0.07375787484237972,0.005361849027051074,4.924509129865531e-6,2.33785909281416e-13,1.0000397494673254,1.601896993719265e-6,1.6252051104851287e-5,153,1224,153,0.3441013811064196
0.009370808627382194,0.07415011988508835,0.005366376269199646,4.924509129865531e-6,2.432698469569677e-13,1.0000395691964916,1.6001484368644014e-6,1.644307013738268e-5,154,1232,154,0.3401613600888354
0.009431658034053507,0.07454097641148372,0.005370927496589404,4.924509129865531e-6,2.6149956359180353e-13,1.0000393902087805,1.5528472516734837e-6,1.6634819058416885e-5,155,1240,155,0.33552860172427823
0.00949250744072482,0.07493045426288208,0.005375502620014635,4.92450912986553e-6,3.0226397448921864e-13,1.0000392125227837,1.4929133484997692e-6,1.6827293207907186e-5,156,1248,156,0.33029538622506227
0.009553356847396133,0.07531856336788123,0.005380101550458295,4.92450912986553e-6,3.633668191872611e-13,1.0000390361616716,1.4153841654263033e-6,1.702048801808437e-5,157,1256,157,0.32385260491815016
0.009614206254067446,0.07570531441027295,0.005384724207947525,4.924509129865531e-6,3.7121888800000157e-13,1.0000388610984456,1.4504352918720542e-6,1.7214399004061265e-5,158,1264,158,0.31747577368726226
0.009675055660738759,0.07609071845861483,0.00538937051182425,4.92450912986553e-6,3.6801619832898365e-13,1.000038687311182,1.4799061602843722e-6,1.740902186824391e-5,159,1272,159,0.31263424921259364
0.009735905067410072,0.07647478620455479,0.005394040376160536,4.92450912986553e-6,3.765842966761234e-13,1.0000385148138131,1.471117485607465e-6,1.760435250938485e-5,160,1280,160,0.30979695956047565
0.009796754474081385,0.07685752920752528,0.005398733719777998,4.92450912986553e-6,3.9117040498514115e-13,1.00003834359689,1.4232689409254817e-6,1.7800387064678153e-5,161,1288,161,0.3088949999511093
0.009857603880752698,0.07723895958552582,0.005403450467440725,4.92450912986553e-6,4.1665659114229764e-13,1.0000381736212571,1.3824046760646524e-6,1.799712201150493e-5,162,1296,162,0.30948184528302264
0.00991845328742401,0.07761908916839867,0.005408190538941878,4.924509129865531e-6,4.829026897317546e-13,1.0000380048777338,1.3578205084741057e-6,1.8194554089897437e-5,163,1304,163,0.31129368967102483
0.009979302694095324,0.07799792965698409,0.00541295384932003,4.92450912986553e-6,5.837376412547732e-13,1.000037973624509,1.3606096693763448e-6,1.8392680221778036e-5,164,1312,164,0.31412671207330856
0.010040152100766636,0.07837549288459582,0.005417740314884685,4.92450912986553e-6,5.879162976494519e-13,1.0000381339823425,1.3770399931445354e-6,1.8591497340625116e-5,165,1320,165,0.3175232400210393
0.01010100150743795,0.07875179098690713,0.005422549864219139,4.92450912986553e-6,5.84523787672547e-13,1.0000382549127746,1.3642464047336489e-6,1.8791002356659586e-5,166,1328,166,0.3209921246252409
0.010161850914109262,0.07912683617065193,0.005427382421778283,4.92450912986553e-6,5.990005581909862e-13,1.0000383375289963,1.4175336460198196e-6,1.899119226742183e-5,167,1336,167,0.32422472046013795
0.010222700320780575,0.07950064087058487,0.005432237910878848,4.92450912986553e-6,6.199037460040653e-13,1.0000385107917862,1.4479438092962482e-6,1.9192064259577255e-5,168,1344,168,0.32692279901864835
0.010283549727451888,0.07987321724754624,0.005437116256539662,4.92450912986553e-6,6.528124493652224e-13,1.000038800346351,1.451004116859167e-6,1.9393615711919315e-5,169,1352,169,0.3288111828313242
0.010344399134123201,0.08024457705340723,0.0054420173883493505,4.92450912986553e-6,7.584336755553874e-13,1.000039048753521,1.4053714636474979e-6,1.9595844256313254e-5,170,1360,170,0.32967310962702023
0.010405248540794514,0.08061473235828708,0.005446941226379947,4.92450912986553e-6,9.204957711908882e-13,1.000039257075063,1.3506774365623642e-6,1.9798747716270507e-5,171,1368,171,0.32974303407155425
0.010466097947465827,0.08098369541276412,0.005451887690822559,4.92450912986553e-6,9.085682308536019e-13,1.0000394242439279,1.449531694674988e-6,2.000232404303733e-5,172,1376,172,0.32955044895288554
0.01052694735413714,0.08135147812417044,0.0054568567077303304,4.924509129865531e-6,9.057786302444791e-13,1.0000395492122895,1.5693575363684431e-6,2.020657119675762e-5,173,1384,173,0.3294248618632172
0.010587796760808453,0.08171809342728091,0.005461848216297612,4.92450912986553e-6,9.29381314622097e-13,1.000039633420191,1.6584085216209132e-6,2.041148718511526e-5,174,1392,174,0.33003757202633993
0.010648646167479766,0.08208355396255414,0.005466862145005232,4.924509129865531e-6,9.574348548910273e-13,1.0000396808333896,1.7240021037423503e-6,2.0617070089903248e-5,175,1400,175,0.3316535558432139
0.010709495574151079,0.08244787213362668,0.00547189842171908,4.92450912986553e-6,1.000784072876792e-12,1.0000397834052146,1.7344817138109647e-6,2.082331810595373e-5,176,1408,176,0.33448277468889287
0.010770344980822391,0.08281105972689178,0.005476956982808306,4.924509129865531e-6,1.1710032728525648e-12,1.0000400395911149,1.7019585811794968e-6,2.1030229501252716e-5,177,1416,177,0.3377171850710295
0.010831194387493704,0.08317312751206066,0.0054820377536243395,4.92450912986553e-6,1.4195461095800713e-12,1.0000402526956704,1.6556081732232997e-6,2.1237802653450984e-5,178,1424,178,0.3414255322835311
0.010892043794165017,0.08353408662189482,0.0054871406586385185,4.92450912986553e-6,1.3620716599188924e-12,1.0000404214004643,1.6125140689382533e-6,2.1446035989954097e-5,179,1432,179,0.3458777112527516
0.01095289320083633,0.08389394823214251,0.0054922656255676945,4.92450912986553e-6,1.3639933732444203e-12,1.0000405454475447,1.5290471111484294e-6,2.1654928003866283e-5,180,1440,180,0.35111338232767125
0.011013742607507643,0.08425272471370207,0.005497412603461953,4.92450912986553e-6,1.4022412434844972e-12,1.0000406272653226,1.4957279432792348e-6,2.186447725917636e-5,181,1448,181,0.35639614476482867
0.011074592014178956,0.08461042835244979,0.005502581525105784,4.924509129865531e-6,1.4344527877754465e-12,1.0000406716241124,1.506153246566555e-6,2.2074682510012027e-5,182,1456,182,0.3618013264787681
0.011135441420850269,0.08496707139034737,0.005507772323895507,4.92450912986553e-6,1.5029838076982782e-12,1.0000406833146285,1.620760993858994e-6,2.228554268383049e-5,183,1464,183,0.36667346862457373
0.011196290827521582,0.08532266471845358,0.005512984940646507,4.92450912986553e-6,1.7826132855144294e-12,1.0000408141878174,1.7572804544840892e-6,2.249705664111664e-5,184,1472,184,0.37096637639886293
0.011257140234192895,0.08567721875626301,0.005518219304549645,4.92450912986553e-6,2.0472959551476076e-12,1.0000410241584856,1.8216936403803174e-6,2.27092232625667e-5,185,1480,185,0.3745361594891497
0.011317989640864208,0.0860307432559931,0.005523475344265321,4.92450912986553e-6,1.9818825354400665e-12,1.0000411865326826,1.8294747050617843e-6,2.2922041189471544e-5,186,1488,186,0.37715244756093314
0.01137883904753552,0.08638324781162596,0.005528752993689805,4.924509129865531e-6,1.9978992976897635e-12,1.0000413027182475,1.7920668504700643e-6,2.3135509083546448e-5,187,1496,187,0.378598114124952
0.011439688454206834,0.08673474394135441,0.005534052207975171,4.92450912986553e-6,2.0581982153080504e-12,1.0000413767620033,1.7958761588943162e-6,2.334962579823958e-5,188,1504,188,0.3790921019923419
0.011500537860878146,0.08708524299113482,0.0055393729221689,4.92450912986553e-6,2.0785584250153193e-12,1.0000414141772118,1.7459681700415786e-6,2.3564390465386766e-5,189,1512,189,0.37948479254372075
0.01156138726754946,0.08743475631006044,0.005544715078070757,4.92450912986553e-6,2.2257288241197794e-12,1.0000414196155156,1.6340863169261866e-6,2.3779802456830487e-5,190,1520,190,0.3797478997490721
0.011622236674220772,0.0877832943229858,0.005550078618039375,4.92450912986553e-6,2.684022387748787e-12,1.0000414142684122,1.672972217647839e-6,2.3995861103000533e-5,191,1528,191,0.37919520339441853
0.011683086080892085,0.0881308666871096,0.005555463473739224,4.92450912986553e-6,2.864642023615148e-12,1.0000416137187422,1.7865274486439375e-6,2.421256568031831e-5,192,1536,192,0.3776451843519274
0.011743935487563398,0.08847748256126439,0.0055608695779346354,4.924509129865528e-6,2.8079489224366595e-12,1.000041763898447,1.8836563953072982e-6,2.4429915231013477e-5,193,1544,193,0.3769093610146506
0.011804784894234711,0.08882315098602518,0.0055662968763530015,4.92450912986553e-6,2.8538931356783103e-12,1.0000418682440517,1.910598797394414e-6,2.464790865493174e-5,194,1552,194,0.37780424722469835
0.011865634300906024,0.089167882263897,0.005571745324097411,4.92450912986553e-6,2.940587698436673e-12,1.0000419321077643,1.34972309240311e-6,2.4866545098274246e-5,195,1560,195,0.2805845146194871
0.011926483707577337,0.08951168707377886,0.005577214859562121,4.92450912986553e-6,2.920962097904223e-12,1.000041961039022,1.2863766016835143e-6,2.5085823922834125e-5,196,1568,196,0.2821084915679548
0.01198733311424865,0.08985457540842708,0.0055827054335124485,4.92450912986553e-6,3.2824342598169668e-12,1.0000419589607505,1.2168997329808917e-6,2.5305744641862927e-5,197,1576,197,0.28431578607582075
0.012048182520919963,0.0901965566824516,0.0055882169851223,4.92450912986553e-6,4.001849891891969e-12,1.0000419283533604,1.1839530245083552e-6,2.5526306868969962e-5,198,1584,198,0.2866991725739108
0.012109031927591276,0.09053764050792037,0.005593749449318946,4.92450912986553e-6,3.90923461554059e-12,1.0000420712462148,1.2188658971012956e-6,2.5747510331654908e-5,199,1592,199,0.2889515469661348
0.012169881334262589,0.09087783596926938,0.005599302767768955,4.92450912986553e-6,3.890021319843968e-12,1.0000422032529002,1.2158809070683674e-6,2.5969354548437977e-5,200,1600,200,0.2908116763337782
0.012230730740933901,0.0912171517935486,0.005604876895106285,4.92450912986553e-6,3.9868885472693356e-12,1.000042291858535,1.1728982656222797e-6,2.6191838791340862e-5,201,1608,201,0.29188473335407045
0.012291580147605214,0.09155559755448073,0.005610471783749658,4.92450912986553e-6,4.072487546581635e-12,1.0000423429476033,1.1592176996089165e-6,2.641496253170232e-5,202,1616,202,0.2924486220540406
0.012352429554276527,0.09189318321657033,0.005616087381531553,4.924509129865531e-6,4.087685696174031e-12,1.0000423611658544,1.1723111370542938e-6,2.6638725455339886e-5,203,1624,203,0.29258489982973823
0.01241327896094784,0.09222991792499144,0.0056217236391452,4.924509129865531e-6,4.853556745343786e-12,1.0000423492469763,1.195860033220697e-6,2.68631272903988e-5,204,1632,204,0.2927346453024001
0.012474128367619153,0.09256580982359096,0.005627380494313065,4.92450912986553e-6,5.3980018005797054e-12,1.0000423086684747,1.1900032745870703e-6,2.7088167871804953e-5,205,1640,205,0.2932433702099458
0.012534977774290466,0.09290086771762733,0.005633057889373258,4.924509129865531e-6,5.234965247928763e-12,1.000042431738789,1.158174001147927e-6,2.7313847106949647e-5,206,1648,206,0.29467820999927463
0.012595827180961779,0.09323510102348376,0.005638755774519874,4.92450912986553e-6,5.2917353737824745e-12,1.0000425432454667,1.234440020425609e-6,2.7540164884793198e-5,207,1656,207,0.29734794466637154
0.012656676587633092,0.09356851880018428,0.005644474112484785,4.92450912986553e-6,5.455400006143214e-12,1.0000426149565236,1.287773812919113e-6,2.776712115264171e-5,208,1664,208,0.3007868394286616
0.012717525994304405,0.09390113058724377,0.005650212852471554,4.92450912986553e-6,5.377484959527129e-12,1.000042652010336,1.3069221864725478e-6,2.799471595505258e-5,209,1672,209,0.304117221774274
0.012778375400975718,0.0942329440314835,0.0056559719520211165,4.92450912986553e-6,5.8752218655098315e-12,1.0000426573879044,1.275019883451023e-6,2.822294921274218e-5,210,1680,210,0.30641176682760657
0.01283922480764703,0.09456396725467912,0.0056617513536463574,4.92450912986553e-6,7.171212763563007e-12,1.0000426326935934,1.2695053328570793e-6,2.845182075827304e-5,211,1688,211,0.30707245923720683
0.012900074214318344,0.09489420757942782,0.005667551000855918,4.92450912986553e-6,6.958893808039201e-12,1.0000426014661299,1.2851555197812559e-6,2.8681330524200246e-5,212,1696,212,0.30614114921113
0.012960923620989656,0.09522367362621445,0.005673370843801266,4.92450912986553e-6,6.9211402140057674e-12,1.0000427318137952,1.370350322105196e-6,2.8911478634206157e-5,213,1704,213,0.30378995185155827
0.01302177302766097,0.09555237427255048,0.005679210845889195,4.92450912986553e-6,7.097484356110549e-12,1.0000428207810759,1.4716856178154103e-6,2.9142265427961226e-5,214,1712,214,0.3004548763566278
0.013082622434332282,0.09588031858103623,0.005685070963277467,4.92450912986553e-6,7.235987839812893e-12,1.0000428736739868,1.4973550399588476e-6,2.937369149221359e-5,215,1720,215,0.29665498009268565
0.013143471841003595,0.09620751341183273,0.005690951156975387,4.92450912986553e-6,7.215050966689133e-12,1.0000428935768302,1.4665750391884558e-6,2.9605756978059403e-5,216,1728,216,0.2930107859123011
0.013204321247674908,0.09653396547301217,0.005696851374548283,4.92450912986553e-6,8.670520754938395e-12,1.0000428820564022,1.4175761009482812e-6,2.98384619339947e-5,217,1736,217,0.290015420726186
0.013265170654346221,0.09685968270749544,0.005702771561256489,4.92450912986553e-6,9.129395265485374e-12,1.000042840168248,1.390015739843875e-6,3.007180624362815e-5,218,1744,218,0.28723522813332214
0.013326020061017534,0.09718467095177222,0.00570871166961321,4.92450912986553e-6,8.930480335813209e-12,1.0000428914924036,1.3155824802879579e-6,3.0305789861676125e-5,219,1752,219,0.2843143699762398
0.013386869467688847,0.09750893799325056,0.005714671660498356,4.92450912986553e-6,9.084243131024825e-12,1.0000429931716512,1.784350175171312e-6,3.0540413041525437e-5,220,1760,220,0.37770519496242455
0.01344771887436016,0.09783249266990668,0.005720651497951705,4.92450912986553e-6,9.37768923112202e-12,1.0000430577524142,1.7675615566759006e-6,3.077567635313181e-5,221,1768,221,0.37047838733244626
0.013508568281031473,0.09815534053193917,0.005726651145072439,4.924509129865531e-6,9.073360361509403e-12,1.000043088206281,1.7015158420008447e-6,3.1011580162211226e-5,222,1776,222,0.36238147080705374
0.013569417687702786,0.09847748692442489,0.005732670553355521,4.92450912986553e-6,1.0516988270441117e-11,1.0000430859143412,1.6858466409530593e-6,3.124812467348914e-5,223,1784,223,0.35295915971993497
0.013630267094374099,0.09879893893244848,0.005738709670298326,4.92450912986553e-6,1.1802070057269846e-11,1.0000430520408938,1.6002136078441254e-6,3.1485309767566355e-5,224,1792,224,0.3420236306561317
0.013691116501045411,0.09911970112721766,0.0057447684503347494,4.92450912986553e-6,1.1370628207572192e-11,1.0000430433488205,1.4701532222716196e-6,3.172313503221595e-5,225,1800,225,0.3309428129902031
0.013751965907716724,0.09943977775212037,0.00575084685429441,4.92450912986553e-6,1.14862157504883e-11,1.0000431521531508,1.4941869963536192e-6,3.196160008376169e-5,226,1808,226,0.3198382911394317
0.013812815314388037,0.09975917651013774,0.005756944850488342,4.924509129865531e-6,1.1882476076991241e-11,1.0000432232904068,1.4799811154375675e-6,3.2200705236476154e-5,227,1816,227,0.30906605827812117
0.01387366472105935,0.10007790219135138,0.005763062404006082,4.92450912986553e-6,1.1561276588170623e-11,1.0000432593468789,2.0905474258370305e-6,3.2440450590349843e-5,228,1824,228,0.3705266370421895
0.013934514127730663,0.10039595732139298,0.005769199468012812,4.92450912986553e-6,1.2885213803486788e-11,1.000043261408442,1.924608696413088e-6,3.268083616071326e-5,229,1832,229,0.3583654725952835
0.013995363534401976,0.10071334664711104,0.005775355992724267,4.92450912986553e-6,1.5004866601941963e-11,1.000043230883943,1.7310866979869388e-6,3.292186138888034e-5,230,1840,230,0.3487859396795049
0.014056212941073289,0.10103007402562042,0.005781531933014047,4.92450912986553e-6,1.4242576947950717e-11,1.0000431956161888,1.5199289435940955e-6,3.316352556692128e-5,231,1848,231,0.34217579382697594
0.014117062347744602,0.10134614119185104,0.005787727252428587,4.924509129865531e-6,1.4214799940510006e-11,1.0000433056326028,1.4745060923360143e-6,3.3405827677619444e-5,232,1856,232,0.33902605827426546
0.014177911754415915,0.1016615530948295,0.005793941920702296,4.92450912986553e-6,1.457155847854643e-11,1.0000433777536282,1.468443542762543e-6,3.364876732850529e-5,233,1864,233,0.3395986786015434
0.014238761161087228,0.10197631345715293,0.005800175904450707,4.92450912986553e-6,1.4195906611474904e-11,1.0000434140577066,1.4369815630743688e-6,3.389234389656276e-5,234,1872,234,0.3447479096879985
0.01429961056775854,0.10229042046810069,0.005806429156184155,4.924509129865531e-6,1.6046861522911575e-11,1.000043415529876,1.3850524283043342e-6,3.413655643697216e-5,235,1880,235,0.3540209060567469
0.014360459974429854,0.10260387633635949,0.0058127016294998715,4.92450912986553e-6,1.773091490674504e-11,1.000043384025722,1.4814744986324513e-6,3.4381403744781844e-5,236,1888,236,0.36685006349596944
0.014421309381101166,0.10291668334331787,0.005818993277259754,4.924509129865531e-6,1.7878851815633416e-11,1.00004335163297,1.5885889936839703e-6,3.462688452686271e-5,237,1896,237,0.3822069954138874
0.01448215878777248,0.10322884214004041,0.005825304068672891,4.924509129865531e-6,1.7897926944826523e-11,1.0000434580251252,1.4751087462627765e-6,3.487299727728917e-5,238,1904,238,0.3035298331714127
0.014543008194443792,0.10354035449765017,0.005831633971577544,4.92450912986553e-6,1.8328494906916206e-11,1.0000435261823089,1.5036471623375292e-6,3.5119740628979e-5,239,1912,239,0.3157233440388358
0.014603857601115105,0.10385122071601727,0.005837982952305828,4.924509129865531e-6,1.7916760084523407e-11,1.0000435575111568,1.4814292015330466e-6,3.536711270808908e-5,240,1920,240,0.3266531417610555
0.014664707007786418,0.10416143557596576,0.005844350961449512,4.924509129865531e-6,2.0030591516656286e-11,1.0000435533214473,1.4676232638066722e-6,3.561511138760635e-5,241,1928,241,0.3360054308554683
0.014725556414457731,0.10447099846144128,0.005850737955171475,4.92450912986553e-6,2.0486851883492248e-11,1.0000435161869474,1.482011136033634e-6,3.5863734437791066e-5,242,1936,242,0.3442410276491641
0.014786405821129044,0.10477990939252294,0.005857143884294431,4.92450912986553e-6,2.0935713028830997e-11,1.000043507770289,1.6272677427764393e-6,3.611297973400875e-5,243,1944,243,0.35185937968353914
0.014847255227800357,0.10508816758903375,0.0058635687240059095,4.924509129865531e-6,2.2622700477179567e-11,1.0000436049490617,1.718303366260443e-6,3.636284490367734e-5,244,1952,244,0.35858739034908554
0.01490810463447167,0.10539577186429426,0.005870012437849062,4.92450912986553e-6,2.329630736254486e-11,1.0000436637625845,1.7418433806426492e-6,3.661332761892537e-5,245,1960,245,0.36437251670521825
0.014968954041142983,0.10570271806075966,0.005876474989614094,4.924509129865531e-6,2.3041833211546414e-11,1.0000436849967191,1.7268774001877318e-6,3.6864424684314955e-5,246,1968,246,0.3690709071463713
0.015029803447814296,0.10600899837792768,0.005882956329888913,4.924509129865531e-6,2.327515500154606e-11,1.000043670643818,1.8171926114973758e-6,3.7116132717966806e-5,247,1976,247,0.3725824989571937
0.015090652854485609,0.10631460944665147,0.005889456411804104,4.924509129865531e-6,2.2949408336556578e-11,1.000043624200452,1.8249733244601885e-6,3.736844804356213e-5,248,1984,248,0.3752194662214621
0.015151502261156921,0.10661954897074105,0.005895975190537907,4.924509129865531e-6,2.3701856218167735e-11,1.0000436557744412,1.7690900335765036e-6,3.7621367458498685e-5,249,1992,249,0.3755345578869216
0.015212351667828234,0.10692381477668324,0.005902512639568962,4.92450912986553e-6,2.5838960841323115e-11,1.0000437394667117,1.7287569384905055e-6,3.7874887928732504e-5,250,2000,250,0.3706467115327065
0.015273201074499547,0.1072274019239929,0.005909068720877057,4.92450912986553e-6,2.7987232027547512e-11,1.0000437845014656,1.627372945733896e-6,3.812900593568622e-5,251,2008,251,0.3613762759865441
0.01533405048117086,0.10753030162814473,0.005915643390940174,4.92450912986553e-6,2.855740144548031e-11,1.0000437919059264,1.5466852687495702e-6,3.838371693921661e-5,252,2016,252,0.3494771489826406
0.015394899887842173,0.10783250518877624,0.00592223660244676,4.92450912986553e-6,2.7073888239539704e-11,1.0000437646389013,1.5077687578468613e-6,3.863901604338424e-5,253,2024,253,0.33635580162583784
0.015455749294513486,0.10813400706158853,0.005928848300362419,4.924509129865531e-6,2.560883056096251e-11,1.0000437068971004,1.4457717725235852e-6,3.889489839248882e-5,254,2032,254,0.32271367381432
0.015516598701184799,0.10843480293040313,0.005935478453812699,4.92450912986553e-6,2.6744215169389697e-11,1.0000437955044217,1.3202831041780883e-6,3.9151359861698856e-5,255,2040,255,0.3095164677032995
0.015577448107856112,0.10873488829081344,0.005942127022902773,4.924509129865531e-6,2.9017070195742788e-11,1.0000438622944776,1.2383100482793452e-6,3.940839651532881e-5,256,2048,256,0.2977161746767108
0.015638297514527427,0.10903425375772943,0.00594879396943273,4.92450912986553e-6,3.157766432411662e-11,1.0000438899192734,1.6699768679018234e-6,3.9666003286643076e-5,257,2056,257,0.37600091307203887
0.01569914692119874,0.1093328880959534,0.005955479244937948,4.924509129865531e-6,3.156481964162355e-11,1.0000438803888705,1.714412064757198e-6,3.992417437340299e-5,258,2064,258,0.3645873105207659
0.015759996327870052,0.10963078333318826,0.005962182795589357,4.92450912986553e-6,3.008367297990364e-11,1.000043837979439,1.7045207556520836e-6,4.018290392167242e-5,259,2072,259,0.3550797143160243
0.015820845734541365,0.10992793113375823,0.005968904571327994,4.92450912986553e-6,2.9197546938417966e-11,1.0000438386317931,1.6038792125527834e-6,4.044218605587423e-5,260,2080,260,0.3457007090113339
0.015881695141212678,0.1102243258980298,0.0059756445411438645,4.924509129865531e-6,3.110796017023297e-11,1.00004392509804,1.4267889980601467e-6,4.070201569616015e-5,261,2088,261,0.334990026388876
0.01594254454788399,0.11051995966706421,0.0059824026568039744,4.924509129865531e-6,3.386536715781478e-11,1.0000439710583229,1.331400497406321e-6,4.096238753838182e-5,262,2096,262,0.3213292271248241
0.016003393954555304,0.11081481994075706,0.005989178876429238,4.924509129865531e-6,3.80672817151877e-11,1.0000439779513248,1.31733965957892e-6,4.122329516071406e-5,263,2104,263,0.30401721775802015
0.016064243361226617,0.11110889597407593,0.005995973146527847,4.924509129865531e-6,3.6359938757213573e-11,1.0000439496935078,2.2665130217092155e-6,4.1484732210132334e-5,264,2112,264,0.3755232387319329
0.01612509276789793,0.1114021793972335,0.006002785405339236,4.92450912986553e-6,3.374728338562526e-11,1.0000438911185998,2.1092695590141375e-6,4.174669182037994e-5,265,2120,265,0.34950459069875384
0.016185942174569243,0.11169465954141747,0.006009615620427709,4.924509129865531e-6,3.500824192472147e-11,1.000043981178163,1.8456169925684662e-6,4.200916729515831e-5,266,2128,266,0.32125004487698755
0.016246791581240556,0.11198633056189669,0.006016463738215252,4.924509129865531e-6,3.8140627080504555e-11,1.0000440439837164,1.537235050363961e-6,4.227215267796641e-5,267,2136,267,0.29334448321998235
0.01630764098791187,0.1122771800774901,0.006023329715938793,4.92450912986553e-6,4.309726424592764e-11,1.0000440662847287,1.6074690911693779e-6,4.2535641296173756e-5,268,2144,268,0.3657360932931585
0.01636849039458318,0.11256719534345712,0.006030213503721283,4.924509129865531e-6,4.416127647633389e-11,1.0000440511702346,1.4693863903403326e-6,4.2799626044111715e-5,269,2152,269,0.3303118843775864
0.016429339801254494,0.11285636638853914,0.006037115034488639,4.924509129865531e-6,4.069766191013826e-11,1.000044003972008,1.5575415659441205e-6,4.306409997117822e-5,270,2160,270,0.35247018842240757
0.016490189207925807,0.11314468349051941,0.00604403426426499,4.924509129865531e-6,4.127077966754888e-11,1.0000440424843622,1.784876246802014e-6,4.332905550912862e-5,271,2168,271,0.3804587625732751
0.01655103861459712,0.11343213715778512,0.0060509711445816605,4.92450912986553e-6,4.495078499678269e-11,1.0000441198548375,1.5792826602023524e-6,4.359448561845406e-5,272,2176,272,0.36469539026012043
0.016611888021268433,0.11371871955603023,0.006057925619729235,4.92450912986553e-6,5.134247346713936e-11,1.0000441556810622,1.595789989039531e-6,4.386038351315762e-5,273,2184,273,0.33929872209302997
0.016672737427939746,0.11400441589820298,0.006064897647412985,4.924509129865531e-6,5.2462872671429647e-11,1.0000441524772543,1.698086116164177e-6,4.412674125519547e-5,274,2192,274,0.34315908704509357
0.01673358683461106,0.11428921361837398,0.00607188715800974,4.924509129865532e-6,5.0589681162803155e-11,1.0000441150060337,2.128578373117307e-6,4.439355142537019e-5,275,2200,275,0.35520629553048055
0.016794436241282372,0.11457310412761998,0.006078894094831744,4.924509129865531e-6,5.063047084120965e-11,1.0000441179371007,1.5218295459362707e-6,4.466080665390353e-5,276,2208,276,0.2836837280603671
0.016855285647953685,0.11485607810267376,0.006085918414217664,4.92450912986553e-6,5.575655065336678e-11,1.000044207281722,1.4978552620448227e-6,4.492849931212464e-5,277,2216,277,0.315536949707695
0.016916135054624998,0.11513812790376267,0.0060929600486185455,4.92450912986553e-6,6.579666148206052e-11,1.000044253674044,1.7874512536764087e-6,4.519662224104295e-5,278,2224,278,0.3623162945965755
0.01697698446129631,0.11541924148524395,0.006100018957389573,4.92450912986553e-6,6.082213925080995e-11,1.0000442596398995,1.6291846236526908e-6,4.546516720281488e-5,279,2232,279,0.32612108530835876
0.017037833867967624,0.11569940349952115,0.00610709507232326,4.92450912986553e-6,6.16293541565723e-11,1.0000442295577276,1.6156394622157677e-6,4.57341259937149e-5,280,2240,280,0.3316087119420681
0.017098683274638937,0.11597860388182957,0.006114188327340662,4.92450912986553e-6,6.591507871055327e-11,1.0000442103706155,1.445567704649875e-6,4.6003491191811264e-5,281,2248,281,0.3257241521110629
0.01715953268131025,0.1162568371726144,0.00612129867923663,4.924509129865531e-6,7.542857407211038e-11,1.0000443091351843,1.7138069665634248e-6,4.627325550331069e-5,282,2256,282,0.37239543304495665
0.017220382087981562,0.11653409393312074,0.006128426054022583,4.92450912986553e-6,8.143188451136568e-11,1.00004436367441,1.6872409247525866e-6,4.654341125960263e-5,283,2264,283,0.35458979596238954
0.017281231494652875,0.11681036502631331,0.00613557040604286,4.924509129865531e-6,7.55668972255276e-11,1.0000443762644449,1.7772086025047429e-6,4.681395035977363e-5,284,2272,284,0.3361537526291607
0.017342080901324188,0.1170856358218373,0.006142731670772808,4.924509129865531e-6,7.651337804612327e-11,1.0000443516232929,1.8703614657056278e-6,4.7084863909774256e-5,285,2280,285,0.3187010998485005
0.0174029303079955,0.11735989287283995,0.006149909775405487,4.924509129865532e-6,8.583032824108024e-11,1.00004432384605,1.8810704105476361e-6,4.735614426181608e-5,286,2288,286,0.30341465859705874
0.017463779714666814,0.1176331330228611,0.00615710467487023,4.92450912986553e-6,1.074712052572304e-10,1.0000444288035737,1.8013695424201615e-6,4.762778431204513e-5,287,2296,287,0.2920161529691179
0.017524629121338127,0.11790534864053355,0.006164316292076512,4.92450912986553e-6,9.913818688343641e-11,1.0000444880069208,1.652212944236453e-6,4.789977665023054e-5,288,2304,288,0.28673601596730336
0.01758547852800944,0.11817653083678892,0.006171544572154351,4.92450912986553e-6,9.750617106431589e-11,1.0000445044711717,1.4349947896619142e-6,4.817211323843167e-5,289,2312,289,0.2867397124043577
0.017646327934680753,0.1184466674314687,0.006178789455625377,4.924509129865531e-6,1.0457825658418518e-10,1.000044483059689,1.327184065758047e-6,4.8444785023533814e-5,290,2320,290,0.2909970249659707
0.017707177341352066,0.1187157427408559,0.006186050865145786,4.924509129865532e-6,1.311119051268631e-10,1.0000444603055292,1.2984378940927854e-6,4.871778398237217e-5,291,2328,291,0.29675768513875955
0.01776802674802338,0.11898375389333024,0.006193328753215727,4.924509129865531e-6,1.3362913153544916e-10,1.0000445682173968,1.4719001129037679e-6,4.899110277411938e-5,292,2336,292,0.30244001322186936
0.01782887615469469,0.11925069629712184,0.006200623040394852,4.924509129865532e-6,1.3291065516120582e-10,1.0000446291843819,1.5931197694385446e-6,4.9264734428531745e-5,293,2344,293,0.30709011742880743
0.017889725561366004,0.11951656190697561,0.006207933663007325,4.92450912986553e-6,1.316551200732729e-10,1.000044646623741,1.65266005325293e-6,4.9538671195379386e-5,294,2352,294,0.3094795824134658
0.017950574968037317,0.11978133870058104,0.00621526056381262,4.92450912986553e-6,1.4022380595497172e-10,1.0000446254644275,1.646360558993365e-6,4.981290425007139e-5,295,2360,295,0.31076409901534263
0.01801142437470863,0.12004501316344893,0.0062226036637715474,4.924509129865531e-6,1.3961050661074298e-10,1.0000446186179368,1.681227423944165e-6,5.0087425237656783e-5,296,2368,296,0.31097376627493917
0.018072273781379943,0.12030758076047916,0.0062299629131156034,4.92450912986553e-6,1.4050404110979833e-10,1.0000447257953244,1.7265330498617004e-6,5.036222643005771e-5,297,2376,297,0.31148025749924557
0.018133123188051256,0.12056903898751337,0.0062373382293905415,4.924509129865531e-6,1.4302635759534679e-10,1.00004478532323,1.6501918054245834e-6,5.063730104379552e-5,298,2384,298,0.3128209528816888
0.01819397259472257,0.12082938136705303,0.006244729541942398,4.92450912986553e-6,1.389215952763633e-10,1.0000448008523268,1.6111380602978898e-6,5.091264182226825e-5,299,2392,299,0.31497052587833974
0.018254822001393882,0.12108859489989832,0.006252136794111896,4.92450912986553e-6,1.3506660700461276e-10,1.0000447772074854,1.613274775991158e-6,5.118824021065973e-5,300,2400,300,0.31879628815745564
0.018315671408065195,0.12134666949588878,0.006259559907154363,4.92450912986553e-6,1.3312947925783587e-10,1.000044796858739,1.6045462416514056e-6,5.146408779784213e-5,301,2408,301,0.32289320717762066
0.018376520814736508,0.12160360034801831,0.006266998829346848,4.924509129865531e-6,1.3265202817028155e-10,1.0000448996767053,1.645002384975669e-6,5.1740176575546525e-5,302,2416,302,0.32734461666900677
0.01843737022140782,0.12185938503775084,0.0062744534745736,4.92450912986553e-6,1.340227887921389e-10,1.000044953497092,1.6148305803653784e-6,5.2016499601206256e-5,303,2424,303,0.3330571112442275
0.018498219628079134,0.12211401898335056,0.0062819237655563345,4.92450912986553e-6,1.329436352193646e-10,1.000044963009488,1.6316631601398512e-6,5.2293050101893875e-5,304,2432,304,0.33858394536457265
0.018559069034750447,0.12236748836083704,0.006289409646440305,4.924509129865531e-6,1.2771053373736824e-10,1.0000449339034179,1.6004694458615631e-6,5.256981958368302e-5,305,2440,305,0.3439913679073187
0.01861991844142176,0.12261978528483612,0.006296911040508487,4.92450912986553e-6,1.2468521370948062e-10,1.0000449868135846,1.69017475570854e-6,5.2846799744318894e-5,306,2448,306,0.34978448988620137
0.018680767848093072,0.12287090720768819,0.006304427892372231,4.924509129865531e-6,1.2349109210687963e-10,1.0000450811425268,1.9351798385969232e-6,5.3123982757548774e-5,307,2456,307,0.3552365520445319
0.018741617254764385,0.123120849760746,0.00631196011135517,4.92450912986553e-6,1.2455288986589895e-10,1.0000451259356822,2.132030196833057e-6,5.340136141511836e-5,308,2464,308,0.3606079176905265
0.018802466661435698,0.12336961006344667,0.006319507616271288,4.92450912986553e-6,1.253168110798589e-10,1.0000451267673136,2.197507420476086e-6,5.36789289431308e-5,309,2472,309,0.3657932514480608
0.01886331606810701,0.12361717396074115,0.006327070349984637,4.92450912986553e-6,1.1936926803771415e-10,1.0000450893449668,2.1039893383090202e-6,5.395667679036408e-5,310,2480,310,0.3698860057584349
0.018924165474778324,0.12386353478200583,0.00633464823927951,4.924509129865531e-6,1.1635431300562492e-10,1.0000451780614208,1.8513915733819886e-6,5.423459714995531e-5,311,2488,311,0.37055227924128586
0.018985014881449637,0.12410869309947589,0.006342241224021387,4.924509129865531e-6,1.1589967991997301e-10,1.000045259855939,1.6813114598335233e-6,5.4512682545457195e-5,312,2496,312,0.3639942091313072
0.01904586428812095,0.12435264181223535,0.0063498492089568825,4.924509129865531e-6,1.1835844359711323e-10,1.0000452923273113,1.633143767776346e-6,5.47909252329451e-5,313,2504,313,0.3516049910805766
0.019106713694792263,0.12459537925770578,0.006357472111321647,4.924509129865531e-6,1.1838719870208453e-10,1.0000452817684267,1.6424703375150784e-6,5.506931817932299e-5,314,2512,314,0.3356732651962904
0.019167563101463576,0.12483689285861117,0.006365109871868226,4.92450912986553e-6,1.1401445266416906e-10,1.0000452399414932,1.6950830072914869e-6,5.534785305190284e-5,315,2520,315,0.31831562791882145
0.01922841250813489,0.12507717710336497,0.006372762423457241,4.924509129865531e-6,1.1345259728110103e-10,1.0000453603010724,1.6557384796556107e-6,5.562652262335348e-5,316,2528,316,0.30248082378681107
0.0192892619148062,0.12531623254851001,0.006380429697215615,4.92450912986553e-6,1.1645175451355884e-10,1.000045427554517,1.6438628236414843e-6,5.590531929512497e-5,317,2536,317,0.29170719486667007
0.019350111321477514,0.12555405212127788,0.006388111593677958,4.92450912986553e-6,1.226661581073461e-10,1.0000454456801708,1.7043753075540735e-6,5.618423509647241e-5,318,2544,318,0.29369192768299357
0.019410960728148827,0.12579063467416343,0.006395808033315579,4.92450912986553e-6,1.201892213785311e-10,1.0000454219824868,1.743579858271005e-6,5.646326282190088e-5,319,2552,319,0.3142876861628215
0.01947181013482014,0.12602597058784376,0.006403518955245786,4.924509129865532e-6,1.2117898985912402e-10,1.0000454258955684,1.6854148299216831e-6,5.674239456712071e-5,320,2560,320,0.3491973964659941
0.019532659541491453,0.12626005383645034,0.006411244293853432,4.924509129865531e-6,1.2641804498368122e-10,1.0000455297077846,1.634675861339474e-6,5.7021623186387885e-5,321,2568,321,0.3877219679718281
0.019593508948162766,0.12649288470308817,0.006418983970335447,4.924509129865531e-6,1.3464687927424786e-10,1.0000455804741575,1.6481031650528166e-6,5.730094069330933e-5,322,2576,322,0.3465696045847413
0.01965435835483408,0.12672445815449732,0.006426737885513596,4.92450912986553e-6,1.4391549427844802e-10,1.000045583757097,1.8884542782870994e-6,5.758033969689659e-5,323,2584,323,0.3755411512381254
0.019715207761505392,0.12695477230706245,0.006434505962745042,4.924509129865531e-6,1.4577232767264007e-10,1.0000455469270553,1.7480168423844589e-6,5.7859812957082494e-5,324,2592,324,0.3241052997920014
0.019776057168176705,0.1271838202261944,0.006442288144701926,4.924509129865531e-6,1.5380875141586184e-10,1.0000456011127832,1.8897258868832978e-6,5.813935239712973e-5,325,2600,325,0.3529917718260229
0.019836906574848018,0.1274115944702404,0.006450084356231117,4.924509129865531e-6,1.663192629439314e-10,1.0000456843889436,1.940739879913167e-6,5.8418950749743604e-5,326,2608,326,0.38356081866284286
0.01989775598151933,0.12763809742229956,0.006457894513682255,4.924509129865531e-6,1.8063512721422424e-10,1.0000457159620966,1.381045766635225e-6,5.869860051847631e-5,327,2616,327,0.31003953167103376
0.019958605388190644,0.12786332583582244,0.00646571852236566,4.924509129865532e-6,1.7891906900787405e-10,1.0000457022907254,1.6412283976308117e-6,5.897829515752223e-5,328,2624,328,0.3365373702522669
0.020019454794861957,0.12808727753623883,0.006473556309824726,4.924509129865531e-6,1.8536588748963828e-10,1.00004565017853,1.7923539985531534e-6,5.925802704494862e-5,329,2632,329,0.36582422198217524
0.02008030420153327,0.12830994544337165,0.006481407814519734,4.924509129865531e-6,2.0068221953625446e-10,1.0000457530665243,1.2677926264359485e-6,5.9537787777669354e-5,330,2640,330,0.2738577821120238
0.020141153608204582,0.12853132467200645,0.006489272954901373,4.92450912986553e-6,1.9863654857694862e-10,1.0000458157373975,1.5377402462490863e-6,5.981757066915862e-5,331,2648,331,0.2991895556465884
0.020202003014875895,0.12875141872820636,0.006497151643490799,4.92450912986553e-6,2.0026709445691005e-10,1.0000458281375517,1.7032458998755828e-6,6.009736854362133e-5,332,2656,332,0.32551266169087556
0.020262852421547208,0.12897022697020735,0.006505043793031624,4.924509129865528e-6,2.137811986155307e-10,1.0000457972853953,1.7301658772339579e-6,6.0377175799793195e-5,333,2664,333,0.35023465148064586
0.02032370182821852,0.12918774701877697,0.006512949338350922,4.92450912986553e-6,2.332470728658401e-10,1.0000457896915893,1.6624593257574816e-6,6.065698447677641e-5,334,2672,334,0.3726958275494867
0.020384551234889834,0.12940397076996746,0.006520868203206844,4.92450912986553e-6,2.41839856168271e-10,1.0000458845232134,1.3201937321127843e-6,6.0936786770965984e-5,335,2680,335,0.2949156228112825
0.020445400641561147,0.12961889722893605,0.0065288003060409395,4.924509129865531e-6,2.533162061946811e-10,1.0000459251838079,1.4196480435657577e-6,6.12165761227062e-5,336,2688,336,0.3129059146951962
0.02050625004823246,0.12983253034129597,0.006536745560739987,4.92450912986553e-6,2.7022285800771853e-10,1.0000459180411856,1.5264164971995342e-6,6.149634597343308e-5,337,2696,337,0.3316417237142621
0.020567099454903773,0.13004487431567047,0.006544703882475436,4.924509129865531e-6,2.8970567073392336e-10,1.0000458707051028,1.6307716066421563e-6,6.177609143416636e-5,338,2704,338,0.35268614879946925
0.020627948861575086,0.13025592357821755,0.006552675213642252,4.924509129865531e-6,3.112261835103286e-10,1.0000459235478667,1.8537576806920697e-6,6.205580471509354e-5,339,2712,339,0.3767971639053732
0.0206887982682464,0.13046567169106094,0.006560659461002266,4.92450912986553e-6,3.300076053968575e-10,1.0000459929183394,1.3978205259945753e-6,6.233547898249239e-5,340,2720,340,0.31192206408015477
0.02074964767491771,0.130674122123394,0.006568656546876858,4.924509129865531e-6,3.3556916118204863e-10,1.000046010812165,1.5547131795301539e-6,6.261510759068995e-5,341,2728,341,0.3332962420105866
0.020810497081589024,0.13088128099583493,0.006576666390118838,4.924509129865531e-6,3.5353890987945286e-10,1.0000459846416696,1.719822307677532e-6,6.289468521948885e-5,342,2736,342,0.3540557212084428
0.020871346488260337,0.13108715391228393,0.006584688911284715,4.924509129865532e-6,3.5299467795983217e-10,1.0000459328815374,1.755111682655297e-6,6.31742074766342e-5,343,2744,343,0.3754575511896797
0.02093219589493165,0.13129173078907108,0.00659272404558735,4.92450912986553e-6,3.4361107693593945e-10,1.0000460332919408,1.4197098607837688e-6,6.345366706875851e-5,344,2752,344,0.298748356781245
0.020993045301602963,0.13149501325132862,0.006600771694255857,4.924509129865532e-6,3.4964612727893985e-10,1.0000460782951424,1.614991695930712e-6,6.373305809608107e-5,345,2760,345,0.31232978020114943
0.021053894708274276,0.13169700810390042,0.006608831790151191,4.924509129865531e-6,3.647897109700232e-10,1.0000460749108653,1.7043092270796478e-6,6.401237428143975e-5,346,2768,346,0.3235833481184794
0.02111474411494559,0.1318977234479109,0.006616904244694004,4.924509129865531e-6,3.8303635344599165e-10,1.0000460296886997,1.6935818081265097e-6,6.429161223649688e-5,347,2776,347,0.3348817865620416
0.021175593521616902,0.1320971604268659,0.006624988997885931,4.92450912986553e-6,3.7575446384421735e-10,1.0000460490949485,1.574720783992234e-6,6.457076726862873e-5,348,2784,348,0.3465339630323212
0.021236442928288215,0.1322953115677383,0.006633085961201745,4.92450912986553e-6,3.8185405080420844e-10,1.0000461224784396,1.7938437508746574e-6,6.484983331215603e-5,349,2792,349,0.35970466313840077
0.021297292334959528,0.13249218828507925,0.00664119504748846,4.92450912986553e-6,3.921066800367106e-10,1.000046143236196,1.8125484189113195e-6,6.512880517202908e-5,350,2800,350,0.3725957296473287
0.02135814174163084,0.13268779594054458,0.006649316192263565,4.924509129865531e-6,4.0330658479676034e-10,1.0000461188549978,1.747801178453301e-6,6.540767804122045e-5,351,2808,351,0.38264308785857815
0.021418991148302154,0.13288214393759468,0.006657449310017166,4.924509129865531e-6,4.1928320063845187e-10,1.0000460561412776,1.1628386289430637e-6,6.568644937092896e-5,352,2816,352,0.29140214638999024
0.021479840554973467,0.13307522973232508,0.0066655943429446375,4.92450912986553e-6,4.459401859790374e-10,1.0000461460322503,1.243515271198703e-6,6.596511497630233e-5,353,2824,353,0.29624009495953313
0.02154068996164478,0.13326705489136548,0.006673751187087829,4.92450912986553e-6,4.42268360441386e-10,1.000046191061831,1.3024947165263256e-6,6.624367023995992e-5,354,2832,354,0.30001668805936826
0.021601539368316092,0.1334576340889031,0.0066819197792429685,4.924509129865531e-6,4.4252655543824187e-10,1.0000461876684503,1.3068638651247966e-6,6.652211044350574e-5,355,2840,355,0.3009906523512469
0.021662388774987405,0.13364697084399238,0.0066901000386348,4.92450912986553e-6,4.5166872919466417e-10,1.0000461434809234,1.518180518189638e-6,6.680043281033503e-5,356,2848,356,0.2983417129366989
0.021723238181658718,0.1338350755164646,0.006698291907040634,4.92450912986553e-6,4.73389536752793e-10,1.000046149772318,1.6205246282652297e-6,6.707863513936029e-5,357,2856,357,0.2932136667044027
0.02178408758833003,0.13402194734589384,0.0067064953027177274,4.92450912986553e-6,5.064320914978357e-10,1.000046221353772,2.123314729374215e-6,6.73567140934683e-5,358,2864,358,0.3861684971589899
0.021844936995001344,0.13420759686317552,0.00671471012817727,4.92450912986553e-6,4.952058479265235e-10,1.0000462408335673,1.9782742981533374e-6,6.763466633124267e-5,359,2872,359,0.3777811580634607
0.021905786401672657,0.13439203367279054,0.006722936329334346,4.92450912986553e-6,4.939807481748706e-10,1.0000462158907228,1.7043626883150864e-6,6.79124885330714e-5,360,2880,360,0.36636673210845283
0.02196663580834397,0.1345752651874522,0.006731173830793418,4.92450912986553e-6,5.009429494795514e-10,1.0000461519552348,1.446135033944529e-6,6.819017971559466e-5,361,2888,361,0.3555405670257197
0.022027485215015283,0.13475730103024827,0.0067394225788654115,4.92450912986553e-6,5.146080507988308e-10,1.0000462370955363,1.5023462367480533e-6,6.846773715763758e-5,362,2896,362,0.35040924298247567
0.022088334621686596,0.13493814635932402,0.006747682473190697,4.924509129865531e-6,5.37698279463692e-10,1.0000462782004462,1.5527440666573966e-6,6.874515906517514e-5,363,2904,363,0.3499213805025785
0.02214918402835791,0.13511781258214708,0.006755953432153921,4.924509129865531e-6,5.365727466555006e-10,1.0000462714748422,1.6280095493925728e-6,6.90224429214015e-5,364,2912,364,0.3498695932087281
0.02221003343502922,0.13529630949376262,0.006764235401512586,4.92450912986553e-6,5.266801475275584e-10,1.0000462239524777,1.6866012586547185e-6,6.929958841723338e-5,365,2920,365,0.3467712229664773
0.022270882841700534,0.13547364633524783,0.006772528333682705,4.92450912986553e-6,5.144792719107523e-10,1.0000462336899534,1.6370293565159955e-6,6.957659382480916e-5,366,2928,366,0.34489503046176767
0.022331732248371847,0.13564983240374662,0.006780832146666933,4.92450912986553e-6,5.205719158122565e-10,1.0000462977583078,1.629590329343955e-6,6.985345748198102e-5,367,2936,367,0.34664086876279204
0.02239258165504316,0.1358248765306575,0.006789146736623682,4.924509129865531e-6,5.424973568097977e-10,1.0000463105834396,1.5962246635581323e-6,7.013017891689331e-5,368,2944,368,0.3503097433631336
0.022453431061714473,0.1359987911529389,0.0067974720432427485,4.92450912986553e-6,5.203745316585654e-10,1.0000462802207677,1.566634807659284e-6,7.040675734859348e-5,369,2952,369,0.3523455062589334
0.022514280468385786,0.13617158693029013,0.006805808024952388,4.92450912986553e-6,4.944017310573073e-10,1.0000462177680527,1.603157613772055e-6,7.068319362829498e-5,370,2960,370,0.3526038898811961
0.0225751298750571,0.13634327410481206,0.006814154619909822,4.924509129865531e-6,4.87493072761725e-10,1.000046304072707,1.517131835271357e-6,7.095948534955733e-5,371,2968,371,0.3531144709909542
0.022635979281728412,0.13651386149937766,0.006822511732103682,4.92450912986553e-6,5.000157374229681e-10,1.000046336140765,1.5108572171129708e-6,7.123563286665325e-5,372,2976,372,0.3527029321020222
0.022696828688399725,0.13668336044670276,0.006830879276322132,4.92450912986553e-6,5.208514283234982e-10,1.000046322541968,1.6203687493998586e-6,7.151163602352157e-5,373,2984,373,0.34818998724852285
0.022757678095071038,0.13685178416350965,0.006839257218515262,4.92450912986553e-6,4.81271895257638e-10,1.0000462690226288,1.7220920085492253e-6,7.178749578815003e-5,374,2992,374,0.3368644914651505
0.02281852750174235,0.13701914771021445,0.006847645508668657,4.92450912986553e-6,4.6232265409263565e-10,1.000046294918144,1.7583290770062376e-6,7.206321357534429e-5,375,3000,375,0.3163082083602141
0.022879376908413664,0.13718545574662944,0.006856044068791295,4.92450912986553e-6,4.629753916531615e-10,1.0000463451930026,1.8076987018389445e-6,7.233878753140074e-5,376,3008,376,0.3635406020037511
0.022940226315084977,0.13735071895997955,0.0068644528015458185,4.92450912986553e-6,4.701863066800451e-10,1.0000463470938405,1.5702664057926086e-6,7.261421843159649e-5,377,3016,377,0.3299056213135529
0.02300107572175629,0.1375149501471656,0.006872871660083355,4.92450912986553e-6,4.736448153899726e-10,1.0000463071405172,1.8370732490780028e-6,7.288950658423432e-5,378,3024,378,0.38387685281968564
0.023061925128427602,0.1376781693422018,0.0068813006073620625,4.92450912986553e-6,4.4247757532979645e-10,1.0000462643770232,1.6409083229973476e-6,7.316465654301652e-5,379,3032,379,0.35809961546650815
0.023122774535098915,0.13784038208793836,0.006889739578713921,4.92450912986553e-6,4.162649543217811e-10,1.0000463340185075,1.557283457742642e-6,7.34396663761743e-5,380,3040,380,0.343587575134471
0.023183623941770228,0.13800159260142644,0.006898188485000725,4.924509129865531e-6,4.075956476996867e-10,1.0000463526395682,1.4919177004912854e-6,7.371453598871658e-5,381,3048,381,0.33731547934411343
0.02324447334844154,0.1381618171799358,0.006906647252733711,4.92450912986553e-6,4.193302699085469e-10,1.0000463276988667,1.468878707555632e-6,7.398926664643166e-5,382,3056,382,0.33741694022171054
0.023305322755112854,0.13832107187425693,0.006915115867507791,4.924509129865532e-6,3.916907053491759e-10,1.0000462642770953,1.6710147860976576e-6,7.426386214192379e-5,383,3064,383,0.34186828697418215
0.023366172161784167,0.1384793716681025,0.006923594259402448,4.92450912986553e-6,3.5854567357595205e-10,1.000046308229037,1.7368051885569002e-6,7.453832466255606e-5,384,3072,384,0.34509991053896716
0.02342702156845548,0.13863671238727443,0.006932082360345944,4.924509129865531e-6,3.470405699880852e-10,1.0000463432852946,1.6332315055933577e-6,7.481265183354213e-5,385,3080,385,0.34487446835612834
0.023487870975126793,0.13879311232521627,0.006940580083612637,4.92450912986553e-6,3.5878461102449456e-10,1.00004633293927,1.5974192706380563e-6,7.508684588920951e-5,386,3088,386,0.3357594152567564
0.023548720381798106,0.13894858784324726,0.006949087414557896,4.92450912986553e-6,3.405846335633019e-10,1.0000462827343117,1.4794423748298868e-6,7.536090903888632e-5,387,3096,387,0.3250169569713618
0.02360956978846942,0.1391031540260051,0.006957604293327523,4.92450912986553e-6,3.1546353562562016e-10,1.0000462683764724,1.3868850956555434e-6,7.563484676217253e-5,388,3104,388,0.3206285328930357
0.02367041919514073,0.13925681028478726,0.006966130657139062,4.924509129865532e-6,3.155523251418071e-10,1.0000463198538252,1.4345020282746646e-6,7.590865721751184e-5,389,3112,389,0.3330369523325339
0.023731268601812044,0.13940956639671265,0.0069746664253891935,4.92450912986553e-6,3.410975218087856e-10,1.0000463236344168,1.5545271736527866e-6,7.618234077644863e-5,390,3120,390,0.370427592442542
0.023792118008483357,0.1395614450140035,0.006983211565089296,4.924509129865531e-6,3.2244445630972213e-10,1.0000462859791002,1.6393180146678787e-6,7.64559004274905e-5,391,3128,391,0.3379939735741542
0.02385296741515467,0.13971245656732714,0.00699176604317801,4.92450912986553e-6,3.1965634569576427e-10,1.0000462117073912,1.735908085720439e-6,7.672934035813855e-5,392,3136,392,0.3910334475727448
0.023913816821825983,0.13986260642453482,0.007000329784330666,4.92450912986553e-6,3.4013031995753484e-10,1.0000462785181523,1.6012158141620603e-6,7.700266178920179e-5,393,3144,393,0.3467495171531385
0.023974666228497296,0.14001189870807995,0.007008902728167257,4.924509129865532e-6,3.6901652337150793e-10,1.0000462960887937,1.8115290600917433e-6,7.727586400961923e-5,394,3152,394,0.368805510358243
0.02403551563516861,0.14016035487770317,0.007017484817904602,4.92450912986553e-6,3.6740635379865656e-10,1.0000462715254828,1.8947067843555487e-6,7.754895012417218e-5,395,3160,395,0.38210266749942895
0.024096365041839922,0.14030798685613063,0.007026076045777321,4.92450912986553e-6,3.849530738907258e-10,1.0000462083957304,1.7669730567604347e-6,7.782192258040243e-5,396,3168,396,0.38162800332591407
0.024157214448511235,0.14045479890061224,0.007034676329765531,4.92450912986553e-6,3.783264810660935e-10,1.000046221166512,1.590897547032455e-6,7.809478415962157e-5,397,3176,397,0.36782029301878216
0.024218063855182548,0.14060079896196329,0.007043285615132554,4.92450912986553e-6,3.912835556394603e-10,1.0000462533079972,1.4943099131414783e-6,7.836753521406533e-5,398,3184,398,0.34232532719691383
0.02427891326185386,0.14074600194965134,0.007051903841174711,4.92450912986553e-6,4.236323214787497e-10,1.0000462416856908,1.6686806816323951e-6,7.864017719791418e-5,399,3192,399,0.3860426251291442
0.024339762668525174,0.14089042110646544,0.007060531007632474,4.924509129865531e-6,4.1966140836387433e-10,1.0000461907450784,1.6833153608786233e-6,7.891271243882594e-5,400,3200,400,0.3978141668450013
0.024400612075196487,0.1410340629283084,0.007069167042049198,4.924509129865531e-6,4.1335958509907646e-10,1.0000461528443179,1.4613403891416965e-6,7.918514455950614e-5,401,3208,401,0.3290428324841908
0.0244614614818678,0.14117693320192182,0.007077811879564064,4.924509129865531e-6,4.279666966147411e-10,1.0000462002128903,1.599863537649071e-6,7.945747446947774e-5,402,3216,402,0.32696703118289233
0.024522310888539112,0.14131904582503957,0.0070864654676710305,4.92450912986553e-6,4.5603435326181037e-10,1.0000462017353389,1.454709064319104e-6,7.97297017722275e-5,403,3224,403,0.33278987146035227
0.024583160295210425,0.14146041157767003,0.007095127803423244,4.92450912986553e-6,4.815332604624695e-10,1.000046163001566,1.5092116143478052e-6,8.000182903031966e-5,404,3232,404,0.3334517739898745
0.024644009701881738,0.14160104366287224,0.007103798833664415,4.924509129865531e-6,4.761307942632344e-10,1.0000460879712059,1.68391130728196e-6,8.02738613488445e-5,405,3240,405,0.37588141047508733
0.02470485910855305,0.1417409440392986,0.007112478479487054,4.924509129865531e-6,4.847532115052298e-10,1.0000461374776155,1.7839568045019405e-6,8.054579922494051e-5,406,3248,406,0.39740046366866233
0.024765708515224364,0.14188012328343427,0.007121166695929179,4.92450912986553e-6,5.015540270124344e-10,1.0000461520014516,1.2744035018386057e-6,8.081764191418286e-5,407,3256,407,0.3059144282394778
0.024826557921895677,0.14201859222028265,0.007129863473700657,4.92450912986553e-6,5.262499793231229e-10,1.0000461256809243,1.2941345914896374e-6,8.108939116953044e-5,408,3264,408,0.3032380245804255
0.02488740732856699,0.1421563656890773,0.00713856877767704,4.92450912986553e-6,5.719873601899499e-10,1.0000460614557825,1.3083887893117208e-6,8.136105259442164e-5,409,3272,409,0.3014022545914369
0.024948256735238303,0.1422934522989838,0.007147282526932511,4.92450912986553e-6,5.630953902366391e-10,1.0000460661071222,1.401848408022488e-6,8.163262874053408e-5,410,3280,410,0.3025869184177505
0.025009106141909616,0.14242985063756686,0.007156004671893863,4.924509129865531e-6,5.625047363126854e-10,1.0000460931762476,1.5389275631605415e-6,8.190411716358848e-5,411,3288,411,0.30654920206775077
0.02506995554858093,0.1425655756950783,0.007164735204719981,4.924509129865532e-6,5.748091759499637e-10,1.0000460781334237,1.5954340142343426e-6,8.217551928451876e-5,412,3296,412,0.3140451463273731
0.02513080495525224,0.142700640239304,0.007173474098498697,4.92450912986553e-6,6.121275005417556e-10,1.000046024663258,1.5189286273198377e-6,8.244683988745554e-5,413,3304,413,0.32319414419331377
0.025191654361923554,0.14283506059434578,0.007182221281992308,4.92450912986553e-6,6.457103572087693e-10,1.0000459860694704,1.5332936698086996e-6,8.271808423061119e-5,414,3312,414,0.32888584023143713
0.025252503768594867,0.14296883217044923,0.007190976690783414,4.92450912986553e-6,6.273544157515754e-10,1.0000460257292132,1.4839750690498477e-6,8.298925021243081e-5,415,3320,415,0.33005410844860883
0.02531335317526618,0.14310196358086844,0.007199740328902089,4.92450912986553e-6,6.239871048720065e-10,1.0000460220191243,1.74178751422005e-6,8.326033843320445e-5,416,3328,416,0.39677555461460556
0.025374202581937493,0.1432344684584045,0.0072085121666464694,4.924509129865531e-6,6.264721533409142e-10,1.0000459796817518,1.510308766938806e-6,8.353135206777285e-5,417,3336,417,0.38025805790805817
0.025435051988608806,0.14336636920022672,0.007217292145317327,4.924509129865531e-6,6.585193828530245e-10,1.000045902352352,1.4370598080404307e-6,8.380229758621063e-5,418,3344,418,0.35504718534553176
0.02549590139528012,0.1434976643925338,0.0072260801952627645,4.924509129865532e-6,6.849385835219122e-10,1.0000459518313267,1.3437997381515743e-6,8.407317638322547e-5,419,3352,419,0.32192761435101275
0.025556750801951432,0.14362835235879978,0.007234876323895626,4.92450912986553e-6,6.307078696221117e-10,1.0000459603545278,1.7023461680309993e-6,8.434398701706038e-5,420,3360,420,0.36490573142434246
0.025617600208622745,0.14375845146413616,0.007243680498273336,4.924509129865531e-6,6.15042842555235e-10,1.000045929569501,1.504507082472628e-6,8.461473247109112e-5,421,3368,421,0.3270630017808631
0.025678449615294058,0.14388798246395648,0.007252492673101006,4.924509129865531e-6,6.337082613662641e-10,1.0000458623713824,1.3115968613419682e-6,8.488541904735496e-5,422,3376,422,0.309271910582639
0.02573929902196537,0.14401694830854161,0.007261312777635507,4.92450912986553e-6,6.887554092141241e-10,1.0000458771201701,1.3804189791244426e-6,8.515605041972011e-5,423,3384,423,0.32333079916336893
0.025800148428636684,0.144145345514344,0.0072701408161847956,4.92450912986553e-6,6.349683879634766e-10,1.0000458973477095,1.768835389270862e-6,8.542662675837734e-5,424,3392,424,0.36600044023617795
0.025860997835307997,0.14427319232368133,0.00727897676238442,4.92450912986553e-6,6.063537221558403e-10,1.0000458770846359,1.6961029984940978e-6,8.569714877524091e-5,425,3400,425,0.3444107347722144
0.02592184724197931,0.1444005073275857,0.007287820573980229,4.92450912986553e-6,6.126645764888901e-10,1.000045820330593,1.7906735649830807e-6,8.596762326750164e-5,426,3408,426,0.3881250128789422
0.025982696648650622,0.14452729433760117,0.007296672189749901,4.924509129865531e-6,6.548875036538375e-10,1.00004580435379,1.3562486245177752e-6,8.623805498584774e-5,427,3416,427,0.3282397298615639
0.026043546055321935,0.14465355325999202,0.007305531598662805,4.92450912986553e-6,6.404590205897902e-10,1.0000458355222677,1.4768293254974196e-6,8.650844611149611e-5,428,3424,428,0.3467811143665159
0.026104395461993248,0.14477929953045876,0.007314398795559964,4.92450912986553e-6,5.988784044793224e-10,1.0000458254627198,1.6330696794852884e-6,8.67787973697503e-5,429,3432,429,0.3650317979000319
0.02616524486866456,0.1449045502236334,0.0073232737262716955,4.92450912986553e-6,5.937103298463758e-10,1.0000457784642385,1.7701035304185098e-6,8.704911395400671e-5,430,3440,430,0.3820927143324867
0.026226094275335874,0.14502931167010105,0.007332156349518771,4.92450912986553e-6,6.257124818036244e-10,1.0000457329806416,1.8495741755941708e-6,8.731940305991232e-5,431,3448,431,0.3935389105382576
0.026286943682007187,0.14515358536643364,0.007341046633550896,4.92450912986553e-6,6.472263170008903e-10,1.0000457741719246,1.8556459622232069e-6,8.758966724454976e-5,432,3456,432,0.4001092797150494
0.0263477930886785,0.1452773863784066,0.007349944594529987,4.92450912986553e-6,5.925837362301179e-10,1.0000457741330546,1.6898069645776559e-6,8.785990832611537e-5,433,3464,433,0.3976066324007784
0.026408642495349813,0.14540072607246837,0.007358850173148831,4.924509129865531e-6,5.765327088896397e-10,1.0000457360254569,1.6542732481639177e-6,8.81301305854922e-5,434,3472,434,0.38901713183639847
0.026469491902021126,0.14552361902977662,0.007367763333615489,4.92450912986553e-6,5.957903139396802e-10,1.000045663554471,1.7176769802063063e-6,8.840034105165089e-5,435,3480,435,0.37897047474046924
0.02653034130869244,0.14564606616128323,0.007376684042052312,4.92450912986553e-6,6.305908302111717e-10,1.0000457134753553,1.8230163618682127e-6,8.867054407051693e-5,436,3488,436,0.37450893847246786
0.02659119071536375,0.14576807915056958,0.007385612313097194,4.92450912986553e-6,5.707363571463575e-10,1.000045722125465,1.7624103065827512e-6,8.894074166126006e-5,437,3496,437,0.37594026963939936
0.026652040122035064,0.14588966699971903,0.007394548098536615,4.92450912986553e-6,5.381025534819306e-10,1.0000456921371517,1.8610919028105855e-6,8.921093729134825e-5,438,3504,438,0.3802424729793293
0.026712889528706377,0.14601084877037668,0.0074034913644012,4.924509129865531e-6,5.461938239919575e-10,1.0000456277665744,1.8178972709392838e-6,8.948113840962777e-5,439,3512,439,0.3837415843497831
0.02677373893537769,0.14613162757545176,0.007412442069788486,4.92450912986553e-6,5.861574159232019e-10,1.0000456517898124,1.62764468569776e-6,8.975134888263367e-5,440,3520,440,0.3827658893923942
0.026834588342049003,0.14625200947412464,0.007421400233929134,4.92450912986553e-6,5.247879591351032e-10,1.0000456681731429,1.5725056812243565e-6,9.00215719804493e-5,441,3528,441,0.3742002081286078
0.026895437748720316,0.1463720045299955,0.0074303658150181315,4.924509129865532e-6,4.948936027427587e-10,1.0000456460197522,1.5817903431525338e-6,9.02918104172891e-5,442,3536,442,0.3588513577427586
0.02695628715539163,0.14649162907059754,0.00743933877310632,4.92450912986553e-6,5.014227600964561e-10,1.00004558871711,1.4757931836584248e-6,9.056207173255679e-5,443,3544,443,0.34139887571419786
0.027017136562062942,0.14661089397843038,0.007448319082921184,4.92450912986553e-6,5.388669215560286e-10,1.000045586965816,1.306414262103317e-6,9.083235976821232e-5,444,3552,444,0.3286878147019646
0.027077985968734255,0.14672979798179225,0.007457306750091325,4.924509129865531e-6,4.795919773739871e-10,1.000045611331459,1.2964342488430702e-6,9.110267797738106e-5,445,3560,445,0.32605588993514706
0.027138835375405568,0.14684835168923369,0.007466301752469632,4.924509129865531e-6,4.5507208549456353e-10,1.000045596437816,1.4965533665645125e-6,9.1373028955289e-5,446,3568,446,0.3326011214829574
0.02719968478207688,0.14696657057863996,0.00747530404066406,4.92450912986553e-6,4.6008112139219626e-10,1.0000455455735113,1.6346133335787272e-6,9.164341929014807e-5,447,3576,447,0.3441933372788172
0.027260534188748194,0.1470844720159824,0.00748431359930075,4.924509129865532e-6,4.915954259648501e-10,1.0000455186336128,1.7489126662439958e-6,9.191385473616875e-5,448,3584,448,0.3577752158937699
0.027321383595419507,0.14720204484638377,0.007493330424167634,4.92450912986553e-6,4.349100174684763e-10,1.0000455500668732,1.7781969745556125e-6,9.218433811741767e-5,449,3592,449,0.3699879422587193
0.02738223300209082,0.14731930138475038,0.007502354505764215,4.92450912986553e-6,4.1242209537905876e-10,1.0000455417510135,1.7689999651793187e-6,9.245487080903684e-5,450,3600,450,0.37623193424235507
0.027443082408762132,0.14743625772983288,0.007511385790750137,4.92450912986553e-6,4.1343145560253703e-10,1.0000454977942836,1.7665352771700782e-6,9.272545965911717e-5,451,3608,451,0.3777080808424653
0.027503931815433445,0.1475529342028217,0.007520424271740227,4.92450912986553e-6,4.469337132884517e-10,1.000045446208964,1.7552229962802812e-6,9.299611195733503e-5,452,3616,452,0.37976282810915174
0.027564781222104758,0.14766931496109226,0.007529469937062512,4.92450912986553e-6,3.9232292168248617e-10,1.0000454843402202,1.6125598705230004e-6,9.326682916371078e-5,453,3624,453,0.3872278233183893
0.02762563062877607,0.14778541022822048,0.007538522786522186,4.92450912986553e-6,3.7018479830442924e-10,1.000045482896039,1.7519299717605463e-6,9.353761352811675e-5,454,3632,454,0.39909440215779973
0.027686480035447384,0.14790124013004205,0.007547582767538303,4.92450912986553e-6,3.808918829150725e-10,1.0000454453257186,1.613900650454525e-6,9.380846983158619e-5,455,3640,455,0.2961709798908681
0.027747329442118697,0.14801682060440025,0.00755664987603203,4.92450912986553e-6,4.177478110440625e-10,1.000045375525011,1.6201733217258152e-6,9.407940718531095e-5,456,3648,456,0.3488882214564184
0.02780817884879001,0.14813213937436695,0.007565724100375486,4.92450912986553e-6,3.6561405715518984e-10,1.000045415847029,1.4939279964210073e-6,9.435042758169633e-5,457,3656,457,0.30414186913878133
0.027869028255461323,0.14824720010632753,0.0075748054423917886,4.92450912986553e-6,3.514530081300782e-10,1.0000454208046348,1.3410502930355506e-6,9.462153196890113e-5,458,3664,458,0.30084593468792753
0.027929877662132636,0.14836202801230178,0.007583893853873379,4.92450912986553e-6,3.7416219718732417e-10,1.0000453891553054,2.094892977311247e-6,9.489272427729173e-5,459,3672,459,0.4006149249056176
0.02799072706880395,0.14847663243902498,0.0075929893305599,4.924509129865528e-6,3.934433428132718e-10,1.0000453255762458,1.8938889638775436e-6,9.516401543866781e-5,460,3680,460,0.38883342719994934
0.02805157647547526,0.1485910064026117,0.007602091864739862,4.92450912986553e-6,3.6435314589283966e-10,1.0000453447945714,1.7208391227541142e-6,9.543540598721222e-5,461,3688,461,0.38488562665750314
0.028112425882146574,0.14870515204666265,0.007611201454760901,4.924509129865531e-6,3.631681057121436e-10,1.0000453556938902,1.6717605149096926e-6,9.570689835035195e-5,462,3696,462,0.39052476814582854
0.028173275288817887,0.14881909072473787,0.007620318064086351,4.92450912986553e-6,3.8812466741211714e-10,1.0000453301620664,1.82123613967633e-6,9.597849626537138e-5,463,3704,463,0.40075490682899606
0.0282341246954892,0.14893282876909508,0.007629441679398934,4.92450912986553e-6,4.269144542031407e-10,1.0000452719651067,1.5513375473119595e-6,9.625020735037515e-5,464,3712,464,0.30673117779598114
0.028294974102160513,0.1490463670935814,0.0076385723035477795,4.92450912986553e-6,3.973228436925559e-10,1.0000452709391818,1.5515309925717702e-6,9.652203453120568e-5,465,3720,465,0.3096710663774881
0.028355823508831826,0.1491597061000666,0.00764770992732773,4.92450912986553e-6,4.005153060950247e-10,1.0000452878557002,1.5142648024379923e-6,9.67939813639707e-5,466,3728,466,0.3098862623704309
0.02841667291550314,0.14927285778259297,0.007656854523682721,4.92450912986553e-6,4.238167544333549e-10,1.0000452676012486,1.4173831743846677e-6,9.706604927400875e-5,467,3736,467,0.3079639465319039
0.028477522322174452,0.1493858287838326,0.007666006075801601,4.92450912986553e-6,4.669663258261289e-10,1.000045214711847,1.5439349283496995e-6,9.733824451370558e-5,468,3744,468,0.3070137789385096
0.028538371728845765,0.14949862742504413,0.007675164595098645,4.924509129865531e-6,4.6414125438269183e-10,1.000045195172513,1.8756736608338542e-6,9.761057168717973e-5,469,3752,469,0.30865060942694383
0.028599221135517078,0.14961125174281828,0.007684330061893717,4.924509129865531e-6,4.6223851739537795e-10,1.000045217368281,1.9501650001529924e-6,9.788303404240237e-5,470,3760,470,0.3120766576600139
0.02866007054218839,0.14972370306843416,0.007693502461455745,4.92450912986553e-6,4.834869508104327e-10,1.0000452022478303,1.7786513524242764e-6,9.815563167348676e-5,471,3768,471,0.31354511067085233
0.028720919948859704,0.14983599358844293,0.007702681772878906,4.92450912986553e-6,5.200230039966295e-10,1.0000451546292632,1.5092400218463808e-6,9.842837104277573e-5,472,3776,472,0.3107535665221211
0.028781769355531017,0.14994813314885846,0.0077118680114614336,4.92450912986553e-6,5.566593044397806e-10,1.0000451170734412,1.5097395333896202e-6,9.870125560446223e-5,473,3784,473,0.3050669779130528
0.02884261876220233,0.15006011445502593,0.007721061155414176,4.92450912986553e-6,5.485188495431827e-10,1.000045144525636,1.4031735702246806e-6,9.897428831769386e-5,474,3792,474,0.299908089148885
0.028903468168873642,0.15017193513027205,0.007730261194128129,4.924509129865531e-6,5.614072183319405e-10,1.000045134722897,1.889404359189939e-6,9.924746974081721e-5,475,3800,475,0.40949315170286565
0.028964317575544955,0.15028361336501986,0.0077394681030762925,4.92450912986553e-6,5.671601848318895e-10,1.0000450916899732,1.9493431722139576e-6,9.952080410003109e-5,476,3808,476,0.3956871466568409
0.029025166982216268,0.1503951536123728,0.007748681905197022,4.92450912986553e-6,6.027037937509372e-10,1.0000450375589185,1.907660248434695e-6,9.979429493021384e-5,477,3816,477,0.3806618358565382
0.02908601638888758,0.15050654554963064,0.007757902575859542,4.92450912986553e-6,6.454668117702805e-10,1.0000450700618722,1.7158227763047762e-6,0.000100067942627376,478,3824,478,0.3732812168046485
0.029146865795558894,0.15061778633275621,0.007767130100927969,4.92450912986553e-6,5.916756347701133e-10,1.00004506494769,1.7379871621869825e-6,0.00010034174784891411,479,3832,479,0.37406083232247833
0.029207715202230207,0.15072889629037475,0.007776364462252712,4.92450912986553e-6,5.812348003819605e-10,1.0000450267847056,2.0361705139748665e-6,0.00010061571404621659,480,3840,480,0.3750203415411323
0.02926856460890152,0.1508398765161316,0.007785605683331596,4.92450912986553e-6,6.085066669898146e-10,1.000044959825747,2.1610078988487658e-6,0.00010088984419499202,481,3848,481,0.3749518905879521
0.029329414015572833,0.15095071154327072,0.0077948537396839756,4.92450912986553e-6,6.77457972472352e-10,1.0000449939811218,2.1180696307965263e-6,0.0001011641347163496,482,3856,482,0.374813485812636
0.029390263422244146,0.15106139977430255,0.00780410861068575,4.92450912986553e-6,6.165067336138672e-10,1.0000449935321805,1.866947854978207e-6,0.00010143858763912754,483,3864,483,0.37276030684702066
0.02945111282891546,0.15117196339513272,0.007813370290586595,4.924509129865531e-6,5.964019379216759e-10,1.0000449597405099,1.742738575671865e-6,0.00010171320498060983,484,3872,484,0.3694346707116692
0.02951196223558677,0.15128239966237295,0.00782263879433313,4.92450912986553e-6,6.159192805379556e-10,1.0000448970506293,1.720518838510543e-6,0.00010198798770883105,485,3880,485,0.3661812755007095
0.029572811642258084,0.15139268967911862,0.007831914101928227,4.92450912986553e-6,6.763892938849774e-10,1.0000449168213776,1.5091888627694061e-6,0.00010226293116910248,486,3888,486,0.368076258627307
0.029633661048929397,0.1515028337112765,0.007841196185741328,4.92450912986553e-6,6.391329555868608e-10,1.0000449204172446,1.6893299630282854e-6,0.00010253803787932092,487,3896,487,0.37536884229018896
0.02969451045560071,0.151612852774671,0.007850485051921553,4.92450912986553e-6,6.093659073868549e-10,1.0000448908336976,1.807916305551771e-6,0.00010281330747620363,488,3904,488,0.3845273690513122
0.029755359862272023,0.15172274109840872,0.007859780706063555,4.92450912986553e-6,6.213890555438765e-10,1.0000448325376927,1.9242232696115025e-6,0.000103088740449365,489,3912,489,0.3943652702901904
0.029816209268943336,0.151832479171938,0.00786908313490345,4.92450912986553e-6,6.74604990263479e-10,1.0000448384431193,1.7510920713448286e-6,0.0001033643309797585,490,3920,490,0.40185283822717516
0.02987705867561465,0.15194206968712484,0.007878392304274203,4.924509129865528e-6,6.577123393925879e-10,1.000044846358853,2.00052969034914e-6,0.00010364008161080076,491,3928,491,0.40378455843377214
0.029937908082285962,0.15205152908727315,0.007887708228360936,4.92450912986553e-6,6.184356887804896e-10,1.0000448207953996,2.09558291430767e-6,0.00010391599046315643,492,3936,492,0.3994424408485444
0.029998757488957275,0.15216084716698106,0.007897030904743987,4.92450912986553e-6,6.234454079897847e-10,1.0000447661733725,2.014212611811672e-6,0.00010419205816184803,493,3944,493,0.39340462601634
0.030059606895628588,0.1522700093224393,0.007906360322705827,4.92450912986553e-6,6.717341246217497e-10,1.000044759396426,2.052391678830645e-6,0.00010446827639165165,494,3952,494,0.3907217041556858
0.0301204563022999,0.1523790207540125,0.007915696448759765,4.92450912986553e-6,6.719732460535265e-10,1.0000447710943687,2.0493747143746077e-6,0.00010474464954229138,495,3960,495,0.39504405518843233
0.030181305708971214,0.1524878882566648,0.00792503930299535,4.92450912986553e-6,6.234359059101094e-10,1.0000447491176354,1.7726445946664171e-6,0.00010502117350890823,496,3968,496,0.40545816852940847
0.030242155115642527,0.15259660129824368,0.007934388865936535,4.92450912986553e-6,6.224014500632511e-10,1.0000446984000342,1.5634711303391668e-6,0.00010529784769674802,497,3976,497,0.3088605012775014
0.03030300452231384,0.15270515251013328,0.00794374513867313,4.92450912986553e-6,6.692550568949568e-10,1.0000446795094968,1.4582621474801272e-6,0.00010557466572197297,498,3984,498,0.30942383472639884
0.030363853928985152,0.15281354424056595,0.007953108084787159,4.92450912986553e-6,6.832213560051014e-10,1.0000446943910521,1.3965603784527048e-6,0.00010585163117424689,499,3992,499,0.3092011705192874
0.030424703335656465,0.1529217747059791,0.007962477732435894,4.92450912986553e-6,6.255881862270818e-10,1.000044675881741,1.4411491555677003e-6,0.00010612873785470078,500,4000,500,0.30711572663287806
0.030485552742327778,0.15302983949638294,0.00797185404558094,4.92450912986553e-6,6.202925382615775e-10,1.0000446285173608,1.3569727101980789e-6,0.00010640598591557235,501,4008,501,0.3039510660642514
0.03054640214899909,0.15313773556963817,0.007981237022125259,4.92450912986553e-6,6.699674245377183e-10,1.0000445987790658,1.276218227985737e-6,0.00010668337025369982,502,4016,502,0.3009094199587587
0.030607251555670404,0.15324545705365616,0.007990626639886093,4.92450912986553e-6,6.94153410719969e-10,1.0000446161729817,1.1574996960916906e-6,0.00010696089303701491,503,4024,503,0.29968582488072687
0.030668100962341717,0.15335300213265676,0.008000022917019095,4.92450912986553e-6,6.273614653831239e-10,1.0000446004592862,1.287045847675472e-6,0.0001072385475523176,504,4032,504,0.30078473807280215
0.03072895036901303,0.15346037095656534,0.008009425809805959,4.92450912986553e-6,6.159615292800118e-10,1.000044556405321,1.3742255333681896e-6,0.00010751633416955212,505,4040,505,0.3042314654826813
0.030789799775684343,0.15356756090184479,0.008018835318983052,4.92450912986553e-6,6.639856984871938e-10,1.0000445159921272,1.3416929789400456e-6,0.00010779424889188833,506,4048,506,0.30626938620133165
0.030850649182355656,0.15367455924300172,0.008028251424565046,4.92450912986553e-6,6.433120870537038e-10,1.000044535713893,1.3061245454082382e-6,0.00010807229292181909,507,4056,507,0.3036516635811754
0.03091149858902697,0.15378136823790706,0.008037674147893206,4.924509129865532e-6,5.9105962231605e-10,1.0000445225087693,1.8589858541417925e-6,0.00010835045905013561,508,4064,508,0.41164781882503443
0.03097234799569828,0.15388799224670852,0.008047103439396224,4.924509129865528e-6,5.789588270118668e-10,1.0000444809994082,1.8204906950813893e-6,0.00010862874730094957,509,4072,509,0.3936802808301396
0.031033197402369594,0.15399442240303043,0.008056539296696025,4.92450912986553e-6,6.269038240274608e-10,1.0000444301973574,1.9506522619394673e-6,0.00010890715644807983,510,4080,510,0.37943176853850635
0.031094046809040907,0.15410064469309168,0.008065981705447336,4.92450912986553e-6,5.874284882739848e-10,1.0000444519278726,2.0176482706801835e-6,0.00010918568483033627,511,4088,511,0.3700064024318428
0.03115489621571222,0.15420666803473973,0.008075430686557578,4.92450912986553e-6,5.448950191921564e-10,1.000044440981728,1.8917116761940633e-6,0.00010946432774495031,512,4096,512,0.3670990070207196
0.031215745622383533,0.15431249624463625,0.008084886183174418,4.92450912986553e-6,5.398717151322089e-10,1.000044401951293,1.9452070318948245e-6,0.00010974308488766269,513,4104,513,0.37149373696345783
0.031276595029054846,0.15441811244171114,0.008094348191482166,4.92450912986553e-6,5.911846329642867e-10,1.0000443410349642,1.9408083744565374e-6,0.00011002195288199124,514,4112,514,0.372779480940606
0.03133744443572616,0.15452350825277225,0.008103816707414264,4.924509129865531e-6,5.333615315212079e-10,1.0000443644187649,1.7698422425382887e-6,0.00011030093186177257,515,4120,515,0.3680629585174122
0.03139829384239748,0.15462869782978841,0.00811329174126658,4.92450912986553e-6,4.963031161560088e-10,1.0000443557063168,1.4664646528217418e-6,0.00011058001896034835,516,4128,516,0.35834874676440426
0.031459143249068795,0.15473367602121826,0.008122773235611782,4.924509129865528e-6,4.973760803247029e-10,1.0000443190969592,1.5593379032452503e-6,0.00011085921088101793,517,4136,517,0.3485783767837481
0.03151999265574011,0.15483842538672593,0.008132261188336626,4.924509129865531e-6,5.643137307028358e-10,1.0000442583386744,1.5698617517045932e-6,0.0001111385041671267,518,4144,518,0.342254282248276
0.03158084206241143,0.1549429474289035,0.008141755596527214,4.92450912986553e-6,4.946959165176382e-10,1.0000442737661854,1.4754551358464596e-6,0.0001114179003706713,519,4152,519,0.33767383455695993
0.031641691469082744,0.1550472498061748,0.008151256467521472,4.924509129865528e-6,4.664346712852908e-10,1.0000442668766822,1.4572154896086431e-6,0.00011169739779860811,520,4160,520,0.33636701969564614
0.03170254087575406,0.15515132385578986,0.008160763739112327,4.92450912986553e-6,4.900983352470098e-10,1.0000442328541892,1.4832576056278413e-6,0.0001119769886590761,521,4168,521,0.33764828769996796
0.03176339028242538,0.15525515660947953,0.00817027741191047,4.92450912986553e-6,5.305341425042395e-10,1.0000441747918676,1.4898699163268248e-6,0.00011225667262646512,522,4176,522,0.3369470020012695
0.031824239689096694,0.155358752874793,0.00817979748982955,4.92450912986553e-6,4.847915982533194e-10,1.0000441807967697,1.4356132282955514e-6,0.00011253645131080215,523,4184,523,0.33488365191302133
0.03188508909576801,0.15546211356389536,0.008189323964978932,4.924509129865531e-6,4.75429090601205e-10,1.0000441754241816,1.5510147761688131e-6,0.00011281632022409023,524,4192,524,0.3338413214921081
0.031945938502439326,0.15556523046410886,0.008198856779825747,4.92450912986553e-6,5.07891110569084e-10,1.0000441435261376,1.5891119460320624e-6,0.0001130962716965805,525,4200,525,0.33302627267156665
0.03200678790911064,0.15566809197567957,0.008208395937183298,4.92450912986553e-6,5.690008757718185e-10,1.000044087996833,1.8174070248733187e-6,0.00011337630568176261,526,4208,526,0.33101836587812034
0.03206763731578196,0.15577070834935622,0.008217941440472146,4.92450912986553e-6,5.139454004987306e-10,1.0000440856288624,1.9208407309179165e-6,0.00011365642360542401,527,4216,527,0.3263956555686875
0.032128486722453276,0.15587307100172837,0.008227493275847481,4.92450912986553e-6,5.160641993888097e-10,1.0000440817588372,1.8249064481778987e-6,0.0001139366191428963,528,4224,528,0.32421829773395683
0.03218933612912459,0.1559751725935072,0.008237051385327461,4.924509129865531e-6,5.465691067660906e-10,1.0000440516527729,1.8149215179619205e-6,0.00011421688386407731,529,4232,529,0.3254720925526038
0.03225018553579591,0.15607700529258844,0.008246615776576162,4.92450912986553e-6,6.121336345299106e-10,1.0000439982730203,1.7952967255041585e-6,0.00011449721823087396,530,4240,530,0.32486936089315993
0.032311034942467225,0.15617858079611957,0.00825618645390093,4.92450912986553e-6,5.822465512738324e-10,1.0000439886776031,1.6023726061575871e-6,0.00011477762329874313,531,4248,531,0.32180527438511874
0.03237188434913854,0.15627988377066948,0.0082657633909573,4.924509129865528e-6,5.818149626814222e-10,1.0000439863418091,1.322093368116839e-6,0.00011505808993804183,532,4256,532,0.3165941948110921
0.03243273375580986,0.1563809066420005,0.00827534653573301,4.92450912986553e-6,6.093137479914673e-10,1.0000439578940183,1.2037084218263772e-6,0.00011533860979518455,533,4264,533,0.30736735421137923
0.032493583162481174,0.1564816481129453,0.008284935902507569,4.92450912986553e-6,6.735467031123936e-10,1.0000439064228857,1.1897739682353858e-6,0.0001156191863917971,534,4272,534,0.2940606919727361
0.03255443256915249,0.15658211562005872,0.008294531485745061,4.92450912986553e-6,6.753971325102497e-10,1.0000438909518552,1.883607950503574e-6,0.00011589981640791654,535,4280,535,0.3970096752825682
0.03261528197582381,0.1566822889633377,0.008304133254189262,4.92450912986553e-6,6.689592455754329e-10,1.0000438897677812,1.820766300397736e-6,0.0001161804896330487,536,4288,536,0.379533326515998
0.03267613138249512,0.15678216578545165,0.008313741162850295,4.92450912986553e-6,6.874675562769108e-10,1.0000438628933752,1.7956985232103762e-6,0.0001164611997243431,537,4296,537,0.3738453694972739
0.03273698078916644,0.15688174883652936,0.008323355224638875,4.924509129865528e-6,7.226347068871206e-10,1.0000438132113638,1.7696869747396704e-6,0.00011674195107172887,538,4304,538,0.36424880344326627
0.032797830195837756,0.15698103501329308,0.008332975430284701,4.924509129865528e-6,7.79878872348961e-10,1.000043793144649,1.8196949724824663e-6,0.00011702273799420324,539,4312,539,0.34593385418350864
0.03285867960250907,0.15708000599770086,0.008342601741671379,4.92450912986553e-6,7.414238489168627e-10,1.0000437926690513,1.6240974787251616e-6,0.00011730354903933328,540,4320,540,0.3237202460509519
0.03291952900918039,0.15717866667902256,0.00835223411882011,4.92450912986553e-6,7.1138793922894e-10,1.0000437669085593,1.7784037424917187e-6,0.00011758437918260824,541,4328,541,0.41007026111436423
0.032980378415851705,0.15727701744638375,0.008361872580011871,4.92450912986553e-6,7.404453023255189e-10,1.0000437188859232,1.900371046303917e-6,0.00011786523313994604,542,4336,542,0.3768119184687471
0.03304122782252302,0.15737504677879005,0.00837151710671381,4.92450912986553e-6,8.241984371457679e-10,1.0000436952036418,1.8428695796046668e-6,0.00011814610388871317,543,4344,543,0.3361083730020759
0.03310207722919434,0.15747274115647467,0.008381167653466297,4.92450912986553e-6,7.687111365013312e-10,1.0000436947800484,1.8580686287350545e-6,0.00011842697784512817,544,4352,544,0.3439698355097025
0.033162926635865654,0.15757011130435247,0.008390824191903396,4.924509129865528e-6,7.35091143669823e-10,1.0000436696854984,2.0547825272387854e-6,0.00011870785469233806,545,4360,545,0.4049932811300227
0.03322377604253697,0.157667147188143,0.008400486740418947,4.92450912986553e-6,7.590714005546782e-10,1.000043622682082,1.6770972166568754e-6,0.00011898873627915347,546,4368,546,0.38657755141347266
0.03328462544920829,0.15776384000775598,0.008410155267990223,4.92450912986553e-6,8.410890810941441e-10,1.0000435956890283,1.5086644822304152e-6,0.00011926961456185318,547,4376,547,0.3528102079774479
0.0333454748558796,0.15786018131251886,0.008419829727740418,4.92450912986553e-6,7.934144594292792e-10,1.000043594943131,1.27013601058934e-6,0.00011955047741523275,548,4384,548,0.31400731977177704
0.03340632426255092,0.15795617705117282,0.008429510101213908,4.92450912986553e-6,7.550673336767316e-10,1.0000435699242674,1.5358099290097016e-6,0.00011983132423665925,549,4392,549,0.3830489170071916
0.033467173669222236,0.15805181346686265,0.008439196403707586,4.92450912986553e-6,7.7513915154556e-10,1.0000435234601979,2.1503463472072326e-6,0.00012011215657799522,550,4400,550,0.41137039630575783
0.03352802307589355,0.15814709078074146,0.00844888859277455,4.92450912986553e-6,8.582738593009147e-10,1.0000434927279183,2.040531683178415e-6,0.00012039296745515292,551,4408,551,0.3631785321093131
0.03358887248256487,0.1582419986172227,0.008458586627694808,4.92450912986553e-6,8.125752842094753e-10,1.000043491634039,1.7562996390552144e-6,0.00012067374432726936,552,4416,552,0.4219981229465229
0.033649721889236185,0.15833653551741325,0.008468290492416963,4.924509129865528e-6,7.696292517722402e-10,1.0000434665100206,1.8745639636108535e-6,0.00012095448522192679,553,4424,553,0.40854024625346214
0.0337105712959075,0.15843069390325704,0.008478000201982456,4.92450912986553e-6,7.878807776212252e-10,1.0000434201479862,1.8792200364714517e-6,0.00012123519506271891,554,4432,554,0.4087235922301599
0.03377142070257882,0.15852447887560425,0.008487715705237778,4.92450912986553e-6,8.763170898782675e-10,1.0000433852686814,2.0200156427563343e-6,0.00012151586440773708,555,4440,555,0.4169396539195253
0.033832270109250134,0.15861787478036357,0.008497436964036062,4.924509129865528e-6,8.257480508404504e-10,1.00004338340711,1.4945324977588825e-6,0.000121796481339758,556,4448,556,0.32269114132221777
0.03389311951592145,0.15871087570863485,0.008507163965997416,4.924509129865528e-6,7.788758061346144e-10,1.0000433581284258,1.6008734782246847e-6,0.00012207704469931446,557,4456,557,0.32811550768782516
0.03395396892259277,0.1588034855787752,0.008516896723419643,4.92450912986553e-6,7.989854536823774e-10,1.0000433117259147,1.5505388528680442e-6,0.000122357560551621,558,4464,558,0.3347609476444193
0.034014818329264083,0.1588957088505801,0.0085266351797869,4.92450912986553e-6,8.971287563536421e-10,1.0000432719323862,1.570928610306055e-6,0.00012263801886131526,559,4472,559,0.33992944489757415
0.0340756677359354,0.15898751967017813,0.008536379293374089,4.924509129865528e-6,8.345574262867235e-10,1.0000432690603038,1.5838288263125833e-6,0.0001229184065969413,560,4480,560,0.3463017374964195
0.034136517142606716,0.15907891706324542,0.008546129062269743,4.92450912986553e-6,7.847525012094807e-10,1.0000432433152866,1.917394776285164e-6,0.00012319872493520064,561,4488,561,0.35808852742976455
0.03419736654927803,0.1591699170149481,0.008555884489448,4.92450912986553e-6,8.121655960474265e-10,1.0000431970273846,2.0342465489875394e-6,0.00012347897930770505,562,4496,562,0.3701468642195958
0.03425821595594935,0.15926050960917199,0.008565645520290854,4.92450912986553e-6,9.180645574083638e-10,1.0000431519679085,1.957913880801243e-6,0.00012375916028368016,563,4504,563,0.3790650759200688
0.034319065362620665,0.15935066780556562,0.008575412110610504,4.9245091298655275e-6,8.231541560461836e-10,1.0000431478490706,1.853286676123389e-6,0.00012403925113959075,564,4512,564,0.3855777653258894
0.03437991476929198,0.15944040305710283,0.008585184254760033,4.924509129865531e-6,7.79438889592704e-10,1.0000431215579662,1.8067133282784198e-6,0.0001243192580634416,565,4520,565,0.3878588162280797
0.0344407641759633,0.15952972646354943,0.008594961961944132,4.92450912986553e-6,8.017783596812762e-10,1.0000430753252294,1.8765101685858099e-6,0.00012459918554299994,566,4528,566,0.3859261118491054
0.034501613582634615,0.15961861994524837,0.008604745160979647,4.92450912986553e-6,8.517798057011385e-10,1.000043025730125,1.8170358941915765e-6,0.00012487901922260164,567,4536,567,0.3817506826334644
0.03456246298930593,0.15970706106549082,0.008614533808785027,4.924509129865528e-6,7.694267945698536e-10,1.000043020602115,2.0982154467219516e-6,0.000125158745882361,568,4544,568,0.38288627767854444
0.03462331239597725,0.15979507055940098,0.008624327913818232,4.92450912986553e-6,7.426112058938138e-10,1.0000429937656699,2.194134623323407e-6,0.00012543837395045568,569,4552,569,0.3887814880579168
0.034684161802648564,0.15988264562820073,0.008634127467504577,4.92450912986553e-6,7.841420551165964e-10,1.000042947687418,2.0596118588400714e-6,0.00012571790255626667,570,4560,570,0.39238420954806497
0.03474501120931988,0.159969769830896,0.008643932404211345,4.924509129865528e-6,7.902741714713655e-10,1.0000428943637956,2.057626687701486e-6,0.0001259973177047567,571,4568,571,0.39389190402974217
0.034805860615991197,0.16005642556315766,0.008653742684818867,4.92450912986553e-6,7.232194680841947e-10,1.0000428882483843,2.196119623931736e-6,0.00012627660873924506,572,4576,572,0.3981818766604077
0.03486671002266251,0.16014263664535547,0.008663558316846405,4.92450912986553e-6,7.125788699528125e-10,1.0000428606497567,2.1793585460727627e-6,0.00012655578434580509,573,4584,573,0.403850676122688
0.03492755942933383,0.16022839027581343,0.008673379283184329,4.92450912986553e-6,7.779927285842014e-10,1.0000428143968185,1.9606242176450905e-6,0.00012683483713869193,574,4592,574,0.4067118411694451
0.034988408836005146,0.16031367184848486,0.008683205515885794,4.92450912986553e-6,7.390563596543638e-10,1.0000427570972672,1.778710498001601e-6,0.00012711375632734994,575,4600,575,0.4057261963994072
0.03504925824267646,0.16039847126576043,0.008693036982116476,4.924509129865528e-6,6.822026453893108e-10,1.0000427494870097,1.7839864767665858e-6,0.0001273925330301835,576,4608,576,0.4050368652212447
0.03511010764934778,0.16048280892344416,0.00870287368654629,4.92450912986553e-6,6.849126512190399e-10,1.0000427210627494,2.058803488580452e-6,0.00012767117368676087,577,4616,577,0.4021890710266371
0.035170957056019095,0.16056666617605944,0.008712715604323887,4.92450912986553e-6,7.808834732900965e-10,1.0000426743439257,2.218419297150831e-6,0.00012794966730065544,578,4624,578,0.3956222168641508
0.03523180646269041,0.16065003226353075,0.008722562661536124,4.92450912986553e-6,6.890579550732588e-10,1.0000426123740735,2.1300013486325042e-6,0.00012822800266853196,579,4632,579,0.385807184537134
0.03529265586936173,0.16073290523715952,0.008732414842532886,4.92450912986553e-6,6.306908990899319e-10,1.0000426029742884,1.8596954873828508e-6,0.00012850617832230562,580,4640,580,0.3732740634256673
0.035353505276033044,0.16081529603693978,0.008742272144743088,4.92450912986553e-6,6.510488312679469e-10,1.0000425735944227,1.8881499954659375e-6,0.00012878419298102667,581,4648,581,0.35820553295068003
0.03541435468270436,0.16089718321451807,0.008752134533394849,4.924509129865528e-6,6.724278809949022e-10,1.000042526621474,1.8758576061372878e-6,0.000129062034654374,582,4656,582,0.3442812093662348
0.03547520408937568,0.16097856623527668,0.008762001933381561,4.92450912986553e-6,6.16049750414376e-10,1.0000424647307724,1.6794069210845919e-6,0.00012933969712821487,583,4664,583,0.3283745449209274
0.03553605349604699,0.16105944482863124,0.008771874344713873,4.924509129865528e-6,6.24236035145596e-10,1.000042447931161,1.737934496759408e-6,0.0001296171777211473,584,4672,584,0.42312748708718523
0.03559690290271831,0.16113981681243583,0.008781751754132186,4.924509129865528e-6,6.93394083960435e-10,1.0000424177283045,1.8172240743297152e-6,0.0001298944727289984,585,4680,585,0.4061883405076347
0.035657752309389626,0.16121967017932334,0.008791634116350679,4.92450912986553e-6,6.865314497493192e-10,1.0000423707868906,1.953765462303636e-6,0.00013017157085493968,586,4688,586,0.39553802826962353
0.03571860171606094,0.16129901056217283,0.008801521357551493,4.92450912986553e-6,6.893729966977357e-10,1.0000423095282667,2.046993671456221e-6,0.00013044846854092375,587,4696,587,0.38921121511611095
0.03577945112273226,0.1613778288519982,0.00881141349968205,4.92450912986553e-6,6.801767410205705e-10,1.000042285480532,1.9322352500239504e-6,0.000130725164419382,588,4704,588,0.38426085877913874
0.035840300529403575,0.1614561225935263,0.00882131050579151,4.92450912986553e-6,7.267393651256066e-10,1.0000422549120347,1.664741887452692e-6,0.0001310016522244958,589,4712,589,0.3756338486892928
0.03590114993607489,0.16153389089386935,0.008831212328484413,4.92450912986553e-6,8.260804268840269e-10,1.0000422083040423,1.3955017905686873e-6,0.00013127792311210567,590,4720,590,0.36007130744512766
0.03596199934274621,0.1616111339031595,0.008841118907773126,4.924509129865531e-6,7.305192267441798e-10,1.000042148047579,1.5097790537765832e-6,0.0001315539730486826,591,4728,591,0.34004659817548144
0.036022848749417524,0.1616878405932154,0.008851030265359208,4.92450912986553e-6,7.285220212574469e-10,1.0000421181074501,2.233851603250514e-6,0.00013182980364501653,592,4736,592,0.4156782203740608
0.03608369815608884,0.1617640140358598,0.008860946350227474,4.92450912986553e-6,7.704743171066093e-10,1.0000420871111173,2.3188397335616173e-6,0.00013210540729333324,593,4744,593,0.40551990004595984
0.03614454756276016,0.1618396591490123,0.008870867115491742,4.92450912986553e-6,8.750126086566563e-10,1.0000420408595625,2.3095780079529504e-6,0.00013238077640441223,594,4752,594,0.40710561213188184
0.03620539696943147,0.16191476155983528,0.008880792513696601,4.924509129865528e-6,7.97466557290052e-10,1.0000419814248558,2.130745428985392e-6,0.00013265590847682423,595,4760,595,0.4199569683508385
0.03626624637610279,0.16198932213853748,0.008890722562499717,4.92450912986553e-6,7.95148778222437e-10,1.00004194604317,1.4025897030478518e-6,0.0001329308043128837,596,4768,596,0.3367915119827404
0.036327095782774106,0.16206335125242544,0.008900657200643834,4.924509129865531e-6,8.309394316397855e-10,1.000041914542547,1.4884687402627605e-6,0.00013320546059871342,597,4776,597,0.35295276562610806
0.03638794518944542,0.16213684336974651,0.008910596379922538,4.92450912986553e-6,9.462420523921266e-10,1.0000418683404622,1.5425726473949908e-6,0.0001334798671655434,598,4784,598,0.36862268337544074
0.03644879459611674,0.16220978113760676,0.00892054007346986,4.92450912986553e-6,8.792878939916624e-10,1.0000418096081776,2.042194779505735e-6,0.0001337540243779566,599,4792,599,0.38578513843745843
0.036509644002788055,0.16228218372448228,0.008930488285594866,4.92450912986553e-6,8.710339069881818e-10,1.0000417684356782,2.2584222563182266e-6,0.00013402793523327946,600,4800,600,0.41211104672160787
0.03657049340945937,0.1623540572087852,0.00894044094390268,4.92450912986553e-6,8.995846113662061e-10,1.0000417363881424,1.6396939770402241e-6,0.00013430159478736433,601,4808,601,0.34259772709793557
0.03663134281613069,0.16242538099347326,0.008950398012722448,4.9245091298655275e-6,1.0239349356852943e-9,1.000041690196473,1.7510620295979606e-6,0.00013457499424982986,602,4816,602,0.36553842807901527
0.036692192222802004,0.16249615411922053,0.008960359471161325,4.924509129865528e-6,9.591612894692211e-10,1.0000416319805703,1.9976438920821238e-6,0.0001348481388075129,603,4824,603,0.3861612470642648
0.03675304162947332,0.1625664046087435,0.00897032531157652,4.92450912986553e-6,9.4266488466078e-10,1.0000415845734363,2.1838618522451725e-6,0.00013512102881012265,604,4832,604,0.40727705012092524
0.03681389103614464,0.1626361193785351,0.008980295461722923,4.92450912986553e-6,9.614043266878043e-10,1.0000415521121597,2.0897292074550933e-6,0.00013539365842552649,605,4840,605,0.4234675428098173
0.036874740442815954,0.16270528186048414,0.00899026989460704,4.92450912986553e-6,1.0689817337863858e-9,1.0000415063057848,1.7871769841804053e-6,0.00013566602243996002,606,4848,606,0.355939646930127
0.03693558984948727,0.16277391008711325,0.0090002485899457,4.92450912986553e-6,1.0231362911175616e-9,1.0000414488545455,1.7660963180787803e-6,0.00013593812847979223,607,4856,607,0.3599890762142046
0.036996439256158586,0.16284202051248084,0.00901023153123356,4.924509129865531e-6,9.900577847989657e-10,1.0000413957194432,1.7157146885438124e-6,0.00013620997318382358,608,4864,608,0.36262846176716906
0.0370572886628299,0.16290958826279012,0.009020218643398418,4.92450912986553e-6,1.0028533984014788e-9,1.0000413631871647,1.9328996359035955e-6,0.00013648155096521286,609,4872,609,0.3638698988560184
0.03711813806950122,0.16297661387861911,0.009030209915340195,4.92450912986553e-6,1.1093187102913625e-9,1.0000413180034076,2.042209246155835e-6,0.00013675286099232187,610,4880,610,0.36369989579602857
0.037178987476172536,0.16304312335453802,0.009040205323146052,4.92450912986553e-6,1.0603839916210943e-9,1.000041261754308,1.9541528502031724e-6,0.00013702390812546754,611,4888,611,0.3581533909656328
0.03723983688284385,0.16310911148988616,0.009050204841278676,4.92450912986553e-6,1.0118470171132018e-9,1.0000412039176858,1.6708236501017382e-6,0.0001372946904557895,612,4896,612,0.3468181443366536
0.03730068628951517,0.1631745568352689,0.009060208394450807,4.924509129865531e-6,1.0338029596227217e-9,1.0000411712963406,2.2700646127304935e-6,0.00013756519958115429,613,4904,613,0.4227205557821544
0.037361535696186485,0.16323948155861953,0.009070215988876158,4.92450912986553e-6,1.1569547163665473e-9,1.0000411266290001,2.331546482992053e-6,0.00013783544243663483,614,4912,614,0.3999154029696658
0.0374223851028578,0.16330389450639715,0.009080227596280037,4.92450912986553e-6,1.0671957473362541e-9,1.0000410714782617,2.084340138708285e-6,0.00013810541786437138,615,4920,615,0.3613929271199349
0.03748323450952912,0.16336778934014148,0.009090243174619176,4.92450912986553e-6,1.0275074524103414e-9,1.000041009336056,1.6379381406750326e-6,0.00013837512288936122,616,4928,616,0.36653488315342675
0.037544083916200434,0.16343115255598245,0.009100262666838456,4.92450912986553e-6,1.0482940752418734e-9,1.000040976333163,1.7577878850261186e-6,0.00013864455439882667,617,4936,617,0.3934649171909686
0.03760493332287175,0.1634940126572894,0.009110286081496624,4.92450912986553e-6,1.1562548181617923e-9,1.000040932034791,2.0535443638891593e-6,0.00013891372108176006,618,4944,618,0.4006522988927031
0.03766578272954307,0.16355636264645526,0.009120313386258492,4.92450912986553e-6,1.049369459946869e-9,1.000040877818743,1.8059774049561383e-6,0.00013918261519319978,619,4952,619,0.34802409706955983
0.03772663213621438,0.1636182047657519,0.009130344527490142,4.924509129865531e-6,1.0146843858555848e-9,1.0000408152469753,1.8094603433382872e-6,0.00013945123687745785,620,4960,620,0.3774658073154999
0.0377874815428857,0.16367953553756404,0.009140379477253158,4.92450912986553e-6,1.0541740229326233e-9,1.0000407780873553,1.748300793025237e-6,0.00013971959109498625,621,4968,621,0.40251939508354495
0.037848330949557016,0.1637403718750198,0.009150418223512822,4.92450912986553e-6,1.1153121067340085e-9,1.000040734126214,1.8962061716365497e-6,0.00013998767938954937,622,4976,622,0.42981679418531127
0.03790918035622833,0.16380070566774196,0.009160460740653293,4.92450912986553e-6,1.018915063689063e-9,1.0000406809444022,1.915658202733539e-6,0.0001402554924105935,623,4984,623,0.3565273524523929
0.03797002976289965,0.16386054470099587,0.009170506964743983,4.92450912986553e-6,9.967550766601044e-10,1.0000406199040135,2.387847160889578e-6,0.00014052303550501273,624,4992,624,0.3966198040763248
0.038030879169570965,0.1639198922334832,0.009180556900266644,4.92450912986553e-6,1.0639185371497704e-9,1.0000405771911884,1.8868298923280236e-6,0.0001407903158646652,625,5000,625,0.3682431909709974
0.03809172857624228,0.1639787508203655,0.009190610505626163,4.92450912986553e-6,1.0673071533747518e-9,1.0000405336996332,1.9507844228883187e-6,0.00014105732818413906,626,5008,626,0.41629972091963313
0.0381525779829136,0.16403711416901756,0.009200667756501883,4.92450912986553e-6,9.878367335975463e-10,1.0000404814420445,1.6440804273543108e-6,0.00014132406219698743,627,5016,627,0.35600849718988103
0.038213427389584914,0.16409499989577506,0.00921072860323108,4.924509129865531e-6,9.853977275572336e-10,1.0000404218158592,1.7812316954746166e-6,0.00014159053035719737,628,5024,628,0.38710201540418127
0.03827427679625623,0.16415240596433422,0.009220793051194928,4.92450912986553e-6,1.0922381801668797e-9,1.0000403737012502,1.9175056209519425e-6,0.00014185673516022238,629,5032,629,0.41159654918901867
0.03833512620292755,0.16420932452296222,0.009230861039026693,4.92450912986553e-6,1.0259713461206306e-9,1.00004033053332,1.9981246879297032e-6,0.00014212266744948116,630,5040,630,0.4337736592639893
0.03839597560959886,0.1642657629022836,0.009240932549534519,4.92450912986553e-6,9.659274764855192e-10,1.000040278989422,1.5045721113438049e-6,0.0001423883201336842,631,5048,631,0.35967024366569683
0.03845682501627018,0.1643217358352577,0.009251007540094948,4.92450912986553e-6,9.87504452963024e-10,1.0000402205252015,1.4694801677705982e-6,0.00014265370462045372,632,5056,632,0.3766688608698584
0.038517674422941496,0.16437723443531493,0.009261086017204802,4.924509129865531e-6,1.1431168071560438e-9,1.0000401664381817,1.556125239332573e-6,0.0001429188239998383,633,5064,633,0.3955211724972007
0.03857852382961281,0.16443225410407059,0.00927116790905377,4.924509129865531e-6,9.992955344796493e-10,1.0000401234533238,1.7107312828557042e-6,0.00014318366461866342,634,5072,634,0.41740288293718014
0.03863937323628413,0.16448681112969138,0.00928125320719361,4.924509129865528e-6,9.582383795614193e-10,1.0000400727588084,1.7881724545532052e-6,0.0001434482227222934,635,5080,635,0.4369016549635396
0.038700222642955445,0.1645409074793263,0.009291341887697334,4.92450912986553e-6,1.0288859432386386e-9,1.0000400154180495,1.528405846329406e-6,0.00014371251032345214,636,5088,636,0.32921143031450123
0.03876107204962676,0.16459453834117166,0.009301433931069789,4.92450912986553e-6,1.040316664933637e-9,1.0000399549766599,1.5938805404402956e-6,0.00014397652864850958,637,5096,637,0.33466416065209126
0.03882192145629808,0.16464770594567754,0.009311529268464758,4.92450912986553e-6,9.343623155032936e-10,1.0000399123033492,1.4850289744572365e-6,0.00014424026387958676,638,5104,638,0.33752148150399397
0.038882770862969394,0.1647004216052756,0.00932162790025951,4.92450912986553e-6,9.015294269130464e-10,1.0000398625676652,1.362347745725856e-6,0.000144503712374703,639,5112,639,0.3400487949797086
0.03894362026964071,0.16475267809325156,0.009331729806430055,4.92450912986553e-6,1.00571088006899e-9,1.0000398066469578,1.3393986364462762e-6,0.00014476688981460728,640,5120,640,0.34046048062433615
0.03900446967631203,0.16480448727843972,0.009341834947852968,4.92450912986553e-6,9.038270973154729e-10,1.000039745371183,1.4808973602953301e-6,0.00014502979474788585,641,5128,641,0.34015180546024865
0.039065319082983344,0.16485584868300363,0.009351943269369018,4.92450912986553e-6,8.454241097035336e-10,1.0000396976787582,1.6094812593792085e-6,0.00014529240861591093,642,5136,642,0.33732118282692813
0.03912616848965466,0.16490675635030355,0.009362054787731233,4.92450912986553e-6,8.701443878383405e-10,1.000039649004148,1.6027227545123424e-6,0.00014555473874349983,643,5144,643,0.32679613684623326
0.039187017896325976,0.16495721729717716,0.009372169461980086,4.92450912986553e-6,9.838338922371787e-10,1.000039594654641,1.9383988956178655e-6,0.0001458167969978518,644,5152,644,0.4318856399543512
0.03924786730299729,0.16500725203037236,0.009382287251112264,4.92450912986553e-6,8.619082125212624e-10,1.0000395353150435,1.937228319093265e-6,0.0001460785798455762,645,5160,645,0.4190502342057413
0.03930871670966861,0.16505684333247206,0.009392408118747909,4.92450912986553e-6,8.600507291001307e-10,1.0000394798453098,1.8737470668384049e-6,0.00014634007112768933,646,5168,646,0.40819111302991545
0.039369566116339925,0.16510598817286437,0.009402532083737713,4.92450912986553e-6,9.208771371139995e-10,1.00003943220683,1.9427988036113675e-6,0.00014660128219717332,647,5176,647,0.40081782652460074
0.03943041552301124,0.16515470987178418,0.009412659088282215,4.92450912986553e-6,9.893081148593493e-10,1.0000393795371134,1.9391607888330498e-6,0.00014686222660640832,648,5184,648,0.39883337363454574
0.03949126492968256,0.1652030170494116,0.009422789092728841,4.92450912986553e-6,9.261160960889733e-10,1.0000393223508526,1.786207798559758e-6,0.00014712289441352465,649,5192,649,0.4031826785286012
0.039552114336353875,0.16525088071689928,0.009432922079561238,4.92450912986553e-6,9.55984007375998e-10,1.0000392612994717,1.6256260195746108e-6,0.00014738327143891215,650,5200,650,0.40678431796249337
0.03961296374302519,0.16529832365157024,0.009443058060879625,4.92450912986553e-6,1.0274768537455033e-9,1.0000392130478362,1.869108686491927e-6,0.00014764338203132415,651,5208,651,0.4095902659605685
0.03967381314969651,0.1653453665522716,0.00945319696839653,4.92450912986553e-6,1.1014647183747644e-9,1.0000391617634874,2.0038887811324457e-6,0.00014790322739140528,652,5216,652,0.4138819186204473
0.039734662556367824,0.1653919945236796,0.009463338767047807,4.924509129865532e-6,1.0758523173815068e-9,1.000039106185791,2.3857683686401288e-6,0.00014816279737285768,653,5224,653,0.4169982500384241
0.03979551196303914,0.1654381926293365,0.00947348346662214,4.92450912986553e-6,1.0461205907890617e-9,1.0000390473226233,2.598767423478421e-6,0.00014842208838110248,654,5232,654,0.4175410901326196
0.03985636136971046,0.16548400632339474,0.009483631045723763,4.924509129865531e-6,1.094769356335202e-9,1.0000389893207724,2.5319517078514764e-6,0.00014868112306942396,655,5240,655,0.4177572880257512
0.03991721077638177,0.16552942950608723,0.00949378144636284,4.92450912986553e-6,1.230524201245273e-9,1.0000389401283776,2.2171963678374595e-6,0.00014893989866065542,656,5248,656,0.42573077092126715
0.03997806018305309,0.16557443906243674,0.009503934641020862,4.92450912986553e-6,1.1429740059817654e-9,1.0000388874742987,1.7271988212996803e-6,0.00014919840104897123,657,5256,657,0.43634367727243184
0.040038909589724406,0.16561905403916663,0.009514090652337956,4.924509129865531e-6,1.1016014337003186e-9,1.0000388309761674,1.832914961141796e-6,0.00014945663803414569,658,5264,658,0.4427127523182611
0.04009975899639572,0.16566330472322352,0.009524249431526114,4.924509129865531e-6,1.1523978707627142e-9,1.0000387715896273,1.538834126790789e-6,0.0001497146301767793,659,5272,659,0.32517080115456004
0.04016060840306704,0.16570716922963857,0.009534410932728738,4.924509129865532e-6,1.304165900843165e-9,1.000038716908467,1.3193409031941883e-6,0.00014997236610223398,660,5280,660,0.325525779128367
0.040221457809738355,0.16575063661265077,0.009544575143100224,4.924509129865531e-6,1.1936808133032048e-9,1.0000386658292975,1.4070677138988685e-6,0.00015022983335565064,661,5288,661,0.3264671787331526
0.04028230721640967,0.16579374303828412,0.009554742081588099,4.92450912986553e-6,1.1680439310373541e-9,1.000038612077813,1.972683557838195e-6,0.0001504870516544596,662,5296,662,0.443453409295276
0.04034315662308099,0.1658364869348139,0.009564911680850925,4.924509129865532e-6,1.2176368268502065e-9,1.000038556370841,1.515418887265696e-6,0.00015074402893634778,663,5304,663,0.3306556389753335
0.040404006029752304,0.16587885650555712,0.009575083908965904,4.92450912986553e-6,1.3953315980842148e-9,1.0000384975692682,1.4869367817027523e-6,0.00015100075095800082,664,5312,664,0.334673703738757
0.04046485543642362,0.16592085449289795,0.009585258775686436,4.924509129865531e-6,1.2558303431496486e-9,1.0000384430583773,1.4384408331125087e-6,0.00015125721709242167,665,5320,665,0.33720934053326046
0.04052570484309494,0.1659625031440765,0.009595436273852126,4.92450912986553e-6,1.2353785727548392e-9,1.0000383925795613,1.6106395435144805e-6,0.00015151344359631667,666,5328,666,0.3387930393846764
0.04058655424976625,0.16600379589733397,0.009605616327737784,4.92450912986553e-6,1.2854899950901773e-9,1.000038338710476,1.6670037723542919e-6,0.00015176942991370569,667,5336,667,0.3385903466638522
0.04064740365643757,0.16604473366115502,0.009615798933742774,4.92450912986553e-6,1.444113505631935e-9,1.0000382838407473,1.8074084380259592e-6,0.00015202516913137063,668,5344,668,0.33446368056581893
0.040708253063108886,0.16608532002510215,0.009625984101217693,4.924509129865528e-6,1.3086074663429921e-9,1.0000382268739056,1.738260380079737e-6,0.0001522806638229049,669,5352,669,0.3281490542167318
0.0407691024697802,0.1661255674457151,0.009636171800153484,4.92450912986553e-6,1.2922397262177831e-9,1.0000381699727046,2.1038189856881218e-6,0.00015253592781524865,670,5360,670,0.4407086641759816
0.04082995187645152,0.16616547176752566,0.009646361958642574,4.924509129865531e-6,1.3511762873674372e-9,1.0000381209119782,1.4054844541533384e-6,0.00015279095683596837,671,5368,671,0.3231335524518268
0.040890801283122835,0.16620504286323418,0.009656554608505251,4.924509129865532e-6,1.468387846727649e-9,1.0000380698669173,1.4475288594439917e-6,0.00015304574665412504,672,5376,672,0.3196114653291796
0.04095165068979415,0.16624428048828496,0.009666749732369221,4.924509129865531e-6,1.345556290414411e-9,1.0000380160080036,2.101760010475573e-6,0.0001533003070466585,673,5384,673,0.4378697364279329
0.04101250009646547,0.16628319213597345,0.009676947290399921,4.924509129865531e-6,1.3348218673626771e-9,1.0000379610104684,2.040052882179566e-6,0.0001535546453871052,674,5392,674,0.4243621543827267
0.041073349503136784,0.1663217794435848,0.0096871472283472,4.924509129865531e-6,1.414964747821449e-9,1.0000379050680464,1.7974636001838462e-6,0.0001538087537378715,675,5400,675,0.41064024841379315
0.0411341989098081,0.16636005084728436,0.009697349597293972,4.92450912986553e-6,1.4741416662152771e-9,1.0000378544879505,1.7888819456857163e-6,0.0001540626334153124,676,5408,676,0.39770925910287913
0.04119504831647942,0.16639800529708113,0.009707554350796628,4.92450912986553e-6,1.3661969305850626e-9,1.0000378055488461,1.7559329990035621e-6,0.0001543162943468443,677,5416,677,0.3864294562282093
0.04125589772315073,0.16643565258823045,0.009717761441665735,4.92450912986553e-6,1.3646740868142709e-9,1.0000377547190382,1.7871975899197423e-6,0.00015456974175704534,678,5424,678,0.3860429265961002
0.04131674712982205,0.1664729939502653,0.009727970859972105,4.92450912986553e-6,1.4822459745707066e-9,1.0000377027139837,1.866798612581988e-6,0.00015482296161694313,679,5432,679,0.3894804320115352
0.041377596536493366,0.16651002984919844,0.009738182635909818,4.92450912986553e-6,1.464735234334625e-9,1.0000376494180112,1.6812435887914035e-6,0.00015507596153677115,680,5440,680,0.3853859448041007
0.04143844594316468,0.16654676895370632,0.009748396717106339,4.92450912986553e-6,1.3745553075909252e-9,1.000037596071516,1.6542086882509466e-6,0.00015532875292718294,681,5448,681,0.38136662571886853
0.041499295349836,0.1665832235311563,0.009758613047537328,4.924509129865532e-6,1.3893013165346737e-9,1.0000375485018882,1.6610224236046633e-6,0.00015558132999737753,682,5456,682,0.3768352385492648
0.041560144756507315,0.1666193830445632,0.009768831669562142,4.924509129865531e-6,1.561676922522656e-9,1.0000375005898292,1.7926524265021726e-6,0.0001558336870058793,683,5464,683,0.36997762884764784
0.04162099416317863,0.16665524832363512,0.009779052566643333,4.924509129865528e-6,1.4481610994105627e-9,1.0000374513627095,1.9865023261900205e-6,0.00015608582885205088,684,5472,684,0.3638358597488488
0.04168184356984995,0.16669084580410007,0.009789275696758788,4.924509129865532e-6,1.3783014437798695e-9,1.0000374015447557,1.9383364247005375e-6,0.0001563377685405848,685,5480,685,0.3658143304563036
0.041742692976521265,0.16672617334694698,0.00979950100699043,4.92450912986553e-6,1.416288739576169e-9,1.000037352077765,1.8026373425072961e-6,0.0001565894937898342,686,5488,686,0.37337074780070917
0.04180354238319258,0.16676121007038527,0.009809728571711739,4.92450912986553e-6,1.6442800503615206e-9,1.0000373007652796,1.7147886808288604e-6,0.00015684100466138856,687,5496,687,0.3745293777605932
0.0418643917898639,0.16679598156137224,0.009819958331174118,4.92450912986553e-6,1.432290397400972e-9,1.0000372545361635,1.728879794882232e-6,0.00015709231188680602,688,5504,688,0.37475698925605794
0.041925241196535214,0.16683051536310445,0.009830190251789652,4.92450912986553e-6,1.387838296347828e-9,1.0000372087506286,1.8168684334796126e-6,0.00015734342122688587,689,5512,689,0.37844587156120013
0.04198609060320653,0.16686477879972111,0.009840424308024174,4.92450912986553e-6,1.480960652961452e-9,1.0000371624959414,1.729278039874771e-6,0.0001575943247041234,690,5520,690,0.385053537993
0.042046940009877846,0.166898778366587,0.009850660555384378,4.92450912986553e-6,1.612679314245398e-9,1.0000371166020348,1.6443211166006222e-6,0.00015784502922727616,691,5528,691,0.3900709112808171
0.04210778941654916,0.16693254970402624,0.009860898925440393,4.924509129865532e-6,1.4325227911437368e-9,1.0000370691405762,1.903709915040963e-6,0.0001580955435701401,692,5536,692,0.39472295197227963
0.04216863882322048,0.16696609518165326,0.009871139390529016,4.92450912986553e-6,1.423315939837443e-9,1.00003701894032,1.9687174699356547e-6,0.00015834587215760802,693,5544,693,0.40650626246744176
0.042229488229891796,0.16699938352200372,0.009881381951940401,4.92450912986553e-6,1.5884275246574272e-9,1.0000369749483136,2.069490534495344e-6,0.0001585960107910165,694,5552,694,0.41668144971095383
0.04229033763656311,0.16703245164615427,0.009891626633995907,4.92450912986553e-6,1.474171695995122e-9,1.0000369326254375,1.9129423378672072e-6,0.0001588459706011224,695,5560,695,0.4206800235865889
0.04235118704323443,0.1670653161522444,0.009901873363408207,4.924509129865531e-6,1.3953394465138156e-9,1.0000370607825966,2.052658047091427e-6,0.00015909575911816847,696,5568,696,0.4214805694458195
0.042412036449905745,0.16709795732124627,0.009912122133828031,4.924509129865531e-6,1.4200643805817938e-9,1.0000371817381193,2.1099258304957402e-6,0.00015934537120551094,697,5576,697,0.4207955537153472
0.04247288585657706,0.1671303800699709,0.00992237296049358,4.92450912986553e-6,1.5443161546553956e-9,1.0000371722238632,1.941768886126738e-6,0.00015959482096941226,698,5584,698,0.41453726756292325
0.04253373526324838,0.16716261909312938,0.00993262583548268,4.92450912986553e-6,1.3756899472409602e-9,1.000037097782136,1.8833580952559714e-6,0.00015984411099402693,699,5592,699,0.4002431472038962
0.042594584669919694,0.1671946616362102,0.009942880706054157,4.924509129865531e-6,1.3393144831080975e-9,1.0000372773753923,1.788309987205139e-6,0.00016009324691010064,700,5600,700,0.39164514064938966
0.04265543407659101,0.16722649975989065,0.009953137575996135,4.92450912986553e-6,1.44744303431033e-9,1.0000373179626607,1.6268570419697426e-6,0.00016034222992276939,701,5608,701,0.38765528860461623
0.04271628348326233,0.16725816646252903,0.009963396459599011,4.924509129865531e-6,1.4629377581743339e-9,1.000037294109705,1.5960034147610713e-6,0.00016059107567250163,702,5616,702,0.3784948740347774
0.04277713288993364,0.1672896639142756,0.009973657327325657,4.92450912986553e-6,1.327682073296793e-9,1.0000371945126434,1.5775984820720623e-6,0.00016083978205550325,703,5624,703,0.36734501376667944
0.04283798229660496,0.1673209794037501,0.00998392014589945,4.92450912986553e-6,1.3152520946344183e-9,1.0000373125380948,1.5849252577027073e-6,0.00016108835371937062,704,5632,704,0.3602531082335871
0.042898831703276276,0.16735212953013878,0.009994184927434976,4.92450912986553e-6,1.4787381321162034e-9,1.0000373846816373,1.5558924815195496e-6,0.00016133680048755657,705,5640,705,0.3537039631054863
0.04295968110994759,0.16738313325975565,0.010004451684477755,4.92450912986553e-6,1.3002982961538993e-9,1.0000373867926784,1.9543304716762577e-6,0.00016158513133271516,706,5648,706,0.4488858374043337
0.04302053051661891,0.16741398254257306,0.010014720360870767,4.92450912986553e-6,1.2829378998214817e-9,1.000037322391782,1.803722682325315e-6,0.00016183334311959,707,5656,707,0.43067152414213583
0.043081379923290225,0.16744468159928957,0.010024990967063883,4.92450912986553e-6,1.377122395331505e-9,1.0000375079654737,1.935741892111764e-6,0.0001620814442819741,708,5664,708,0.42727040031428865
0.04314222932996154,0.16747524504638509,0.010035263496139087,4.924509129865531e-6,1.4264842185437647e-9,1.000037612341908,2.3769078438817814e-6,0.00016232944862961025,709,5672,709,0.4311085123394725
0.04320307873663286,0.1675056786535415,0.01004553795921313,4.92450912986553e-6,1.3858328991939022e-9,1.0000376019471686,2.5934305369901267e-6,0.00016257735257422772,710,5680,710,0.4341897173506395
0.043263928143304174,0.16753598303029232,0.010055814307200577,4.924509129865531e-6,1.3463164110895773e-9,1.0000375970980646,2.527986879385935e-6,0.00016282516270428525,711,5688,711,0.437845112247745
0.04332477754997549,0.16756617413454253,0.01006609256880529,4.92450912986553e-6,1.4345993561394968e-9,1.0000377783834997,2.215545265471519e-6,0.00016307288916975215,712,5696,712,0.44076502688643554
0.04338562695664681,0.16759624317075067,0.010076372713255273,4.92450912986553e-6,1.6364977273497966e-9,1.0000378655888131,2.0168336334336345e-6,0.00016332054260290754,713,5704,713,0.43649561847987656
0.04344647636331812,0.16762620751585414,0.010086654761656178,4.92450912986553e-6,1.4332920573006752e-9,1.000037799588719,1.7273359631531093e-6,0.00016356811301789949,714,5712,714,0.42532544156060087
0.04350732576998944,0.16765607613795153,0.010096938720128266,4.92450912986553e-6,1.4325788454178378e-9,1.0000378107885566,1.7220559129782487e-6,0.00016381561596233367,715,5720,715,0.4236841609928289
0.043568175176660756,0.1676858505872723,0.010107224525073611,4.924509129865531e-6,1.521743139566696e-9,1.0000379840122504,1.7943287673460873e-6,0.00016406306372569534,716,5728,716,0.42965019830153905
0.04362902458333207,0.16771552536243997,0.010117512192433432,4.92450912986553e-6,1.6778935157433094e-9,1.0000380291915312,1.715938054758226e-6,0.00016431045656035783,717,5736,717,0.39827293322387425
0.04368987399000339,0.1677451217466649,0.0101278017839598,4.924509129865528e-6,1.5425133908535481e-9,1.0000379111076123,1.7997948873471614e-6,0.0001645577867514251,718,5744,718,0.4124534147525387
0.043750723396674705,0.16777464497687436,0.010138093217054086,4.92450912986553e-6,1.5646377385857767e-9,1.0000379065600729,1.9027844189167809e-6,0.00016480507504053072,719,5752,719,0.43459687973948646
0.04381157280334602,0.16780408839875463,0.01014838644678984,4.92450912986553e-6,1.6588642018001782e-9,1.000038038500733,1.804675179073456e-6,0.00016505232845116308,720,5760,720,0.43420342804594825
0.04387242221001734,0.16783345332441002,0.010158681584174545,4.92450912986553e-6,1.7914859432872274e-9,1.0000380042330628,1.6256024082395015e-6,0.00016529953908455363,721,5768,721,0.4273976464176691
0.043933271616688654,0.16786276173345807,0.01016897859775538,4.92450912986553e-6,1.699396376160147e-9,1.0000378582843774,1.6318194795417185e-6,0.0001655467059647345,722,5776,722,0.4219409643690022
0.04399412102335997,0.16789201150271194,0.01017927739558,4.92450912986553e-6,1.6975892700351698e-9,1.0000378310979146,1.8277972912983387e-6,0.00016579385440024968,723,5784,723,0.4260904615100844
0.04405497043003129,0.1679211938167112,0.010189577995880026,4.92450912986553e-6,1.7844752642615518e-9,1.000037905015002,1.91953671446754e-6,0.00016604098130783764,724,5792,724,0.4279648949462882
0.044115819836702604,0.16795032575039873,0.01019988051347305,4.92450912986553e-6,1.945821654462129e-9,1.0000378416790923,1.970629000425106e-6,0.00016628807250289014,725,5800,725,0.423664465292691
0.04417666924337392,0.1679794130528816,0.010210184853132465,4.92450912986553e-6,1.8296040075758834e-9,1.0000376742736197,1.796798187569948e-6,0.00016653514495408467,726,5808,726,0.41679772559615524
0.044237518650045236,0.168008451148866,0.010220490935880108,4.92450912986553e-6,1.7570390359227844e-9,1.0000376769705772,1.7487277403915868e-6,0.00016678221287752396,727,5816,727,0.40756617488397345
0.04429836805671655,0.16803744533086062,0.010230798882260514,4.92450912986553e-6,1.8647806468847845e-9,1.0000377507284122,1.6102994493394363e-6,0.00016702926764191302,728,5824,728,0.38969509612980263
0.04435921746338787,0.16806641266752692,0.010241108700923738,4.92450912986553e-6,2.0968788401960097e-9,1.0000377821758069,1.7182947118499214e-6,0.00016727629587516777,729,5832,729,0.3664231419854138
0.044420066870059186,0.16809533532142507,0.010251420295641578,4.92450912986553e-6,1.856313539487701e-9,1.000037729306058,1.8424722156851203e-6,0.00016752332108695706,730,5840,730,0.35117596269797974
0.0444809162767305,0.168124228688737,0.010261733635809244,4.924509129865531e-6,1.8257730209341677e-9,1.0000379622794513,1.7809319388106815e-6,0.00016777034737733968,731,5848,731,0.33818259522030425
0.04454176568340182,0.16815310616646995,0.010272048874392484,4.92450912986553e-6,1.960217953644441e-9,1.0000380918935023,1.4320203263196163e-6,0.00016801736609922566,732,5856,732,0.32548062708274655
0.044602615090073135,0.1681819584205347,0.010282365935897063,4.924509129865531e-6,2.1082217181172217e-9,1.000038128664167,2.397542544940734e-6,0.00016826436886673864,733,5864,733,0.4557699061501746
0.04466346449674445,0.168210782296407,0.010292684738095035,4.92450912986553e-6,1.8951231567176683e-9,1.0000380442228898,2.352552996853774e-6,0.00016851138518044636,734,5872,734,0.4484076379810794
0.04472431390341577,0.16823960631428567,0.010303005335540757,4.924509129865531e-6,1.8952672883968503e-9,1.0000382328173447,2.3549499701402965e-6,0.00016875841133052249,735,5880,735,0.43618388719361817
0.044785163310087084,0.16826842463057778,0.010313327822599042,4.92450912986553e-6,2.0750826450959996e-9,1.0000383289738972,2.1465471604642516e-6,0.0001690054325269231,736,5888,736,0.42586695699456456
0.0448460127167584,0.1682972207575789,0.010323652095108255,4.92450912986553e-6,2.1059383386502004e-9,1.0000383079684099,1.8651364825927885e-6,0.0001692524616566924,737,5896,737,0.42198153547254497
0.04490686212342972,0.16832602282186687,0.010333978089642645,4.924509129865531e-6,1.9352459209034764e-9,1.000038140651083,2.0150540649410686e-6,0.00016949952143270722,738,5904,738,0.42173525271466644
0.04496771153010103,0.16835484383556756,0.010344305954573937,4.92450912986553e-6,1.9650053833515776e-9,1.0000382335803513,1.922450110214413e-6,0.00016974660507670822,739,5912,739,0.4172319121143529
0.04502856093677235,0.16838365524848128,0.010354635664968971,4.924509129865528e-6,2.2160176795244414e-9,1.0000382808913557,1.8691368097734085e-6,0.00016999369359371565,740,5920,740,0.41247892723368057
0.045089410343443666,0.16841247376509047,0.010364967131891046,4.924509129865531e-6,2.109050062298419e-9,1.0000381755463783,1.950325440702727e-6,0.00017024082431739356,741,5928,741,0.40984640437846337
0.04515025975011498,0.1684413288966546,0.010375300352682377,4.92450912986553e-6,1.97443725346073e-9,1.0000379671733153,1.9260230033069092e-6,0.0001704880019654504,742,5936,742,0.40808216944329834
0.0452111091567863,0.1684701963475011,0.010385635475809294,4.92450912986553e-6,2.0445813008473018e-9,1.0000381200375703,1.749207456214208e-6,0.00017073521274645921,743,5944,743,0.4077340669316996
0.045271958563457615,0.16849907069458764,0.010395972410486192,4.924509129865528e-6,2.3876976049869015e-9,1.0000381657973683,1.6917363439006294e-6,0.00017098245540554606,744,5952,744,0.40801544982267923
0.04533280797012893,0.16852799216462708,0.010406311079948667,4.924509129865531e-6,2.1179440734553662e-9,1.0000380790080505,1.7692139238079108e-6,0.00017122976752051024,745,5960,745,0.41390624824012295
0.04539365737680025,0.1685569546605896,0.010416651584029001,4.924509129865532e-6,2.0171329338282275e-9,1.0000380847527175,1.9758323333007866e-6,0.0001714771399387864,746,5968,746,0.41897523339606174
0.045454506783471564,0.16858592777117926,0.010426993970233974,4.92450912986553e-6,2.149693409449609e-9,1.0000382868044067,2.20180828591765e-6,0.0001717245549114361,747,5976,747,0.41902024967782997
0.04551535619014288,0.16861494975174118,0.010437338141683074,4.92450912986553e-6,2.2807051466973492e-9,1.0000383290639183,2.3488046849706734e-6,0.0001719720390977635,748,5984,748,0.41154785754285356
0.0455762055968142,0.16864403306240827,0.010447684055160946,4.924509129865531e-6,2.1110023501099953e-9,1.0000382628845679,2.258550125588954e-6,0.00017221960857980158,749,5992,749,0.3974719134371356
0.04563705500348551,0.16867315026937563,0.010458031874342057,4.92450912986553e-6,2.0600914598288133e-9,1.0000383500850423,1.9489074247758253e-6,0.00017246724857455405,750,6000,750,0.37816016020434223
0.04569790441015683,0.16870230509626258,0.010468381544135187,4.92450912986553e-6,2.2920599145035388e-9,1.000038481943479,1.4965553702950274e-6,0.00017271495100228322,751,6008,751,0.3546913978252684
0.045758753816828146,0.1687315361758001,0.010478732982127816,4.92450912986553e-6,2.1629370785620104e-9,1.000038473209904,1.364742502119043e-6,0.00017296275051636092,752,6016,752,0.34296416662762536
0.04581960322349946,0.16876082281076585,0.010489086232904968,4.92450912986553e-6,2.0425348470494313e-9,1.000038357183804,1.4253835161071038e-6,0.000173210644925136,753,6024,753,0.34888202558416787
0.04588045263017078,0.1687901541072432,0.010499441398765139,4.92450912986553e-6,2.0486865504193756e-9,1.0000383671046305,1.5439326261912356e-6,0.00017345861949125412,754,6032,754,0.3724844178312859
0.045941302036842095,0.16881955404719187,0.010509798397273704,4.92450912986553e-6,2.360177852690218e-9,1.0000384126702193,1.8278408617788955e-6,0.00017370668210195186,755,6040,755,0.4115560467786947
0.04600215144351341,0.16884902595842732,0.010520157181558878,4.92450912986553e-6,2.0742269010308503e-9,1.00003836245097,1.989731401863537e-6,0.00017395485846589292,756,6048,756,0.4484252947519377
0.04606300085018473,0.16887856069570642,0.010530517862776301,4.92450912986553e-6,2.00420536942864e-9,1.0000381833814407,1.4533180348053065e-6,0.00017420313983977948,757,6056,757,0.3640727905496155
0.046123850256856044,0.1689081623419246,0.010540880423931701,4.92450912986553e-6,2.1073721428781836e-9,1.0000381399973424,1.7593807370985814e-6,0.00017445150800834213,758,6064,758,0.3867290929814158
0.04618469966352736,0.16893783423460737,0.010551244802509656,4.92450912986553e-6,2.250008118465656e-9,1.000038187947996,2.041871340452417e-6,0.00017469998845590144,759,6072,759,0.40198508604505373
0.04624554907019868,0.16896757937230522,0.010561611052127336,4.924509129865531e-6,2.0314169377390362e-9,1.0000381429682954,2.120061679988794e-6,0.00017494859171343042,760,6080,760,0.4202231380511396
0.046306398476869993,0.16899740687984194,0.010571979215500585,4.92450912986553e-6,2.018150113138212e-9,1.000037961941842,2.098221870028283e-6,0.00017519730672866806,761,6088,761,0.4418412760936473
0.04636724788354131,0.16902730179718325,0.010582349229034305,4.92450912986553e-6,2.256541084867617e-9,1.0000381058255514,2.115523756174298e-6,0.00017544612079474695,762,6096,762,0.4535467907875605
0.046428097290212626,0.16905727077046,0.010592721081085414,4.92450912986553e-6,2.216070950643296e-9,1.0000382061607194,2.091892298494713e-6,0.0001756950624656201,763,6104,763,0.4554285925342586
0.04648894669688394,0.16908732693341386,0.010603094870465218,4.92450912986553e-6,2.0367233283978853e-9,1.0000381722790082,2.0515250866992574e-6,0.00017594413467328235,764,6112,764,0.4590415267236297
0.04654979610355526,0.16911746956746038,0.01061347055979495,4.92450912986553e-6,2.0894968273664782e-9,1.000038074284218,1.8837032769170037e-6,0.000176193321766575,765,6120,765,0.4645595222202092
0.046610645510226575,0.16914767903934458,0.010623848072614446,4.924509129865531e-6,2.2531465389590736e-9,1.0000383013871437,2.0107563614146784e-6,0.00017644262646006114,766,6128,766,0.37380807485791506
0.04667149491689789,0.16917797617554994,0.010634227504950489,4.924509129865532e-6,2.012358538916532e-9,1.000038453760061,1.8137363895220915e-6,0.00017669207097920225,767,6136,767,0.37830539468971264
0.04673234432356921,0.1692083724367258,0.010644608885503434,4.92450912986553e-6,1.944350993292586e-9,1.0000384558509228,1.6312746708990744e-6,0.00017694164841079477,768,6144,768,0.378912122033164
0.046793193730240525,0.1692388480090314,0.010654992147048311,4.924509129865531e-6,2.1217090557021206e-9,1.0000385336651803,1.6284036234992527e-6,0.0001771913454152097,769,6152,769,0.36602866486595415
0.04685404313691184,0.1692694029373741,0.010665377259347067,4.924509129865531e-6,2.0937433112825546e-9,1.000038768140186,2.061233061567691e-6,0.00017744118069444074,770,6160,770,0.4459228951975274
0.04691489254358316,0.1693000597667065,0.01067576436329954,4.92450912986553e-6,1.914323938476773e-9,1.0000388258030932,1.7644577496866987e-6,0.00017769116114431434,771,6168,771,0.41211816623930614
0.046975741950254474,0.1693308166838118,0.010686153394470762,4.92450912986553e-6,1.9156778644980123e-9,1.0000387480190425,1.6688308974721622e-6,0.00017794128049957242,772,6176,772,0.38071036402327335
0.04703659135692579,0.16936165253561225,0.010696544294313515,4.924509129865531e-6,2.217173886883639e-9,1.0000387493719514,2.183023639190651e-6,0.00017819152833676557,773,6184,773,0.4532591164665583
0.047097440763597107,0.1693925829517649,0.010706937130939682,4.92450912986553e-6,2.0236519119445533e-9,1.0000388812554433,2.0908977660383243e-6,0.00017844192837751825,774,6192,774,0.4018636961662502
0.04715829017026842,0.16942362654661328,0.010717331963603517,4.92450912986553e-6,1.8884687490040896e-9,1.000038842782645,2.3014448231606366e-6,0.00017869247495198398,775,6200,775,0.45577677936796546
0.04721913957693974,0.16945475738612104,0.010727728713584442,4.92450912986553e-6,1.9784232578446456e-9,1.0000387139099605,2.178962432708431e-6,0.00017894315994143467,776,6208,776,0.40060110357151946
0.047279988983611056,0.16948597347839864,0.01073812734570617,4.92450912986553e-6,2.2962464847186297e-9,1.0000386950072395,1.7894686550334882e-6,0.00017919398884030946,777,6216,777,0.3538228999725319
0.04734083839028237,0.1695173024376441,0.01074852800299212,4.924509129865531e-6,1.9995682709257118e-9,1.0000387487553108,2.853058674645581e-6,0.00017944497340828308,778,6224,778,0.4458420016599782
0.04740168779695369,0.16954873233312645,0.010758930634024182,4.924509129865531e-6,1.970278341249368e-9,1.0000386765771667,2.787648611501936e-6,0.00017969609889254668,779,6232,779,0.41438441492146966
0.047462537203625005,0.16958023858536653,0.010769335180213219,4.92450912986553e-6,2.0877041710240516e-9,1.0000385226183541,2.597204968424194e-6,0.00017994736299865952,780,6240,780,0.39235207129505717
0.04752338661029632,0.16961184701322118,0.010779741675233524,4.924509129865531e-6,2.3175095565486173e-9,1.000038622360577,2.19825057001799e-6,0.00018019878165848266,781,6248,781,0.37478056045056085
0.04758423601696764,0.16964357005630826,0.010790150226436951,4.92450912986553e-6,2.115667822081339e-9,1.000038678130142,2.1514006567358024e-6,0.00018045034888113678,782,6256,782,0.3597011018494608
0.047645085423638954,0.16967536946501657,0.010800560732558697,4.92450912986553e-6,2.149777391086681e-9,1.000038638162885,2.1247682866487594e-6,0.00018070205412968755,783,6264,783,0.43582847384419715
0.04770593483031027,0.16970725813728477,0.010810973157753005,4.924509129865531e-6,2.289901324801512e-9,1.000038584302337,2.725273205328449e-6,0.00018095390439832663,784,6272,784,0.41840258278234815
0.04776678423698159,0.1697392685874168,0.010821387634805616,4.92450912986553e-6,2.4550202087943995e-9,1.0000387634693322,2.006590989367396e-6,0.00018120591612237488,785,6280,785,0.42185220619229336
0.0478276336436529,0.16977136611200014,0.010831804141841572,4.92450912986553e-6,2.350069980858654e-9,1.0000388329193413,2.0060148742118145e-6,0.0001814580624015242,786,6288,786,0.4255377527667211
0.04788848305032422,0.16980354459520597,0.010842222600135527,4.92450912986553e-6,2.253392936364918e-9,1.0000387845870802,2.106928775447159e-6,0.00018171035734810558,787,6296,787,0.41847540064179983
0.047949332456995536,0.169835838851042,0.01085264303104336,4.92450912986553e-6,2.3736688646534353e-9,1.0000387294251205,2.2013748122162724e-6,0.00018196281046308665,788,6304,788,0.40602136684766577
0.04801018186366685,0.16986824598467032,0.010863065563843944,4.92450912986553e-6,2.7105398260677913e-9,1.0000388622370386,2.092239185458311e-6,0.00018221541840180176,789,6312,789,0.3906387053458038
0.04807103127033817,0.16990072796589897,0.010873490102762274,4.924509129865531e-6,2.3884118241278842e-9,1.0000388895843246,1.952150256556706e-6,0.00018246817315323874,790,6320,790,0.3781118774156236
0.048131880677009485,0.16993331838571066,0.01088391659828522,4.92450912986553e-6,2.336198076210703e-9,1.0000387705454525,1.8503451144624705e-6,0.00018272108329160625,791,6328,791,0.3620973546249967
0.0481927300836808,0.16996603551233766,0.010894345166236762,4.92450912986553e-6,2.4880980530426903e-9,1.000038607792711,1.7240346608105028e-6,0.00018297416642643294,792,6336,792,0.34643152424381446
0.04825357949035212,0.16999884152770353,0.010904775827210968,4.924509129865532e-6,2.706135136223247e-9,1.0000387013232157,1.6025207649761342e-6,0.00018322740101785854,793,6344,793,0.3362492122084977
0.048314428897023434,0.1700317451186191,0.010915208486339196,4.924509129865532e-6,2.4398458590067837e-9,1.0000386667892005,3.4914452378131955e-6,0.00018348080185565737,794,6352,794,0.460306450991992
0.04837527830369475,0.1700647742276646,0.010925643143479801,4.92450912986553e-6,2.4384282215699786e-9,1.0000384802708258,3.7560117007728877e-6,0.00018373437205424975,795,6360,795,0.45132280751460385
0.04843612771036607,0.1700979146038043,0.010936079949393144,4.92450912986553e-6,2.641687723315409e-9,1.000038368041851,3.630519412212152e-6,0.00018398811667492303,796,6368,796,0.44333359005543016
0.04849697711703738,0.17013114422307288,0.010946518823706985,4.924509129865531e-6,2.7130014493474563e-9,1.0000384500135782,3.1981667166780525e-6,0.00018424202730978872,797,6376,797,0.43933728286036144
0.0485578265237087,0.17016449842338205,0.010956959697541811,4.924509129865531e-6,2.517456960509006e-9,1.0000383934985722,2.510311801984244e-6,0.00018449611444347738,798,6384,798,0.4334180465364611
0.048618675930380016,0.1701979698115779,0.010967402659696724,4.92450912986553e-6,2.5424880039682453e-9,1.0000382063307838,2.712013355221643e-6,0.0001847503820060748,799,6392,799,0.42790512923100466
0.04867952533705133,0.17023153730615603,0.010977847783473967,4.924509129865532e-6,2.8405366959456917e-9,1.0000383599544995,2.5611086016397167e-6,0.00018500482458311704,800,6400,800,0.42270547335553704
0.04874037474372265,0.17026521770074338,0.01098829496095838,4.924509129865531e-6,2.7302751596222243e-9,1.0000384568762761,2.8403779595009837e-6,0.00018525944957014883,801,6408,801,0.4197959566783068
0.048801224150393965,0.17029901946186307,0.010998744178350098,4.924509129865531e-6,2.5925129568643305e-9,1.0000384187134508,2.986028736273738e-6,0.00018551425332603185,802,6416,802,0.413376530760571
0.04886207355706528,0.17033292134111136,0.01100919557835554,4.92450912986553e-6,2.6384593402733455e-9,1.000038367526476,2.2087110664870124e-6,0.00018576924488918984,803,6424,803,0.4591305758339991
0.0489229229637366,0.1703669268885986,0.011019649112661154,4.92450912986553e-6,3.0638390145594634e-9,1.0000386151804166,2.1182732936608772e-6,0.0001860244153227177,804,6432,804,0.4434726277820716
0.048983772370407914,0.1704010570073508,0.011030104699066607,4.92450912986553e-6,2.7475977918134473e-9,1.0000386862740052,2.108738726747106e-6,0.00018627977797547557,805,6440,805,0.4235900669757719
0.04904462177707923,0.17043528494977173,0.01104056243557223,4.92450912986553e-6,2.6556624499320234e-9,1.0000386436030975,2.1197943880224557e-6,0.00018653531839436403,806,6448,806,0.39068337624377497
0.04910547118375055,0.170469616729977,0.01105102235796544,4.92450912986553e-6,2.745620603974207e-9,1.0000386244363266,2.956312421531493e-6,0.0001867910499027393,807,6456,807,0.4506228456630938
0.049166320590421864,0.17050406332571366,0.011061484389547396,4.924509129865532e-6,3.0843237252090925e-9,1.0000388036162724,2.7879972748223736e-6,0.000187046968933519,808,6464,808,0.44636262011906974
0.04922716999709318,0.17053861272034598,0.011071948519705457,4.92450912986553e-6,2.7587383008715806e-9,1.0000388125633022,2.339063669865027e-6,0.00018730306691279835,809,6472,809,0.386462241011743
0.049288019403764496,0.17057325660245545,0.01108241488962494,4.92450912986553e-6,2.706000246291698e-9,1.0000387215616229,1.987434558259338e-6,0.00018755935895288186,810,6480,810,0.45410443974317766
0.04934886881043581,0.1706080183836478,0.011092883407756386,4.92450912986553e-6,2.892956125987223e-9,1.0000386042161198,2.106381543853786e-6,0.00018781583638464793,811,6488,811,0.4453740787364358
0.04940971821710713,0.1706428760917574,0.011103354016783092,4.92450912986553e-6,3.016791095655687e-9,1.0000386695617463,2.1380848238550243e-6,0.0001880725040942271,812,6496,812,0.46303314024651226
0.049470567623778446,0.17067782455100913,0.01111382684578366,4.92450912986553e-6,2.764780857705793e-9,1.0000387044258063,2.2137931594556903e-6,0.00018832935269581794,813,6504,813,0.37147013549422586
0.04953141703044976,0.17071288566423548,0.011124301906491631,4.92450912986553e-6,2.7554820340760423e-9,1.0000387152404786,2.0955367290298454e-6,0.00018858639403131487,814,6512,814,0.41821140019422365
0.04959226643712108,0.17074804551558964,0.011134779083719001,4.924509129865532e-6,3.0934670460024387e-9,1.0000387641602084,2.318904364528862e-6,0.00018884362132254098,815,6520,815,0.4181539310362925
0.049653115843792395,0.17078328926177644,0.01114525840182217,4.92450912986553e-6,2.9645900517381364e-9,1.000038872559608,2.4936812437204026e-6,0.0001891010337484942,816,6528,816,0.4646863506827385
0.04971396525046371,0.1708186335026117,0.011155740021969082,4.92450912986553e-6,2.772101985053772e-9,1.0000389183584617,2.104593392004972e-6,0.00018935863194780258,817,6536,817,0.38899964901582973
0.04977481465713503,0.1708540867816783,0.011166223834024507,4.92450912986553e-6,2.8231848261395162e-9,1.0000389047743254,2.3623259863825297e-6,0.00018961641754472027,818,6544,818,0.4186540582318881
0.049835664063806344,0.17088961670879335,0.0111767097467483,4.924509129865531e-6,3.3508619161520505e-9,1.0000390123210756,2.3258203327714e-6,0.0001898743903486126,819,6552,819,0.44153308869268904
0.04989651347047766,0.1709252331294178,0.01118719792788471,4.92450912986553e-6,2.9323994319445094e-9,1.000039097556863,2.323062140874299e-6,0.00019013254086523273,820,6560,820,0.4593572147941033
0.04995736287714898,0.17096096083922785,0.011197688392922756,4.92450912986553e-6,2.791724978882938e-9,1.0000391187975333,2.536935973296295e-6,0.00019039088011785248,821,6568,821,0.4752903204584745
0.05001821228382029,0.17099677152639317,0.011208181017468363,4.92450912986553e-6,2.9722904083968308e-9,1.0000391293418451,2.3004187710284896e-6,0.0001906494007852808,822,6576,822,0.3819573277758946
0.05007906169049161,0.1710326556593894,0.011218675792443953,4.92450912986553e-6,3.2008111524901588e-9,1.0000392476943236,2.8198534849366297e-6,0.00019090810399976298,823,6584,823,0.3933437978192895
0.050139911097162926,0.1710686358467667,0.011229172913974557,4.924509129865532e-6,2.9405416780167256e-9,1.0000393092385715,3.0893893665506766e-6,0.00019116698447055655,824,6592,824,0.4094659330369694
0.05020076050383424,0.17110471397180513,0.011239672275288916,4.92450912986553e-6,2.8484283765957383e-9,1.0000393047471376,3.070030814456004e-6,0.0001914260508623772,825,6600,825,0.4256159745918997
0.05026160991050556,0.17114085661092307,0.01125017377249358,4.92450912986553e-6,3.21245011410889e-9,1.0000393749295788,2.7667530502206716e-6,0.0001916852928410796,826,6608,826,0.4295649413807182
0.050322459317176875,0.1711770741133009,0.01126067755037112,4.92450912986553e-6,2.9718060800362977e-9,1.0000394698530148,2.5743128162503126e-6,0.0001919447102322079,827,6616,827,0.430633894026232
0.05038330872384819,0.1712133914756219,0.011271183657804386,4.92450912986553e-6,2.8083204375929912e-9,1.0000395068267336,2.935650314839222e-6,0.00019220430467176524,828,6624,828,0.43637535510247843
0.05044415813051951,0.1712497798912626,0.011281691971768025,4.92450912986553e-6,2.8421776938974067e-9,1.0000394929324645,2.9680780073704227e-6,0.0001924640722994098,829,6632,829,0.4494772579018431
0.050505007537190824,0.17128622036939553,0.011292202461458671,4.92450912986553e-6,3.204931152572973e-9,1.000039607831382,2.8080592251455982e-6,0.0001927240143476229,830,6640,830,0.465221929288627
0.05056585694386214,0.17132274672534908,0.011302715315721426,4.924509129865531e-6,2.8436306124914995e-9,1.0000396786884764,3.0019546670700947e-6,0.00019298411823634568,831,6648,831,0.4768353766738673
0.05062670635053346,0.17135935259801066,0.011313230461265993,4.92450912986553e-6,2.7557836010222845e-9,1.00003969070725,2.308359768221635e-6,0.00019324439480350518,832,6656,832,0.3405806293829118
0.05068755575720477,0.17139600293539187,0.011323747786528612,4.92450912986553e-6,2.989810570977936e-9,1.0000397258829357,2.2020209229367538e-6,0.00019350483523782706,833,6664,833,0.3353839191258342
0.05074840516387609,0.17143271204561322,0.011334267394780996,4.92450912986553e-6,3.0740760291682357e-9,1.0000398279695109,2.597536635562392e-6,0.00019376543898371346,834,6672,834,0.4765157189331149
0.050809254570547406,0.17146950199746433,0.011344789371421587,4.92450912986553e-6,2.807162433489003e-9,1.0000398753898079,2.851403252179807e-6,0.0001940261978960752,835,6680,835,0.47073316927388076
0.05087010397721872,0.1715063418414392,0.011355313598354054,4.924509129865531e-6,2.8134331496108525e-9,1.0000399173906453,2.9172282438594266e-6,0.00019428711821838071,836,6688,836,0.47124613318252073
0.05093095338389004,0.1715432139151445,0.011365840022596102,4.924509129865531e-6,3.298963036507369e-9,1.0000399572752945,2.873853254925507e-6,0.0001945482000034781,837,6696,837,0.4760741472108024
0.050991802790561355,0.17158015376436447,0.011376368822587331,4.92450912986553e-6,2.9261613797149065e-9,1.0000400352397762,3.2446309532474515e-6,0.00019480942571358675,838,6704,838,0.47848701324723913
0.05105265219723267,0.17161714418854795,0.011386899946307313,4.92450912986553e-6,2.804412358426902e-9,1.0000400827729599,3.317417537118672e-6,0.00019507079480016312,839,6712,839,0.477407419006009
0.05111350160390399,0.17165415964252148,0.011397433288615344,4.924509129865532e-6,2.9745595476691374e-9,1.0000401477663292,3.0905717665064003e-6,0.0001953323151122657,840,6720,840,0.4705644175108035
0.051174351010575304,0.1716912130927398,0.011407968909740104,4.92450912986553e-6,3.0339916080485235e-9,1.0000401746123373,2.7916148894746584e-6,0.00019559398334853664,841,6728,841,0.46763443692156254
0.05123520041724662,0.1717283188979214,0.011418506918807246,4.924509129865531e-6,2.77670210579698e-9,1.0000402275521794,3.3477349461463746e-6,0.00019585576910387405,842,6736,842,0.46828087842306687
0.05129604982391794,0.17176544024844673,0.011429047212860654,4.92450912986553e-6,2.7233323318701662e-9,1.0000403238805682,3.5121687744776864e-6,0.00019611769515958993,843,6744,843,0.4720184161768141
0.051356899230589254,0.17180258208884253,0.011439589715589038,4.92450912986553e-6,3.162407831949792e-9,1.0000403623602547,1.8098781140452047e-6,0.0001963797626079469,844,6752,844,0.3738799625750566
0.05141774863726057,0.17183976588405048,0.011450134601575715,4.92450912986553e-6,2.905744206297189e-9,1.000040375337396,2.221958609993635e-6,0.0001966419506741955,845,6760,845,0.3739927235992412
0.051478598043931886,0.17187696094531404,0.011460681828582127,4.92450912986553e-6,2.713841705640224e-9,1.000040473063326,2.4380121885769768e-6,0.0001969042484629706,846,6768,846,0.36856368724636185
0.0515394474506032,0.17191416419268482,0.011471231297466796,4.92450912986553e-6,2.785516368773409e-9,1.0000405499039196,2.3593584472791918e-6,0.00019716668175775613,847,6776,847,0.3580723261915874
0.05160029685727452,0.1719513948973343,0.011481783036301934,4.924509129865531e-6,2.978301704627616e-9,1.0000405600894235,1.9209259107810794e-6,0.00019742924856327743,848,6784,848,0.34523486748376503
0.051661146263945835,0.17198864322738516,0.011492337173722568,4.924509129865531e-6,2.723316571600231e-9,1.0000406008438354,1.630723218681851e-6,0.00019769190529907396,849,6792,849,0.34565731216735834
0.05172199567061715,0.17202588124744198,0.011502893607567498,4.924509129865531e-6,2.680178656658219e-9,1.0000407096979027,3.0771209935664956e-6,0.00019795468225045396,850,6800,850,0.4733966000210759
0.05178284507728847,0.1720631374699338,0.011513452254835407,4.924509129865531e-6,2.8877893612043027e-9,1.0000407608907391,2.9166969284233346e-6,0.0001982175906709293,851,6808,851,0.46746598806409767
0.051843694483959785,0.17210041481347751,0.011524013278447822,4.92450912986553e-6,2.9923387914787345e-9,1.0000407414726928,3.2590840817192657e-6,0.00019848060939066145,852,6816,852,0.4698380314406764
0.0519045438906311,0.17213767380746628,0.011534576648387808,4.92450912986553e-6,2.7691608973434092e-9,1.0000408470831559,3.575713474646136e-6,0.00019874371226252238,853,6824,853,0.47368901812929504
0.05196539329730242,0.17217493304158574,0.011545142277287763,4.924509129865531e-6,2.7476298353264197e-9,1.00004093274377,3.6155686444772073e-6,0.0001990069430707078,854,6832,854,0.46835385178896316
0.052026242703973734,0.17221221391640162,0.011555710161894803,4.92450912986553e-6,3.033345230768474e-9,1.0000409566366142,3.3404628769773126e-6,0.00019927029716188324,855,6840,855,0.45985328348560056
0.05208709211064505,0.17224947993834347,0.01156628045710487,4.92450912986553e-6,3.030618352081935e-9,1.0000409661283836,2.690071909228209e-6,0.00019953372632014045,856,6848,856,0.4504432660161101
0.05214794151731637,0.1722867181718544,0.01157685305322926,4.92450912986553e-6,2.8302261160566672e-9,1.0000410807943423,2.926818666537656e-6,0.0001997972573258261,857,6856,857,0.4451676093128496
0.05220879092398768,0.17232397354225248,0.011587427869583564,4.92450912986553e-6,2.8996580148926004e-9,1.0000411420163058,2.973956583218751e-6,0.0002000609124769508,858,6864,858,0.4502223207803247
0.052269640330659,0.17236122303588686,0.011598005042093193,4.924509129865531e-6,3.3086019639936276e-9,1.0000411366872985,3.13919228034365e-6,0.00020032466349149117,859,6872,859,0.4593376085610752
0.052330489737330316,0.17239842937717853,0.011608584569577206,4.924509129865531e-6,3.119516553483249e-9,1.000041210407849,3.3478607548431683e-6,0.0002005884815397526,860,6880,860,0.4698201526567852
0.05239133914400163,0.17243562906785873,0.011619166354115593,4.92450912986553e-6,3.0572600810485377e-9,1.0000413022282195,3.1969609608495375e-6,0.0002008524151915853,861,6888,861,0.472572297957436
0.05245218855067295,0.17247283094434884,0.011629750382091296,4.92450912986553e-6,3.0714594422963767e-9,1.0000413370429224,3.030470978160338e-6,0.00020111645373050612,862,6896,862,0.47145068364397996
0.052513037957344265,0.1725099880227398,0.011640336803497317,4.924509129865531e-6,3.4639665148974274e-9,1.0000413197765283,3.013546105989917e-6,0.0002013805587180273,863,6904,863,0.4727307099564291
0.05257388736401558,0.1725471087396374,0.011650925517893767,4.924509129865531e-6,3.365522827697632e-9,1.0000414429155533,2.995119970705673e-6,0.00020164474844200017,864,6912,864,0.4796571062448598
0.0526347367706869,0.17258422890539118,0.011661516458034753,4.92450912986553e-6,3.1058095200819976e-9,1.0000415108632665,2.04369845846486e-6,0.00020190904456416313,865,6920,865,0.3953319388982023
0.052695586177358214,0.17262131107031947,0.011672109737507217,4.92450912986553e-6,3.167772188118315e-9,1.0000415168745682,2.44306770014191e-6,0.00020217342578392119,866,6928,866,0.41305141049422633
0.05275643558402953,0.1726583339229858,0.01168270535015288,4.92450912986553e-6,3.697307045479012e-9,1.0000415639324032,2.6216535644607575e-6,0.00020243785768270155,867,6936,867,0.4288782525543208
0.05281728499070085,0.17269533791752972,0.011693303211936321,4.92450912986553e-6,3.3220320265928725e-9,1.000041662960372,2.460769010781405e-6,0.00020270238796597282,868,6944,868,0.43553412374757633
0.05287813439737216,0.17273231025553198,0.01170390334315084,4.924509129865532e-6,3.167818648210147e-9,1.0000417049059187,2.2343900809573825e-6,0.00020296700242472592,869,6952,869,0.4359370741614896
0.05293898380404348,0.17276921579361865,0.011714505833966316,4.92450912986553e-6,3.3059671206064598e-9,1.0000416806155357,2.3019429704618233e-6,0.00020323167616277356,870,6960,870,0.445198167702005
0.052999833210714796,0.17280607603404344,0.011725110584696158,4.924509129865531e-6,3.7639497784358245e-9,1.0000417954742582,2.274165224136482e-6,0.0002034964135337318,871,6968,871,0.4610782663537641
0.05306068261738611,0.17284290590394044,0.011735717565706126,4.92450912986553e-6,3.3294915373190986e-9,1.0000418693347544,2.319646540627218e-6,0.000203761238592703,872,6976,872,0.44722781835351677
0.05312153202405743,0.1728796680260839,0.011746326903995656,4.92450912986553e-6,3.270613884054221e-9,1.0000418826013047,2.862082084220674e-6,0.00020402613077526288,873,6984,873,0.4091709438960058
0.053182381430728745,0.17291636977159866,0.011756938526183992,4.92450912986553e-6,3.513349325558222e-9,1.0000419008893175,3.067046662863504e-6,0.000204291063287247,874,6992,874,0.44531316254918024
0.05324323083740006,0.17295302755484115,0.011767552347954898,4.92450912986553e-6,3.6866642901517583e-9,1.0000420132242342,3.0057139497330354e-6,0.00020455607355032794,875,7000,875,0.482555826344603
0.05330408024407138,0.17298962074880844,0.01177816845552266,4.92450912986553e-6,3.381872792772852e-9,1.0000420598866784,1.6121421886339249e-6,0.00020482114510549676,876,7008,876,0.36664129890901587
0.053364929650742694,0.17302614141117317,0.01178878691386576,4.92450912986553e-6,3.3808594843917012e-9,1.0000420437089597,1.625139134375786e-6,0.00020508627117407703,877,7016,877,0.40968507877048216
0.05342577905741401,0.17306260619389166,0.011799407572144885,4.92450912986553e-6,3.803240207060645e-9,1.000042130994797,1.953694805933992e-6,0.00020535143795157482,878,7024,878,0.4517934712185026
0.05348662846408533,0.17309900675354367,0.011810030418842217,4.924509129865531e-6,3.642865704121553e-9,1.000042216712572,2.274609443020381e-6,0.0002056166682667561,879,7032,879,0.36192127077248615
0.05354747787075664,0.17313532415765726,0.011820655629430474,4.92450912986553e-6,3.4432183587134138e-9,1.000042234859624,2.5517553297049744e-6,0.00020588195078208323,880,7040,880,0.3960952006601553
0.05360832727742796,0.1731715809068429,0.011831283099805518,4.924509129865531e-6,3.490032760547924e-9,1.0000422223895384,2.6900962382114812e-6,0.00020614726769419025,881,7048,881,0.4279425121130759
0.053669176684099276,0.1732077609644967,0.011841912697238511,4.92450912986553e-6,4.138057207657477e-9,1.000042348723375,2.9274649762101035e-6,0.00020641262918589824,882,7056,882,0.4447049646803045
0.05373002609077059,0.1732438585104889,0.011852544566147536,4.924509129865531e-6,3.6197303544262616e-9,1.0000424053724744,2.9461639030614606e-6,0.00020667803776124673,883,7064,883,0.45859774426417904
0.05379087549744191,0.17327988157374374,0.011863178769103883,4.924509129865531e-6,3.4998471606588347e-9,1.000042394710159,2.888150119062516e-6,0.00020694349091797794,884,7072,884,0.48206669744598235
0.053851724904113225,0.17331582683244603,0.011873815141003904,4.924509129865531e-6,3.6578348182206364e-9,1.0000424524169185,2.1292348009183115e-6,0.0002072089646435917,885,7080,885,0.4117435990716327
0.05391257431078454,0.17335168066139883,0.01188445363097784,4.92450912986553e-6,3.991868350810673e-9,1.0000425532858102,2.0075370912309154e-6,0.0002074744804065554,886,7088,886,0.42889287410393767
0.05397342371745586,0.1733874501621064,0.011895094471859491,4.924509129865531e-6,3.606367435131243e-9,1.0000425792446828,2.2048960990339594e-6,0.00020774003605657714,887,7096,887,0.4433505346998605
0.054034273124127175,0.17342314229570344,0.01190573754589621,4.92450912986553e-6,3.549324483269832e-9,1.0000425386052025,2.869660624682524e-6,0.0002080056161244221,888,7104,888,0.4565611815054465
0.05409512253079849,0.17345873301073222,0.011916382705148871,4.92450912986553e-6,3.922918591070495e-9,1.0000426704794931,3.1884076818755602e-6,0.0002082712155764821,889,7112,889,0.4609223135483308
0.05415597193746981,0.17349422756653693,0.011927030078957157,4.92450912986553e-6,3.873468934437974e-9,1.0000427422887463,3.122570333857766e-6,0.00020853684932272543,890,7120,890,0.4565326850471714
0.054216821344141124,0.17352964380447977,0.01193767976407291,4.92450912986553e-6,3.59916497836354e-9,1.000042737434581,2.6401631529893166e-6,0.00020880251569078238,891,7128,891,0.4569812311438458
0.05427767075081244,0.17356496325494264,0.011948331587627441,4.92450912986553e-6,3.6150300232165457e-9,1.0000427634598423,2.4111611196531157e-6,0.00020906818814695204,892,7136,892,0.4683362189396583
0.054338520157483756,0.17360017029984612,0.01195898547711594,4.92450912986553e-6,4.274421092362997e-9,1.000042874861047,2.3407896634353165e-6,0.00020933388208561735,893,7144,893,0.47668888891960215
0.05439936956415507,0.17363529069868608,0.011969641672364523,4.92450912986553e-6,3.793366723889152e-9,1.000042915301163,2.176415989652014e-6,0.00020959960736534973,894,7152,894,0.4794907060800209
0.05446021897082639,0.1736703239005506,0.011980300071843171,4.92450912986553e-6,3.603318225362594e-9,1.0000428800558532,2.318862613037709e-6,0.00020986535182447084,895,7160,895,0.4820189294844545
0.054521068377497706,0.17370523824946457,0.011990960526236607,4.92450912986553e-6,3.758061174940533e-9,1.0000429809265021,2.3426099460266414e-6,0.00021013109062770693,896,7168,896,0.4756874394116738
0.05458191778416902,0.1737400467396148,0.012001623121569596,4.924509129865531e-6,4.2069714490996164e-9,1.0000430647646101,2.3141611791288597e-6,0.00021039685367104494,897,7176,897,0.46154919496411023
0.05464276719084034,0.17377477739901864,0.012012287999238987,4.924509129865531e-6,3.745717504334932e-9,1.0000430727947813,2.318828421721264e-6,0.0002106626471477388,898,7184,898,0.44943940817221134
0.054703616597511655,0.17380939363212045,0.012022954983242191,4.92450912986553e-6,3.6386030816131473e-9,1.0000430664803177,2.120552579754076e-6,0.00021092843074391884,899,7192,899,0.4507963878115811
0.05476446600418297,0.17384388631008985,0.012033623984290656,4.92450912986553e-6,4.078987251463383e-9,1.0000431860819272,2.014659656879303e-6,0.00021119421557859845,900,7200,900,0.45623478911497056
0.05482531541085429,0.17387829222576015,0.01204429523594629,4.924509129865531e-6,4.058782927362126e-9,1.0000432401684793,2.3741886456818406e-6,0.0002114600294290465,901,7208,901,0.4588824622715452
0.054886164817525604,0.17391259999302267,0.012054968661526961,4.924509129865531e-6,3.742547949754573e-9,1.0000432153281977,2.978987051704962e-6,0.0002117258490582825,902,7216,902,0.4614554988861954
0.05494701422419692,0.17394677526820396,0.012065644115204525,4.92450912986553e-6,3.764993530211272e-9,1.0000432845754432,3.276186548717419e-6,0.00021199164749926,903,7224,903,0.4674401060416909
0.05500786363086824,0.17398083635144712,0.012076321638694645,4.92450912986553e-6,4.2852525497455355e-9,1.0000433771703319,3.1956267356747503e-6,0.00021225745751935653,904,7232,904,0.465476649057753
0.05506871303753955,0.17401481192292503,0.012087001478396255,4.924509129865531e-6,3.803483379143337e-9,1.0000433987718138,2.895785300438547e-6,0.00021252328386319377,905,7240,905,0.45787426595632486
0.05512956244421087,0.17404866423858714,0.012097683438704489,4.92450912986553e-6,3.660119986851636e-9,1.0000433623395006,2.3600129850365192e-6,0.00021278909598649435,906,7248,906,0.46223886582760576
0.055190411850882186,0.17408238103880225,0.012108367363462333,4.92450912986553e-6,3.945304618232737e-9,1.0000434847042665,2.3907249584453893e-6,0.00021305489211686905,907,7256,907,0.472855786730215
0.0552512612575535,0.17411600086872592,0.012119053454735193,4.924509129865531e-6,3.983726361307398e-9,1.0000435453075485,2.6653658835584793e-6,0.00021332070078529996,908,7264,908,0.47636179398738754
0.05531211066422482,0.1741495071137303,0.012129741764125573,4.924509129865532e-6,3.659746260365575e-9,1.0000435320858945,2.7114251963666902e-6,0.00021358649959023006,909,7272,909,0.47420427794044917
0.055372960070896135,0.17418287011063915,0.012140432074311055,4.92450912986553e-6,3.6178485552513373e-9,1.000043568125227,2.5805153427427285e-6,0.00021385226802172027,910,7280,910,0.4697307768444733
0.05543380947756745,0.1742161058588369,0.012151124334487916,4.924509129865531e-6,4.273779732597361e-9,1.0000436625642344,2.580085492809303e-6,0.0002141180280474074,911,7288,911,0.4647923736339115
0.05549465888423877,0.17424923940353085,0.01216181882325242,4.924509129865531e-6,3.844193486632277e-9,1.000043690482785,2.581495607500983e-6,0.00021438377574506658,912,7296,912,0.4565339729670488
0.055555508290910084,0.17428222571703916,0.012172515389296257,4.924509129865531e-6,3.6048860197598256e-9,1.0000436403900221,2.2939335764249336e-6,0.00021464949549074552,913,7304,913,0.4556585823539688
0.0556163576975814,0.17431506605853941,0.012183213846385007,4.924509129865532e-6,3.766131794730438e-9,1.0000437544731005,2.31024816343961e-6,0.00021491517766552193,914,7312,914,0.4604257670122379
0.05567720710425272,0.17434779325741154,0.012193914369558138,4.92450912986553e-6,4.187157587293266e-9,1.0000438183244327,2.253004709018569e-6,0.00021518085099167262,915,7320,915,0.45955185500930806
0.05573805651092403,0.17438038506288459,0.012204617054577704,4.924509129865531e-6,3.815980025437691e-9,1.0000438127573072,2.550983291271791e-6,0.00021544648869143391,916,7328,916,0.4599247685035009
0.05579890591759535,0.1744128163760309,0.012215321687900774,4.92450912986553e-6,3.641619140071543e-9,1.000043826483434,3.0830583170882164e-6,0.00021571208450705002,917,7336,917,0.4633902805560412
0.055859755324266666,0.17444511265516055,0.012226028186073469,4.92450912986553e-6,4.1310917040372214e-9,1.000043921098368,3.2447765576648635e-6,0.00021597765277586018,918,7344,918,0.462472040102846
0.05592060473093798,0.1744772888992196,0.01223673683677311,4.924509129865531e-6,3.868414427225631e-9,1.0000439519587905,2.9929472624701248e-6,0.00021624318052081615,919,7352,919,0.4598248334799944
0.0559814541376093,0.17450929414057312,0.01224744751595546,4.924509129865531e-6,3.665751374105961e-9,1.0000439109111106,2.4161190594895743e-6,0.00021650866511421457,920,7360,920,0.4682104499683951
0.056042303544280615,0.17454114954849814,0.012258160023350789,4.924509129865532e-6,3.778066285397861e-9,1.0000440017371508,2.2010401465877294e-6,0.00021677410008393429,921,7368,921,0.48796108237602576
0.05610315295095193,0.17457287864735108,0.012268874503428461,4.92450912986553e-6,4.2248424053839135e-9,1.0000440656810048,1.7101678224662464e-6,0.00021703949764905622,922,7376,922,0.34915510750062184
0.05616400235762325,0.17460444631196415,0.012279591090167841,4.924509129865531e-6,3.787772680095493e-9,1.0000440632178556,1.8007137043696275e-6,0.000217304835248921,923,7384,923,0.35738125390902764
0.056224851764294564,0.17463584316141842,0.012290309572545562,4.92450912986553e-6,3.6797373160357253e-9,1.00004405848148,1.8708307436554605e-6,0.00021757012230085558,924,7392,924,0.35743389487422367
0.05628570117096588,0.17466710238971328,0.012301029845226411,4.924509129865532e-6,4.1321627674940055e-9,1.0000441576897878,2.019658381868794e-6,0.00021783536011076433,925,7400,925,0.3493846766369253
0.0563465505776372,0.17469821317019962,0.012311752185799966,4.924509129865528e-6,4.043092214516163e-9,1.0000441896580532,2.6532109131949255e-6,0.00021810053014745378,926,7408,926,0.4868235851056589
0.056407399984308514,0.17472913633360443,0.012322476508724926,4.924509129865531e-6,3.8357695473389895e-9,1.0000441532642608,2.34173330682097e-6,0.00021836563781316428,927,7416,927,0.4716713870009043
0.05646824939097983,0.17475990892309354,0.012333202602865155,4.92450912986553e-6,3.869029466980579e-9,1.0000442284609588,2.1753491523668345e-6,0.00021863068790375833,928,7424,928,0.4664887047191713
0.056529098797651146,0.17479053822686552,0.01234393057554768,4.924509129865531e-6,4.239466847588168e-9,1.0000442951172246,2.0970060177205596e-6,0.00021889567350586475,929,7432,929,0.4532805908591582
0.05658994820432246,0.17482098074286898,0.012354660595976407,4.92450912986553e-6,3.808375773831237e-9,1.000044293889255,2.6477937398183826e-6,0.0002191605739107851,930,7440,930,0.43942107959130977
0.05665079761099378,0.17485125052529832,0.012365392461259847,4.92450912986553e-6,3.6697754563556707e-9,1.000044268302877,3.066250337191434e-6,0.0002194254210531626,931,7448,931,0.4322075256758217
0.056711647017665096,0.17488137895999598,0.012376126049107329,4.92450912986553e-6,4.056053167416742e-9,1.0000443810526347,3.140928521716546e-6,0.00021969019754568348,932,7456,932,0.42715818368880165
0.05677249642433641,0.17491132831809159,0.012386861607540326,4.924509129865531e-6,4.014046609515137e-9,1.000044414443673,2.776759139067053e-6,0.00021995488358675724,933,7464,933,0.41437365910644625
0.05683334583100773,0.17494108506421507,0.012397599101900605,4.92450912986553e-6,3.650157274452606e-9,1.0000443799303331,2.472856145629976e-6,0.00022021949290763353,934,7472,934,0.4141815755702146
0.056894195237679045,0.17497069519240796,0.012408338316419866,4.92450912986553e-6,3.6610538914334035e-9,1.0000444377606459,2.270791398473193e-6,0.00022048404364255974,935,7480,935,0.4307569140640568
0.05695504464435036,0.1750001378565562,0.012419079311431122,4.92450912986553e-6,4.267282004726166e-9,1.0000445160497757,2.2220718562948605e-6,0.00022074850699125073,936,7488,936,0.4444613887925639
0.05701589405102168,0.17502938050349945,0.012429822267498612,4.92450912986553e-6,3.808884056795676e-9,1.0000445156006221,2.5466897284331935e-6,0.00022101286714379463,937,7496,937,0.4577414627539569
0.057076743457692994,0.17505845825972388,0.012440567014993803,4.924509129865532e-6,3.624530638254828e-9,1.0000444952669478,2.7259822843461734e-6,0.00022127717065804735,938,7504,938,0.47191280441784
0.05713759286436431,0.1750873800267665,0.012451313446663762,4.92450912986553e-6,3.7763077013814006e-9,1.0000445908722584,2.7686897396961285e-6,0.0002215413890390689,939,7512,939,0.48865093817642213
0.05719844227103563,0.1751161026751531,0.012462061719180647,4.92450912986553e-6,4.302982567957303e-9,1.000044632547829,2.203952220725114e-6,0.0002218055019505053,940,7520,940,0.3527425056215849
0.05725929167770694,0.17514463745100903,0.012472811862750734,4.924509129865531e-6,3.839894373781913e-9,1.0000446142229746,2.0937844453783327e-6,0.00022206952956197866,941,7528,941,0.35258794144194694
0.05732014108437826,0.17517302398926624,0.012483563683408626,4.92450912986553e-6,3.816862269513942e-9,1.0000446349432444,1.7956358178139453e-6,0.00022233348456955827,942,7536,942,0.36222017417417945
0.057380990491049576,0.1752012177293798,0.01249431723307405,4.92450912986553e-6,3.9147201457373025e-9,1.0000447255563727,1.6953871124769648e-6,0.00022259734321370024,943,7544,943,0.37229848605226445
0.05744183989772089,0.1752292138532143,0.012505072612614966,4.924509129865531e-6,4.375510776501968e-9,1.000044730079454,1.8039404068304066e-6,0.0002228610914310701,944,7552,944,0.3808781038744805
0.05750268930439221,0.17525704877546594,0.012515829715882734,4.924509129865532e-6,3.972867583055853e-9,1.0000447658941187,1.7249325772183965e-6,0.00022312477042905923,945,7560,945,0.3818264538639053
0.057563538711063525,0.17528471151678413,0.012526588475564324,4.92450912986553e-6,3.798968317437058e-9,1.0000447864072044,1.5444927043972712e-6,0.00022338835189642144,946,7568,946,0.37441226485671864
0.05762438811773484,0.17531216825338605,0.012537348980888138,4.924509129865531e-6,4.055471012719447e-9,1.0000448414402954,1.6958863966465287e-6,0.00022365182547903962,947,7576,947,0.3638893513633476
0.05768523752440616,0.17533945017403701,0.012548111232136424,4.92450912986553e-6,4.360702279025679e-9,1.000044880657312,1.7641695535530744e-6,0.0002239152067936053,948,7584,948,0.35975788985552576
0.057746086931077474,0.175366570586202,0.012558875107484534,4.92450912986553e-6,3.937783631290762e-9,1.000044902077315,1.8696949268814933e-6,0.0002241785021525658,949,7592,949,0.3604095661817322
0.05780693633774879,0.1753934897024681,0.012569640668251428,4.92450912986553e-6,3.935141181184854e-9,1.000044922059112,2.553056248189023e-6,0.00022444169586925567,950,7600,950,0.49388579339113986
0.05786778574442011,0.17542022389595796,0.012580407954701566,4.924509129865532e-6,4.390861278527655e-9,1.0000449767929187,1.760925101734756e-6,0.00022470478162428328,951,7608,951,0.3809582818334469
0.05792863515109142,0.17544679374004568,0.012591176845877346,4.924509129865532e-6,4.313885890709266e-9,1.0000450325674517,2.0057267420270364e-6,0.00022496778444675803,952,7616,952,0.3872249203139365
0.05798948455776274,0.17547317671509305,0.012601947368549516,4.924509129865531e-6,4.101887394873581e-9,1.0000450212958878,2.2353564474997256e-6,0.00022523068292524347,953,7624,953,0.38479331975853853
0.058050333964434056,0.17549936148277287,0.012612719549404789,4.92450912986553e-6,4.128889595798847e-9,1.0000450479113336,2.242951609332522e-6,0.0002254934759886445,954,7632,954,0.37785496796312457
0.05811118337110537,0.1755253798488933,0.012623493368635602,4.92450912986553e-6,4.6821662885985124e-9,1.000045144357764,2.056939479189168e-6,0.00022575617134473367,955,7640,955,0.3736932706152408
0.05817203277777669,0.17555121801285925,0.012634268725338502,4.92450912986553e-6,4.4348416939905375e-9,1.0000451682727967,1.962053516990636e-6,0.00022601877339846547,956,7648,956,0.37750267100515195
0.058232882184448005,0.1755768554584283,0.012645045717102742,4.92450912986553e-6,4.204146970451851e-9,1.0000451226215807,1.7910542453591916e-6,0.00022628126853575765,957,7656,957,0.38614145207817313
0.05829373159111932,0.1756023212770689,0.012655824340059489,4.92450912986553e-6,4.230455807308995e-9,1.000045232514995,2.044149057967015e-6,0.00022654365371790888,958,7664,958,0.39880455375703383
0.05835458099779064,0.17562761078746192,0.012666604464199836,4.924509129865531e-6,5.027102676824359e-9,1.000045296229005,1.9619633366829703e-6,0.00022680595072283383,959,7672,959,0.4032773579767971
0.058415430404461954,0.17565270252118156,0.01267738617347849,4.924509129865531e-6,4.466643789059607e-9,1.0000452865452836,1.851703160582474e-6,0.00022706813153137154,960,7680,960,0.39890857532862456
0.05847627981113327,0.17567761359481376,0.012688169456396838,4.92450912986553e-6,4.198985020941386e-9,1.0000452948810978,1.9925614935800695e-6,0.0002273302109749911,961,7688,961,0.3909441110310521
0.05853712921780459,0.17570235362268585,0.012698954296494735,4.924509129865531e-6,4.417847384046018e-9,1.0000454028758854,2.03189208036747e-6,0.0002275921838545914,962,7696,962,0.38643683968199616
0.058597978624475903,0.17572689992098567,0.012709740588936643,4.924509129865532e-6,4.94210954423688e-9,1.000045432538548,1.942075300576107e-6,0.00022785405524364128,963,7704,963,0.3889305832669712
0.05865882803114722,0.17575125758993934,0.012720528453217998,4.92450912986553e-6,4.383665237409355e-9,1.000045389147376,1.6978927703803492e-6,0.00022811581756818617,964,7712,964,0.3927520802211092
0.058719677437818536,0.17577545153985302,0.012731317861340389,4.92450912986553e-6,4.273546482935066e-9,1.0000454835416492,2.06597991336821e-6,0.0002283774660720107,965,7720,965,0.39571723388360264
0.05878052684448985,0.17579945409440864,0.01274210869496705,4.92450912986553e-6,4.72685755550865e-9,1.0000455591037558,2.2102417744918057e-6,0.000228639016545815,966,7728,966,0.3917698102925644
0.05884137625116117,0.17582326122295341,0.012752901037705662,4.92450912986553e-6,4.755932448171111e-9,1.0000455529051393,2.2469286591331183e-6,0.00022890044901256154,967,7736,967,0.387176724794118
0.058902225657832485,0.17584690749207965,0.01276369486697184,4.924509129865531e-6,4.37045325535791e-9,1.0000455416462566,2.381379175631082e-6,0.00022916178019093708,968,7744,968,0.3819396778354171
0.0589630750645038,0.17587037028215705,0.012774490174271657,4.924509129865531e-6,4.385120429543743e-9,1.0000456584765953,2.2588001513668132e-6,0.0002294229910841808,969,7752,969,0.379764018023122
0.05902392447117512,0.17589363524670137,0.01278528685868847,4.92450912986553e-6,5.156807871993621e-9,1.0000456988370043,1.8950626383684721e-6,0.00022968409750896484,970,7760,970,0.38428926299413385
0.059084773877846435,0.17591673137850813,0.012796085038294382,4.924509129865531e-6,4.643730731135879e-9,1.0000456571243868,1.730090872342771e-6,0.00022994509700556738,971,7768,971,0.39355807494070627
0.05914562328451775,0.1759396594718031,0.012806884672794757,4.92450912986553e-6,4.396689014601459e-9,1.000045734355707,2.100045479735968e-6,0.0002302059717306133,972,7776,972,0.4045105341228709
0.05920647269118907,0.17596239103716024,0.0128176856619094,4.92450912986553e-6,4.56753489833898e-9,1.0000458196353725,2.118768381187408e-6,0.00023046674307298877,973,7784,973,0.4073268240065218
0.059267322097860384,0.17598493940937363,0.012828488084834255,4.92450912986553e-6,5.1616918095459715e-9,1.0000458219405202,1.969966724857386e-6,0.00023072739438667362,974,7792,974,0.4018953069104847
0.0593281715045317,0.1760073325207801,0.012839291912847434,4.92450912986553e-6,4.58347400497693e-9,1.0000457912218772,1.7863875427792664e-6,0.00023098794027208395,975,7800,975,0.39491932755643533
0.059389020911203017,0.1760295338635527,0.012850097142600603,4.92450912986553e-6,4.452063660209895e-9,1.0000459146005851,1.8290969308054628e-6,0.00023124836106447558,976,7808,976,0.3909645549784748
0.05944987031787433,0.17605154413174412,0.012860903674257289,4.924509129865531e-6,4.918595154680694e-9,1.000045965627348,1.890192550035863e-6,0.00023150866728080457,977,7816,977,0.3904304006011936
0.05951071972454565,0.17607339481898707,0.012871711622344307,4.92450912986553e-6,4.95810095415362e-9,1.000045929503608,1.6666735689341294e-6,0.0002317688705766082,978,7824,978,0.3927699392600867
0.059571569131216966,0.17609507303004185,0.012882520940795455,4.924509129865531e-6,4.548484399026248e-9,1.000045989249399,1.6808853047223238e-6,0.00023202894219604778,979,7832,979,0.3951544146803473
0.05963241853788828,0.176116557465277,0.012893331542927967,4.924509129865531e-6,4.549377764222569e-9,1.0000460814075356,1.9826533446121175e-6,0.00023228890026814373,980,7840,980,0.39046003710358945
0.0596932679445596,0.17613786441625018,0.012904143499010014,4.924509129865531e-6,5.448590876773076e-9,1.0000460953315458,2.23730174297998e-6,0.00023254874389542403,981,7848,981,0.38215387843447646
0.059754117351230915,0.17615902051752103,0.012914956779366563,4.92450912986553e-6,4.839380486047936e-9,1.0000460473145385,2.351258729049732e-6,0.0002328084760241389,982,7856,982,0.37264436640129023
0.05981496675790223,0.17617998707217294,0.012925771389587119,4.924509129865532e-6,4.546744577481914e-9,1.0000461742310645,2.1830390437571623e-6,0.0002330680765421306,983,7864,983,0.36545735236535276
0.05987581616457355,0.176200770307536,0.01293658723140731,4.92450912986553e-6,4.804337712666911e-9,1.0000462323593604,1.9627534584287787e-6,0.00023332756720020304,984,7872,984,0.36130717704784
0.059936665571244864,0.17622139761689967,0.01294740441411442,4.924509129865531e-6,5.348032732117647e-9,1.0000462068911198,1.7207572930999504e-6,0.00023358695257924143,985,7880,985,0.35929381227838364
0.05999751497791618,0.17624186079140056,0.012958222891753421,4.924509129865532e-6,4.782474337452475e-9,1.0000462487681854,1.7711394946218206e-6,0.00023384620851034458,986,7888,986,0.35993000471816106
0.0600583643845875,0.17626213859654485,0.012969042582907367,4.92450912986553e-6,4.605462528520835e-9,1.0000463448632855,1.814712796033291e-6,0.0002341053519605786,987,7896,987,0.35806682576554283
0.06011921379125881,0.17628225041424364,0.012979863550423468,4.924509129865532e-6,5.2787164257024515e-9,1.0000463667471977,2.9228860998209427e-6,0.00023436439185140517,988,7904,988,0.49445976380909606
0.06018006319793013,0.1763022162487037,0.01299068576798152,4.92450912986553e-6,5.011376786073772e-9,1.0000463073950778,2.8940869531979274e-6,0.00023462331764838594,989,7912,989,0.482810628908421
0.060240912604601446,0.1763220067951456,0.013001509241544468,4.924509129865531e-6,4.753031410187421e-9,1.0000464374784583,2.637063033716913e-6,0.00023488212060603615,990,7920,990,0.47186829672653174
0.06030176201127276,0.17634163004314446,0.013012333870537674,4.92450912986553e-6,4.8056952445338125e-9,1.0000465008794757,2.702385650366068e-6,0.0002351408275090594,991,7928,991,0.4647501365206381
0.06036261141794408,0.17636110469613722,0.01302315978091206,4.924509129865531e-6,5.337594358781795e-9,1.0000464853659747,2.535946208581663e-6,0.00023539942794651317,992,7936,992,0.46210511691182293
0.060423460824615395,0.17638043097720746,0.013033986898241789,4.924509129865531e-6,4.783980428986348e-9,1.0000465142519384,2.311447758529539e-6,0.0002356579120709801,993,7944,993,0.46162974615406227
0.06048431023128671,0.17639958634313396,0.013044815161625128,4.924509129865531e-6,4.630435025559687e-9,1.0000466129020096,2.8705941588214046e-6,0.00023591630052421944,994,7952,994,0.45924543247876765
0.06054515963795803,0.17641859392045078,0.01305564467685094,4.924509129865531e-6,5.14518672731036e-9,1.0000466400271244,3.1919318530526652e-6,0.0002361745910478458,995,7960,995,0.4590013358026386
0.060606009044629344,0.17643746808417488,0.013066475441818735,4.924509129865532e-6,5.027905976196108e-9,1.0000465848919284,3.235231275766637e-6,0.00023643277975531245,996,7968,996,0.4591156101764356
0.06066685845130066,0.17645618656940498,0.013077307274509837,4.92450912986553e-6,4.654174682088064e-9,1.0000467053167261,2.9429542678371945e-6,0.00023669086580514086,997,7976,997,0.46166458345108924
0.06072770785797198,0.17647475446554683,0.013088140281329022,4.92450912986553e-6,4.641550064678015e-9,1.0000467701888611,2.662740769210359e-6,0.00023694887286246867,998,7984,998,0.4643237096556165
0.06078855726464329,0.17649319116154052,0.013098974618609087,4.92450912986553e-6,5.612595547561113e-9,1.0000467574667524,2.941378170362441e-6,0.00023720677795713454,999,7992,999,0.46820577397189606
0.06084940667131461,0.17651149389908286,0.013109810047850248,4.924509129865531e-6,4.880758074145036e-9,1.0000467761531515,2.8848847648532683e-6,0.00023746458892866178,1000,8000,1000,0.4687707673581243
0.060910256077985926,0.17652964503721905,0.013120646506867029,4.92450912986553e-6,4.604614521874701e-9,1.0000468742179172,2.5023373666499538e-6,0.00023772232156953798,1001,8008,1001,0.46074503897764113
0.06097110548465724,0.17654766581313505,0.013131484224755841,4.92450912986553e-6,4.930001148345671e-9,1.0000469004643702,2.623854622463284e-6,0.00023797996079626043,1002,8016,1002,0.4498485798833347
0.06103195489132856,0.1765655547487077,0.013142323143350476,4.924509129865531e-6,5.309990436199074e-9,1.0000468470354635,2.6496553227062236e-6,0.00023823750058825827,1003,8024,1003,0.4388735382296588
0.061092804297999875,0.1765833022670395,0.013153163028921416,4.924509129865531e-6,4.848492825429273e-9,1.0000469567960202,2.6266255312989983e-6,0.00023849495780475696,1004,8032,1004,0.4281174841858156
0.06115365370467119,0.1766009137696871,0.013164004010075654,4.92450912986553e-6,4.680992081071502e-9,1.000047017446785,2.452910601746794e-6,0.00023875233648474855,1005,8040,1005,0.4155870958763926
0.06121450311134251,0.1766183983336128,0.013174846257982537,4.92450912986553e-6,5.4880600196573634e-9,1.0000470025386858,2.256122442645392e-6,0.000239009610169609,1006,8048,1006,0.404315561581672
0.061275352518013824,0.17663574431038156,0.013185689524980808,4.924509129865532e-6,4.953165790047108e-9,1.0000470123907024,1.877134515382295e-6,0.00023926679423903256,1007,8056,1007,0.39055052152558567
0.06133620192468514,0.17665295768602463,0.013196533750192158,4.92450912986553e-6,4.7534738767207405e-9,1.000047111783399,2.9422836860248935e-6,0.00023952390947590244,1008,8064,1008,0.47569935230401417
0.06139705133135646,0.1766700498147731,0.013207379171869715,4.924509129865531e-6,4.963225121415487e-9,1.000047133322107,3.1159471944874895e-6,0.00023978093409285283,1009,8072,1009,0.43924918555110415
0.061457900738027774,0.17668700223844158,0.013218225724046687,4.924509129865531e-6,5.3152555919267085e-9,1.000047078080873,2.890963699542226e-6,0.0002400378536189074,1010,8080,1010,0.4033758608606559
0.06151875014469909,0.17670383032821727,0.013229073175224437,4.92450912986553e-6,4.82572909799615e-9,1.000047184344905,2.3107293998236855e-6,0.0002402947091753741,1011,8088,1011,0.4838177561583393
0.061579599551370406,0.17672054065241308,0.013239921682322122,4.92450912986553e-6,4.793124373906391e-9,1.0000472423299844,2.246116537207854e-6,0.00024055149587411912,1012,8096,1012,0.4357054779647731
0.06164044895804172,0.17673712139678843,0.013250771372828185,4.92450912986553e-6,5.3698519365379286e-9,1.0000472239741067,2.020939518843079e-6,0.00024080817782876212,1013,8104,1013,0.38856697263006845
0.06170129836471304,0.17675357145751824,0.013261622021124901,4.924509129865531e-6,5.2290718092913755e-9,1.0000472249968695,2.6110145654456574e-6,0.0002410647854243061,1014,8112,1014,0.48064296548047786
0.061762147771384356,0.17676991383511564,0.013272473586860407,4.92450912986553e-6,4.807641818406303e-9,1.0000473326106731,2.458516462411353e-6,0.00024132133921909887,1015,8120,1015,0.4119451948052551
0.06182299717805567,0.1767861416842985,0.013283326311795988,4.924509129865531e-6,5.039444963719716e-9,1.000047349160953,2.149076465229882e-6,0.00024157781575974711,1016,8128,1016,0.3708679917323048
0.06188384658472699,0.17680223601776318,0.013294180072148068,4.92450912986553e-6,5.7480028028745e-9,1.0000472903530389,2.0930486641645984e-6,0.0002418341922779036,1017,8136,1017,0.40121181405146195
0.061944695991398305,0.17681822418682205,0.013305034679397268,4.92450912986553e-6,5.261219929311251e-9,1.0000473940851837,1.949044104776476e-6,0.00024209052659225852,1018,8144,1018,0.43867783645469766
0.06200554539806962,0.17683411456641668,0.013315890351270438,4.92450912986553e-6,4.923166082474253e-9,1.000047455953036,2.077378447040701e-6,0.0002423468089550653,1019,8152,1019,0.44798647768579725
0.06206639480474094,0.17684987903298668,0.01332674711930305,4.92450912986553e-6,5.331627203221889e-9,1.000047431692057,1.991355333075262e-6,0.0002426030005423444,1020,8160,1020,0.45004123193066015
0.062127244211412254,0.17686552973549746,0.013337604756191525,4.92450912986553e-6,5.701944274886314e-9,1.0000474249749796,1.820625783466312e-6,0.00024285913183721877,1021,8168,1021,0.4287289668046007
0.06218809361808357,0.17688109393529164,0.013348463289790322,4.924509129865531e-6,5.305965459811523e-9,1.0000475397677921,1.7949627704183513e-6,0.00024311522676017752,1022,8176,1022,0.3902593204961772
0.06224894302475489,0.1768965472968981,0.01335932297390184,4.92450912986553e-6,5.1934192320092016e-9,1.0000475549102759,1.6766167050263903e-6,0.00024337126268212468,1023,8184,1023,0.35561867538541225
0.0623097924314262,0.176911887041909,0.013370183594682632,4.92450912986553e-6,5.570695741208846e-9,1.0000474903418486,2.2021634435986925e-6,0.00024362721967782132,1024,8192,1024,0.47558059569805033
0.06237064183809752,0.17692713978569916,0.013381044992080005,4.924509129865531e-6,5.921276087798616e-9,1.0000475904422332,2.2868406954756892e-6,0.00024388314790098998,1025,8200,1025,0.45728829708900054
0.062431491244768836,0.17694229866850683,0.013391907478286173,4.924509129865531e-6,5.490639844290944e-9,1.0000476594951577,2.2737661566907263e-6,0.00024413904560675222,1026,8208,1026,0.4524788087334793
0.06249234065144015,0.17695735099799678,0.013402771010902958,4.92450912986553e-6,5.2324409946841495e-9,1.0000476298805123,2.3596785041490875e-6,0.0002443948766683336,1027,8216,1027,0.4636792513676015
0.06255319005811147,0.17697231263537708,0.013413635319474796,4.924509129865531e-6,6.014163477469264e-9,1.0000476160414817,2.2261964716108196e-6,0.00024465066154185066,1028,8224,1028,0.47241470697960847
0.06261403946478278,0.1769871943649803,0.013424500511216839,4.924509129865531e-6,5.817603055565979e-9,1.0000477330230313,2.0481093088164926e-6,0.00024490643016990304,1029,8232,1029,0.46876830037426415
0.06267488887145409,0.17700197693657838,0.013435366848284105,4.924509129865531e-6,5.292089361813608e-9,1.0000477527393126,2.0431757832284347e-6,0.00024516216359014387,1030,8240,1030,0.469141927364459
0.0627357382781254,0.17701667345740466,0.013446234065730894,4.92450912986553e-6,5.279190850891912e-9,1.0000476811093622,2.456723954935569e-6,0.00024541783964693385,1031,8248,1031,0.4876482081323119
0.0627965876847967,0.17703129823557956,0.01345710197857716,4.924509129865531e-6,5.6250744874401405e-9,1.000047777762434,1.7391900790642012e-6,0.000245673503726861,1032,8256,1032,0.40898555200841974
0.06285743709146802,0.17704583016352446,0.013467971005551685,4.924509129865532e-6,5.717544933131443e-9,1.0000478507379988,1.947510298805355e-6,0.00024592915734050416,1033,8264,1033,0.4516486375649799
0.06291828649813933,0.17706028642716637,0.013478841033902449,4.92450912986553e-6,5.207373861723886e-9,1.0000478205699104,2.0936601714538483e-6,0.00024618476920621764,1034,8272,1034,0.4851199630124266
0.06297913590481063,0.177074675525451,0.013489711763445256,4.92450912986553e-6,5.632566960039387e-9,1.0000478011848246,2.1294294185736362e-6,0.0002464403503738271,1035,8280,1035,0.49257371541558986
0.06303998531148194,0.17708898237928372,0.013500583364939747,4.924509129865531e-6,5.6064645730793126e-9,1.0000479160626594,2.4148840225279855e-6,0.00024669593444893567,1036,8288,1036,0.48425614094184866
0.06310083471815325,0.17710321263047787,0.013511456089158347,4.924509129865532e-6,5.586918987973538e-9,1.0000479406250806,2.5254278739339497e-6,0.00024695150936627174,1037,8296,1037,0.4883293595213303
0.06316168412482456,0.17711738993852083,0.013522329637753662,4.92450912986553e-6,5.281447244062723e-9,1.00004786433427,2.2825111614110938e-6,0.00024720704168428064,1038,8304,1038,0.43167264888278795
0.06322253353149587,0.17713150141267575,0.013533203836093669,4.92450912986553e-6,5.677520232418488e-9,1.0000479577696835,2.329446715521044e-6,0.0002474625827981854,1039,8312,1039,0.4257902606463499
0.06328338293816718,0.17714552822217566,0.013544079147064436,4.92450912986553e-6,5.63729870291256e-9,1.0000480300363617,2.0920535348523117e-6,0.00024771813276990777,1040,8320,1040,0.4127029179955591
0.06334423234483849,0.1771595163897913,0.013554955410821206,4.924509129865532e-6,5.497826136411199e-9,1.0000480039035127,2.1083201033889054e-6,0.00024797366500335286,1041,8328,1041,0.4131130324730277
0.0634050817515098,0.17717345082332508,0.013565832323473631,4.92450912986553e-6,5.49335815509288e-9,1.0000479831533884,2.367296914940198e-6,0.0002482291881159801,1042,8336,1042,0.4112097838787229
0.06346593115818111,0.1771873106245074,0.01357671010856163,4.92450912986553e-6,5.561947500105272e-9,1.000048092634966,2.2533890842169058e-6,0.00024848473018993097,1043,8344,1043,0.4916286901060687
0.06352678056485242,0.17720112363115478,0.013587588981330818,4.924509129865531e-6,5.6880369483098016e-9,1.0000481185861159,2.101144147559353e-6,0.00024874029063094597,1044,8352,1044,0.4800331494114853
0.06358762997152373,0.17721490730353262,0.0135984686285657,4.924509129865531e-6,5.82573602521262e-9,1.000048042585998,2.00118521576087e-6,0.00024899582900958603,1045,8360,1045,0.4835527166518073
0.06364847937819504,0.17722863174024578,0.013609348907740465,4.924509129865531e-6,5.619085890059041e-9,1.0000481348845374,2.0453506976991775e-6,0.0002492513997600581,1046,8368,1046,0.4760132987461294
0.06370932878486635,0.17724229683220777,0.013620230292282603,4.92450912986553e-6,5.53980986968378e-9,1.0000482026771516,2.15310683415737e-6,0.0002495070014733672,1047,8376,1047,0.4573362018141903
0.06377017819153766,0.1772559539945899,0.013631112586911243,4.924509129865531e-6,5.6758019190841176e-9,1.0000481793680063,2.0774481868102157e-6,0.00024976260341830886,1048,8384,1048,0.4386201373719779
0.06383102759820897,0.1772695616115784,0.013641995498650276,4.92450912986553e-6,5.772755658003706e-9,1.0000481621887733,1.9084560562987463e-6,0.0002500182281602807,1049,8392,1049,0.40484024708712496
0.06389187700488028,0.17728311771828356,0.013652879304455445,4.92450912986553e-6,5.725782619277859e-9,1.0000482637867496,1.9670429480811435e-6,0.0002502738862486802,1050,8400,1050,0.3798851975335417
0.06395272641155159,0.17729665919086054,0.01366376416250137,4.924509129865531e-6,5.412221709449884e-9,1.0000482867789384,1.9069570384999679e-6,0.00025052958609094345,1051,8408,1051,0.37262577784044365
0.0640135758182229,0.17731017935009172,0.013674649760575574,4.924509129865531e-6,5.732354645017345e-9,1.000048261737612,1.7067686712834984e-6,0.00025078528587477606,1052,8416,1052,0.3774008079631882
0.0640744252248942,0.17732365618603885,0.013685535993005302,4.924509129865531e-6,5.8722614229055446e-9,1.0000483326745242,1.7433451944270928e-6,0.00025104104090902944,1053,8424,1053,0.38527593608675326
0.06413527463156551,0.17733711027197596,0.01369642332534428,4.924509129865531e-6,5.4955285985840615e-9,1.0000483842194525,2.0239648108599795e-6,0.000251296851834543,1054,8432,1054,0.39195169067368424
0.06419612403823682,0.1773505721448217,0.013707311530601628,4.924509129865532e-6,5.405715770700429e-9,1.0000484904277371,2.138676421736818e-6,0.00025155268270007604,1055,8440,1055,0.4011707683381408
0.06425697344490813,0.1773639937510633,0.013718200330327222,4.924509129865531e-6,5.865501837420404e-9,1.0000485859971828,2.1592635732758936e-6,0.00025180856662756465,1056,8448,1056,0.4015392602630994
0.06431782285157944,0.1773774013458195,0.013729090054068523,4.924509129865531e-6,5.737539661143196e-9,1.0000486621096112,2.0571468439811724e-6,0.0002520645086045168,1057,8456,1057,0.4001804170713957
0.06437867225825075,0.17739082234450668,0.013739980796289514,4.924509129865532e-6,5.382407786823809e-9,1.0000487193972571,1.8009938855811924e-6,0.0002523205111346,1058,8464,1058,0.41261004394433426
0.06443952166492206,0.17740422734005534,0.013750872253813837,4.92450912986553e-6,5.326308652222627e-9,1.0000488074271485,1.8312353233795875e-6,0.0002525765462731995,1059,8472,1059,0.43556843899492675
0.06450037107159337,0.1774176165372457,0.013761764363997238,4.92450912986553e-6,5.9616007926984445e-9,1.00004890972563,2.064106793042697e-6,0.0002528326641094734,1060,8480,1060,0.4572142639255555
0.06456122047826468,0.17743102331568328,0.013772657575417303,4.924509129865532e-6,5.814887442950575e-9,1.0000489912022665,2.325741746744825e-6,0.0002530888575134177,1061,8488,1061,0.46999849986226727
0.06462206988493599,0.17744444330525477,0.01378355163922434,4.92450912986553e-6,5.337320919896849e-9,1.0000490544094383,2.375927664388655e-6,0.00025334509143306667,1062,8496,1062,0.47890749760627277
0.0646829192916073,0.1774578391265746,0.013794446291451908,4.924509129865532e-6,5.325988516811701e-9,1.0000491249013772,2.203402942768662e-6,0.00025360141048303515,1063,8504,1063,0.46891290896355536
0.06474376869827861,0.1774712604417422,0.013805341904929665,4.924509129865531e-6,6.134913688005303e-9,1.0000492327176773,2.095793831813353e-6,0.00025385781378323434,1064,8512,1064,0.45933625300136616
0.06480461810494992,0.1774847116474292,0.013816238514012187,4.92450912986553e-6,5.455962664663636e-9,1.0000493205137366,2.0396551860812906e-6,0.00025411428575212373,1065,8520,1065,0.4729210376179709
0.06486546751162123,0.17749815134937347,0.013827135821354105,4.92450912986553e-6,5.185886255835571e-9,1.0000493899552827,2.2745961416603677e-6,0.00025437082098845356,1066,8528,1066,0.5018807892428382
0.06492631691829254,0.17751160604394622,0.01383803380848555,4.924509129865531e-6,5.419756004047204e-9,1.000049442353369,2.2202284810646233e-6,0.000254627464274049,1067,8536,1067,0.4309641429873511
0.06498716632496385,0.17752510745364683,0.013848932894642774,4.924509129865531e-6,6.087636503613059e-9,1.0000495557969176,2.156513332352006e-6,0.00025488419082380986,1068,8544,1068,0.43451980795659695
0.06504801573163516,0.177538624438317,0.013859832813880738,4.924509129865531e-6,5.442899257924523e-9,1.000049650512023,2.0652660808195833e-6,0.0002551409817992027,1069,8552,1069,0.4484763550314035
0.06510886513830647,0.17755213776504672,0.0138707333247318,4.92450912986553e-6,5.376263077454907e-9,1.000049726671674,2.395899997509332e-6,0.0002553978875711751,1070,8560,1070,0.46423847265650153
0.06516971454497777,0.1775657079891631,0.013881634835163498,4.92450912986553e-6,5.7017706127099106e-9,1.0000497839883598,2.3704416634018344e-6,0.00025565488648787856,1071,8568,1071,0.4951831361652073
0.06523056395164908,0.1775793194400124,0.013892537322269184,4.92450912986553e-6,5.999047782586468e-9,1.0000498795200286,1.9903214081296028e-6,0.00025591197278918373,1072,8576,1072,0.4021918283067422
0.0652914133583204,0.1775929289713137,0.01390344049808946,4.924509129865531e-6,5.500453032120342e-9,1.000049981283748,1.9790922749507445e-6,0.0002561691497605151,1073,8584,1073,0.4023392769437156
0.0653522627649917,0.177606580828678,0.013914344404367828,4.924509129865531e-6,5.28901585368325e-9,1.00005006385642,1.9558854944534687e-6,0.0002564264504607494,1074,8592,1074,0.40197514332855006
0.06541311217166301,0.17762030133364026,0.0139252494198211,4.924509129865531e-6,6.011085377008767e-9,1.0000501263461339,1.8603777007797362e-6,0.00025668385328211023,1075,8600,1075,0.4049979429883721
0.06547396157833432,0.1776340455358383,0.01393615526308108,4.924509129865532e-6,5.862513165323328e-9,1.0000502041446953,2.768756310445042e-6,0.00025694134300423423,1076,8608,1076,0.5083640314065616
0.06553481098500563,0.17764780375112985,0.013947061716847507,4.92450912986553e-6,5.337646053109842e-9,1.0000503127618285,2.64734741506345e-6,0.000257198972169904,1077,8616,1077,0.49913129208057305
0.06559566039167694,0.1776616456649571,0.013957969217651967,4.924509129865531e-6,5.427256530440136e-9,1.0000504010938664,1.8105558297065727e-6,0.0002574567052682678,1078,8624,1078,0.40275438130518154
0.06565650979834825,0.17767554165804578,0.013968877687754426,4.92450912986553e-6,6.525537997048698e-9,1.0000504689938121,1.7473507796239574e-6,0.0002577145475401109,1079,8632,1079,0.393850393972479
0.06571735920501956,0.17768944640519016,0.013979786843471937,4.924509129865531e-6,5.656000834280044e-9,1.0000505293034563,1.8138573807391367e-6,0.00025797251164160097,1080,8640,1080,0.38196567867725034
0.06577820861169087,0.17770341868587528,0.01399069680271826,4.924509129865531e-6,5.354749897395283e-9,1.0000506439086854,1.952223314560797e-6,0.0002582306052833662,1081,8648,1081,0.3732118679565912
0.06583905801836218,0.17771747587019457,0.014001607869944371,4.92450912986553e-6,5.715329954171167e-9,1.00005073808614,1.8635536207511905e-6,0.00025848882323850603,1082,8656,1082,0.37379874116119804
0.06589990742503349,0.17773156847058694,0.014012519761565482,4.92450912986553e-6,6.240705898806192e-9,1.0000508121858653,1.7543438843858894e-6,0.000258747151019999,1083,8664,1083,0.3865829415980437
0.0659607568317048,0.1777456935661115,0.01402343229847451,4.924509129865531e-6,5.557618693767844e-9,1.000050868676728,1.9133307773699926e-6,0.0002590056348184705,1084,8672,1084,0.3989771808004207
0.06602160623837611,0.17775992048846345,0.014034345930559699,4.924509129865531e-6,5.439491717257617e-9,1.0000509747913537,1.7983476539029652e-6,0.0002592642386335659,1085,8680,1085,0.4073054719717155
0.06608245564504742,0.1777742160333068,0.014045260527928137,4.924509129865532e-6,6.266632374913382e-9,1.0000510749462823,1.8194741926436109e-6,0.0002595229728722584,1086,8688,1086,0.4098112910323178
0.06614330505171873,0.17778853122967556,0.014056175809890579,4.924509129865532e-6,5.973289488473602e-9,1.0000511562040766,2.090382736241736e-6,0.0002597818531204834,1087,8696,1087,0.40981305534682316
0.06620415445839004,0.17780293375347805,0.014067091972063867,4.92450912986553e-6,5.532345111322766e-9,1.0000512179227343,2.1468031832228007e-6,0.0002600408641217262,1088,8704,1088,0.41489263215615335
0.06626500386506134,0.17781743262911925,0.014078009242587144,4.924509129865531e-6,5.611651582678054e-9,1.000051305401272,1.9985798331845217e-6,0.0002603000190080976,1089,8712,1089,0.4229990017980293
0.06632585327173265,0.17783197459143685,0.014088927335112474,4.92450912986553e-6,6.674490731495233e-9,1.0000514119286819,1.8964708772273298e-6,0.0002605593122428205,1090,8720,1090,0.4263195045372375
0.06638670267840396,0.17784656672929153,0.014099846121860436,4.924509129865531e-6,5.830074200558852e-9,1.0000515000122927,1.961691623364459e-6,0.00026081875630981107,1091,8728,1091,0.4213424898642694
0.06644755208507527,0.17786127221710457,0.014110766049205066,4.924509129865531e-6,5.576273152673878e-9,1.0000515664486755,1.8207602181519178e-6,0.0002610783405160772,1092,8736,1092,0.4145507308952733
0.06650840149174658,0.17787605258509662,0.014121686943329891,4.924509129865531e-6,6.039729645319749e-9,1.000051635374192,1.8923040343565845e-6,0.0002613380694813656,1093,8744,1093,0.4071661823847245
0.06656925089841789,0.17789086655593772,0.01413260853705539,4.924509129865532e-6,6.329035822617783e-9,1.0000517489250775,2.113758455379866e-6,0.00026159795968900965,1094,8752,1094,0.398015065201291
0.0666301003050892,0.1779057802365696,0.014143531099477994,4.924509129865531e-6,5.749560625559627e-9,1.0000518423730833,2.1744638729614962e-6,0.00026185799036125513,1095,8760,1095,0.39410447427880063
0.06669094971176051,0.17792079848511652,0.014154454775688873,4.924509129865532e-6,5.641634881526707e-9,1.0000519143463242,2.1453528518122766e-6,0.0002621181780566864,1096,8768,1096,0.40275620361161607
0.06675179911843182,0.17793586297960928,0.014165379276116653,4.924509129865531e-6,6.68373213553972e-9,1.0000519666262866,2.05467178204799e-6,0.00026237852240381933,1097,8776,1097,0.4184169376396117
0.06681264852510313,0.17795099509769624,0.014176304539878847,4.924509129865532e-6,6.105788938745849e-9,1.000052085037661,2.2355536088980443e-6,0.0002626390221186906,1098,8784,1098,0.43180930177443655
0.06687349793177444,0.17796624891094645,0.01418723098119256,4.924509129865531e-6,5.700395750900963e-9,1.000052183444955,2.182146374707372e-6,0.0002628996769998356,1099,8792,1099,0.44298238691513325
0.06693434733844575,0.1779815756253973,0.014198158391137868,4.924509129865531e-6,5.872092187134627e-9,1.0000522616102576,2.120630966828685e-6,0.0002631604952768489,1100,8800,1100,0.4524527282277855
0.06699519674511706,0.17799695054860287,0.014209086534703074,4.924509129865531e-6,6.7120015161285955e-9,1.0000523203299925,2.292882498977633e-6,0.00026342147783277016,1101,8808,1101,0.4606614409911298
0.06705604615178837,0.1780124379438608,0.014220015738004702,4.924509129865531e-6,5.966536006977228e-9,1.0000524194639764,2.2269576334110752e-6,0.0002636826162363567,1102,8816,1102,0.46945582514056833
0.06711689555845968,0.17802802342840898,0.014230946042875135,4.924509129865532e-6,5.705479218600222e-9,1.000052523619818,2.0760363952376792e-6,0.00026394391796343724,1103,8824,1103,0.47961066816606657
0.06717774496513099,0.17804366003419111,0.014241877216479105,4.924509129865531e-6,6.451886649707628e-9,1.0000526081682921,2.2780525910093274e-6,0.0002642053917233944,1104,8832,1104,0.4792604784198812
0.0672385943718023,0.17805938720501674,0.014252809223245374,4.924509129865531e-6,6.443768393352348e-9,1.000052672855053,2.152761084062149e-6,0.00026446703087870275,1105,8840,1105,0.4588353229203332
0.0672994437784736,0.1780752309078682,0.01426374239743393,4.924509129865531e-6,5.88935937946429e-9,1.0000527525939527,1.8587161889627168e-6,0.0002647288286018981,1106,8848,1106,0.3979887385860654
0.06736029318514491,0.178091136216742,0.01427467659687332,4.924509129865531e-6,5.872559703239973e-9,1.000052863142673,2.312296629725097e-6,0.00026499080274552283,1107,8856,1107,0.45849290908608187
0.06742114259181622,0.17810711409079,0.014285611656097656,4.924509129865532e-6,6.958240360092295e-9,1.0000529536216771,1.6891169423161045e-6,0.000265252963319588,1108,8864,1108,0.3705211036492262
0.06748199199848753,0.17812321746927964,0.014296547706811458,4.92450912986553e-6,6.2120358083816246e-9,1.000053023689688,2.5961989962297594e-6,0.0002655152821646972,1109,8872,1109,0.45716018353436266
0.06754284140515884,0.17813939506437526,0.01430748490831779,4.924509129865532e-6,5.848205478676541e-9,1.0000530840401431,2.738371989607913e-6,0.0002657777720024665,1110,8880,1110,0.4575543644353035
0.06760369081183015,0.17815563878102175,0.014318423073987624,4.924509129865532e-6,6.359758459595951e-9,1.0000532008471397,2.73780953818914e-6,0.0002660404566266817,1111,8888,1111,0.49283939183389797
0.06766454021850146,0.1781719956078925,0.0143293621545161,4.924509129865532e-6,6.46486804437774e-9,1.0000532968913385,2.137376839073113e-6,0.00026630332085123394,1112,8896,1112,0.4237995128135862
0.06772538962517277,0.17818845638138242,0.014340302343651662,4.92450912986553e-6,5.995358306196266e-9,1.0000533719126212,2.550322079741818e-6,0.00026656634579547747,1113,8904,1113,0.474954238265307
0.06778623903184408,0.17820497398576646,0.01435124361124152,4.924509129865531e-6,5.888099826912906e-9,1.0000534249341737,1.8326113604416605e-6,0.00026682956903724127,1114,8912,1114,0.3870831625597047
0.06784708843851539,0.17822158894955156,0.014362185802644704,4.92450912986553e-6,7.104233514162274e-9,1.0000535358557456,2.0695602676035207e-6,0.00026709299376543493,1115,8920,1115,0.4181789997460221
0.0679079378451867,0.17823832585121624,0.014373129029269509,4.924509129865531e-6,6.192021117549118e-9,1.000053637493505,2.2149762974876808e-6,0.0002673565798319945,1116,8928,1116,0.44275425097056853
0.06796878725185801,0.17825512237795846,0.014384073397245335,4.924509129865532e-6,5.882181064514598e-9,1.0000537174221402,2.604583205112476e-6,0.0002676203563392204,1117,8936,1117,0.4704812057888857
0.06802963665852932,0.17827200615450334,0.01439501875236763,4.924509129865531e-6,6.241224078948557e-9,1.0000537766002948,2.7239184667848804e-6,0.00026788434514058194,1118,8944,1118,0.4841410877456897
0.06809048606520063,0.1782890099469857,0.014405965106013465,4.924509129865532e-6,6.700279046022417e-9,1.0000538681551612,2.8515022449937533e-6,0.00026814851964363987,1119,8952,1119,0.4936865976399837
0.06815133547187194,0.17830610024132487,0.014416912593409926,4.924509129865531e-6,6.083756727185935e-9,1.000053975208668,1.9140335467682235e-6,0.000268412866811296,1120,8960,1120,0.39311684357685794
0.06821218487854325,0.17832325690762305,0.014427861148530185,4.924509129865532e-6,5.902188084596994e-9,1.000054060534239,2.151070248146425e-6,0.00026867743372777,1121,8968,1121,0.4190456326697252
0.06827303428521456,0.17834053055086715,0.014438810684377936,4.924509129865531e-6,6.9641749778782265e-9,1.0000541256937672,2.0921515329064277e-6,0.00026894221145163624,1122,8976,1122,0.4324764698922118
0.06833388369188587,0.1783579135529544,0.01444976132381206,4.924509129865531e-6,6.514464312798842e-9,1.0000541977926112,2.2108541770649026e-6,0.00026920715747556214,1123,8984,1123,0.44639202209546847
0.06839473309855718,0.17837535221206563,0.014460713103233117,4.924509129865531e-6,6.05212392850543e-9,1.0000543103256734,2.298881980777878e-6,0.0002694723170493396,1124,8992,1124,0.4623170361307776
0.06845558250522848,0.17839290138000827,0.014471665883542591,4.92450912986553e-6,6.234992872771834e-9,1.0000544018704542,2.121962694445756e-6,0.0002697377098746039,1125,9000,1125,0.4585143932864398
0.0685164319118998,0.17841056634992758,0.014482619745313525,4.924509129865532e-6,6.798123652249411e-9,1.0000544723582374,2.1720820519988138e-6,0.000270003289004979,1126,9008,1126,0.46554122781424667
0.0685772813185711,0.17842830540597643,0.014493574787359844,4.92450912986553e-6,6.176957886996125e-9,1.0000545250376225,2.7237857569417656e-6,0.0002702690571849148,1127,9016,1127,0.4919316216061925
0.06863813072524241,0.17844613022695635,0.014504530872642536,4.924509129865532e-6,5.99587266135075e-9,1.0000546433752666,3.2986153506442406e-6,0.0002705350672693979,1128,9024,1128,0.514510523241812
0.06869898013191372,0.17846408159830046,0.014515488013167559,4.924509129865531e-6,6.854287664977738e-9,1.0000547410548293,1.8253823554914561e-6,0.0002708012964416431,1129,9032,1129,0.385239317890658
0.06875982953858503,0.17848212352325116,0.014526446319194912,4.924509129865532e-6,6.552181900368927e-9,1.0000548165051555,1.6411919432357536e-6,0.00027106769910644174,1130,9040,1130,0.3844904977236547
0.06882067894525634,0.17850023044676908,0.01453740576920723,4.924509129865532e-6,6.064161959033632e-9,1.0000548698182048,3.2963008322894893e-6,0.00027133433312805945,1131,9048,1131,0.5108415478148527
0.06888152835192765,0.17851846763860163,0.01454836624926834,4.92450912986553e-6,6.270043656860038e-9,1.000054974455319,2.7008694587493665e-6,0.0002716012201374397,1132,9056,1132,0.48122759068437393
0.06894237775859896,0.17853680761796298,0.014559327887061524,4.924509129865531e-6,7.223307621710491e-9,1.0000550777864528,2.27385703510663e-6,0.00027186829579764466,1133,9064,1133,0.4747165524761314
0.06900322716527027,0.17855521544848113,0.014570290745949434,4.92450912986553e-6,6.60730691634221e-9,1.0000551584395734,2.9062836688353855e-6,0.00027213557001389894,1134,9072,1134,0.49082679636742765
0.06906407657194158,0.1785737336373427,0.014581254639174139,4.924509129865531e-6,6.131645015258205e-9,1.0000552178864184,3.082776935059428e-6,0.00027240311276758634,1135,9080,1135,0.49760945738903617
0.06912492597861289,0.1785923744820719,0.014592219670388961,4.924509129865531e-6,6.991566586110701e-9,1.0000553033074802,2.8752269827236887e-6,0.0002726708784989659,1136,9088,1136,0.4875076276998271
0.0691857753852842,0.17861109208649334,0.01460318592768503,4.92450912986553e-6,7.030761638747974e-9,1.00005541183051,2.810827140820038e-6,0.00027293882166105893,1137,9096,1137,0.4746367737390551
0.06924662479195551,0.17862989185711056,0.014614153326808337,4.924509129865532e-6,6.635186586578941e-9,1.0000554986049481,2.3824690629226097e-6,0.00027320701572266224,1138,9104,1138,0.4577183206289531
0.06930747419862682,0.1786488297001798,0.014625121797366136,4.924509129865532e-6,6.559773163328676e-9,1.0000555639569777,2.067484984991097e-6,0.0002734754737549429,1139,9112,1139,0.4336267928987591
0.06936832360529813,0.17866785387416337,0.01463609149753706,4.924509129865531e-6,7.461139413034634e-9,1.00005562996329,2.044693118818941e-6,0.0002737441192294407,1140,9120,1140,0.43447237406622224
0.06942917301196944,0.17868694664040088,0.014647062450207426,4.92450912986553e-6,7.2943899601646676e-9,1.000055743885427,2.4691703393031617e-6,0.0002740129721912481,1141,9128,1141,0.4506341471060753
0.06949002241864075,0.17870616916151022,0.014658034442631257,4.924509129865531e-6,6.863726734568165e-9,1.0000558371354396,2.8530458742181963e-6,0.00027428211523626035,1142,9136,1142,0.4593691082728626
0.06955087182531206,0.17872549851937355,0.014669007647160007,4.924509129865532e-6,6.331105982218978e-9,1.0000559082605052,2.86601617816018e-6,0.0002745514782389811,1143,9144,1143,0.45769727179183967
0.06961172123198336,0.1787448956957628,0.014679982142178123,4.924509129865531e-6,7.586839084936444e-9,1.0000559557553426,2.8539091090351576e-6,0.00027482102057370546,1144,9152,1144,0.4511907082293308
0.06967257063865467,0.1787643927419886,0.014690957771082844,4.924509129865532e-6,7.009938210683627e-9,1.0000560747538518,2.6232591210373357e-6,0.0002750908358137742,1145,9160,1145,0.4353538622219004
0.06973342004532598,0.17878402180202893,0.014701934524369154,4.924509129865531e-6,6.2692764882720614e-9,1.0000561740579363,2.23730475568118e-6,0.00027536091686388434,1146,9168,1146,0.4136039090616235
0.06979426945199729,0.17880372278335652,0.014712912569811094,4.924509129865531e-6,6.6751863025231855e-9,1.0000562510549516,2.0233771067523776e-6,0.0002756311834674536,1147,9176,1147,0.41473063756745215
0.0698551188586686,0.1788234962015035,0.014723891887146335,4.924509129865532e-6,7.009179669682373e-9,1.0000563041425812,2.1042314912733673e-6,0.0002759016623758849,1148,9184,1148,0.4269101852703348
0.06991596826533991,0.1788434092303688,0.01473487226680806,4.924509129865532e-6,6.699018469422657e-9,1.0000564047457894,2.223130621814562e-6,0.00027617244361685623,1149,9192,1149,0.4306729487080988
0.06997681767201122,0.17886340968761738,0.014745853924747176,4.924509129865531e-6,6.215182203177111e-9,1.000056509886009,2.3497188124110835e-6,0.0002764434475191212,1150,9200,1150,0.4283077695351858
0.07,0.1788731312336547,0.014750038073315506,4.924509129865532e-6,6.412718944835202e-9,1.0000564539503254,9.242457394975645e-7,0.00027654653251899143,1151,9203,1151,0.4484662082886172
