time,rise_velocity,centroid_y,gas_area,phi_min,phi_max,divergence_linf,kinetic_energy,steps,substeps,poisson_solves,poisson_residual
0.0,0.0,0.004999999999999944,4.92450912986553e-6,2.5701663020072374e-14,1.0,0.0,0.0,0,0,0,0.0
8.113254222841739e-6,7.040467287802191e-5,0.004999999999999944,4.92450912986553e-6,2.5701663020072374e-14,1.0,1.7759322610416683e-7,1.3850747545402829e-11,1,1,1,0.3357958572950945
1.6226508445683478e-5,0.00014080537256387055,0.00500000057121092,4.92450912986553e-6,2.5701430563816813e-14,1.0000000000000784,2.1601194791220912e-7,5.539799021064757e-11,2,2,2,0.36149063321701796
2.4339762668525215e-5,0.0002112030670510268,0.005000001713538579,4.924509129865531e-6,2.570096267988494e-14,1.0000000000001357,1.8617962601035626e-7,1.24635584766613e-10,3,3,3,0.34412964790208284
3.2453016891366956e-5,0.00028159777770247845,0.005000003426959403,4.92450912986553e-6,2.5700258748962897e-14,1.0000000000001614,1.6719624573724445e-7,2.2155764614269453e-10,4,4,4,0.3488846991577806
4.05662711142087e-5,0.000351989511096773,0.005000005711449154,4.924509129865531e-6,2.5699324100854604e-14,1.000000000000267,2.0572378279376524e-7,3.461583131878466e-10,5,5,5,0.36660276198315556
4.867952533705044e-5,0.00042237826395195166,0.005000008566983624,4.92450912986553e-6,2.569815368036422e-14,1.0000000000002758,1.9553209784639591e-7,4.984317391029631e-10,6,6,6,0.3446227045693768
5.679277955989218e-5,0.0004927640327008447,0.005000011993539713,4.92450912986553e-6,2.569675573750974e-14,1.0000000000003586,1.8234223236879288e-7,6.783720940278688e-10,7,7,7,0.33441282322191324
6.490603378273391e-5,0.0005631468142172597,0.005000015991093162,4.924509129865528e-6,2.5695122226887637e-14,1.00000000000044,1.974903321710908e-7,8.859735669460748e-10,8,8,8,0.3596077421232666
7.301928800557565e-5,0.0006335266070260973,0.005000020559621066,4.92450912986553e-6,2.569325247929739e-14,1.0000000000004243,2.175424038963758e-7,1.1212303665208352e-9,9,9,9,0.3509793554241232
8.113254222841738e-5,0.0007039033964665449,0.005000025699098732,4.92450912986553e-6,2.5691145802673602e-14,1.0000000000004365,2.0149804974556318e-7,1.384136721306926e-9,10,10,10,0.35827012942020037
8.924579645125911e-5,0.0007742771903737876,0.005000031409503606,4.92450912986553e-6,2.5688801476950147e-14,1.0000000000004838,2.0168697198452712e-7,1.6746868795611545e-9,11,11,11,0.3652327030293485
9.735905067410085e-5,0.0008446479806122856,0.005000037690812221,4.92450912986553e-6,2.568621875889694e-14,1.000000000000636,2.1236310299155292e-7,1.9928751088978246e-9,12,12,12,0.36356971447844966
0.00010547230489694258,0.0009150157632289348,0.0050000445430009675,4.92450912986553e-6,2.568339687683583e-14,1.000000000000815,1.925401678093408e-7,2.338695695803191e-9,13,13,13,0.35511159966431366
0.00011358555911978432,0.0009853805339245676,0.005000051966046778,4.92450912986553e-6,2.568033503541835e-14,1.0000000000008082,1.9249367411156015e-7,2.7121429450995027e-9,14,14,14,0.36201607323501606
0.00012169881334262605,0.0010557422886349488,0.005000059959926436,4.92450912986553e-6,2.5677032429374462e-14,1.0000000000008578,1.9526666239499946e-7,3.1132111793765843e-9,15,15,15,0.36639401247962483
0.0001298120675654678,0.0011261010232093175,0.005000068524616752,4.92450912986553e-6,2.5673510266182554e-14,1.0000000000009963,1.8405600619997298e-7,3.541894738410092e-9,16,16,16,0.3550038508546689
0.00013792532178830955,0.001196456733840043,0.005000077660094965,4.92450912986553e-6,2.5669747057463043e-14,1.0000000000010274,2.0592002858421665e-7,3.998187978577079e-9,17,17,17,0.36287492808067334
0.0001460385760111513,0.0012668094153027076,0.005000087366337769,4.92450912986553e-6,2.5665741912847678e-14,1.0000000000011326,2.3797998207480964e-7,4.482085272280209e-9,18,18,18,0.36570863625297645
0.00015415183023399304,0.0013371590611502536,0.005000097643322499,4.92450912986553e-6,2.5661493924337887e-14,1.000000000001137,2.1732063526513912e-7,4.99358100737423e-9,19,19,19,0.3625136670717192
0.0001622650844568348,0.001407505670100284,0.005000108491026252,4.92450912986553e-6,2.5657002082424436e-14,1.0000000000011453,2.2271656793804162e-7,5.5326695866135885e-9,20,20,20,0.35440468031868
0.00017037833867967654,0.001477849237379809,0.0050001199094263805,4.92450912986553e-6,2.56522948477786e-14,1.0000000000011733,1.9426627997920498e-7,6.099345427110209e-9,21,21,21,0.35603572777696213
0.00017849159290251828,0.0015481897584777012,0.0050001318985003675,4.92450912986553e-6,2.5647374279053574e-14,1.0000000000011557,1.9363592500265536e-7,6.69360295980539e-9,22,22,22,0.3584770237603503
0.00018660484712536003,0.0016185272286499987,0.0050001444582253515,4.92450912986553e-6,2.564220984910822e-14,1.0000000000011444,1.9669835708835404e-7,7.3154366289597495e-9,23,23,23,0.3648937414652011
0.00019471810134820178,0.0016888616430380113,0.005000157588578816,4.92450912986553e-6,2.563680053435913e-14,1.0000000000011504,1.8389811895502817e-7,7.964840891658525e-9,24,24,24,0.3609981156353678
0.00020283135557104353,0.001759192997785028,0.005000171289538205,4.92450912986553e-6,2.5631180436580997e-14,1.0000000000011124,1.8627870490561804e-7,8.641810217333004e-9,25,25,25,0.36654672886903483
0.00021094460979388527,0.001829521287271718,0.005000185561081327,4.92450912986553e-6,2.5625314769711425e-14,1.0000000000011198,2.0316617121290959e-7,9.346339087297181e-9,26,26,26,0.3619500143042036
0.00021905786401672702,0.0018998465079674966,0.005000200403186087,4.92450912986553e-6,2.5619202499989067e-14,1.0000000000011302,1.9266939571549457e-7,1.0078421994301397e-8,27,27,27,0.35741690064721576
0.00022717111823956877,0.0019701686545222767,0.005000215815829394,4.924509129865531e-6,2.5612842602239744e-14,1.0000000000011127,2.1531270620600562e-7,1.0838053442098649e-8,28,28,28,0.34631656346631823
0.00023528437246241052,0.002040487722013556,0.005000231798989813,4.92450912986553e-6,2.560627483699107e-14,1.000000000001153,2.248903865215146e-7,1.1625227945026569e-8,29,29,29,0.3559909384541416
0.00024339762668525226,0.0021108037053886824,0.005000248352644961,4.92450912986553e-6,2.559950137524619e-14,1.000000000001199,2.0041852163976692e-7,1.2439940027605004e-8,30,30,30,0.35390093519824795
0.000251510880908094,0.002181116599721281,0.005000265476772513,4.92450912986553e-6,2.5592479676760697e-14,1.0000000000011655,2.1124056981403072e-7,1.3282184224144421e-8,31,31,31,0.36473841544085217
0.00025962413513093576,0.002251426400025132,0.005000283171350873,4.92450912986553e-6,2.558525388433148e-14,1.000000000001179,2.359586364839017e-7,1.4151955078374616e-8,32,32,32,0.35389894579330505
0.0002677373893537775,0.00232173310140315,0.005000301436357878,4.92450912986553e-6,2.5577778438054337e-14,1.0000000000011517,2.0947459416359449e-7,1.504924714307696e-8,33,33,33,0.35982323922379045
0.00027585064357661925,0.0023920366988786405,0.005000320271771764,4.924509129865528e-6,2.557005268091372e-14,1.0000000000011606,1.7951622346620844e-7,1.597405497973658e-8,34,34,34,0.3442455879368341
0.000283963897799461,0.002462337187528799,0.005000339677570551,4.92450912986553e-6,2.5562124990996238e-14,1.0000000000011717,1.8807354017214006e-7,1.6926373158200888e-8,35,35,35,0.3593063883515587
0.00029207715202230275,0.002532634562103735,0.0050003596537325674,4.92450912986553e-6,2.555399780660027e-14,1.00000000000118,1.9023328578018917e-7,1.790619625635331e-8,36,36,36,0.3650245290498572
0.0003001904062451445,0.0026029288175536585,0.0050003802002358926,4.92450912986553e-6,2.5545671850708095e-14,1.0000000000011484,1.7623374114206225e-7,1.8913518859794807e-8,37,37,37,0.34614751687955236
0.00030830366046798624,0.002673219948844897,0.005000401317058964,4.92450912986553e-6,2.5537095001438147e-14,1.0000000000011193,1.8379695924941597e-7,1.994833556153829e-8,38,38,38,0.35877953513845773
0.000316416914690828,0.00274350795047417,0.0050004230041805,4.92450912986553e-6,2.5528266074074698e-14,1.0000000000010865,1.9811646179146436e-7,2.1010640961712622e-8,39,39,39,0.3657943055091682
0.00032453016891366974,0.0028137928172775107,0.005000445261578692,4.92450912986553e-6,2.5519240579469506e-14,1.0000000000010976,1.8557380182526728e-7,2.2100429667274494e-8,40,40,40,0.3653989892735251
0.0003326434231365115,0.002884074543720412,0.005000468089232051,4.92450912986553e-6,2.5509962103034764e-14,1.0000000000010978,1.7494847429078142e-7,2.3217696291731447e-8,41,41,41,0.3662357656407442
0.00034075667735935323,0.0029543531248051942,0.005000491487118932,4.92450912986553e-6,2.550054826205808e-14,1.0000000000010931,1.975698695130812e-7,2.4362435454872998e-8,42,42,42,0.3665707313090664
0.000348869931582195,0.003024628554905665,0.005000515455218687,4.92450912986553e-6,2.5490881565212635e-14,1.0000000000011176,1.9734591426290304e-7,2.5534641782509777e-8,43,43,43,0.3589823944422026
0.00035698318580503673,0.00309490082876153,0.005000539993509422,4.92450912986553e-6,2.5481023121035356e-14,1.0000000000010862,2.030140128922442e-7,2.6734309906221097e-8,44,44,44,0.3663504242312038
0.0003650964400278785,0.0031651699401460225,0.005000565101970033,4.92450912986553e-6,2.5470910905775192e-14,1.0000000000011107,2.060148371341164e-7,2.7961434463109603e-8,45,45,45,0.3523097429662504
0.0003732096942507202,0.003235435884384107,0.005000590780579266,4.92450912986553e-6,2.546067523130456e-14,1.0000000000010756,2.1286609347415109e-7,2.9216010095564714e-8,46,46,46,0.3638386373574566
0.00038132294847356197,0.0033056986548731637,0.005000617029316036,4.92450912986553e-6,2.5450185960068403e-14,1.0000000000011284,2.1475829548034397e-7,3.0498031451032127e-8,47,47,47,0.3513985644807323
0.0003894362026964037,0.0033759582468937837,0.0050006438481590655,4.924509129865528e-6,2.5439509678923495e-14,1.0000000000011335,2.224827717611788e-7,3.180749318178866e-8,48,48,48,0.3639088561923502
0.00039754945691924547,0.003446214653699865,0.005000671237087554,4.92450912986553e-6,2.5428577112209644e-14,1.000000000001143,2.027141849381131e-7,3.31443899447315e-8,49,49,49,0.35294072572086144
0.0004056627111420872,0.0035164678704771957,0.005000699196080522,4.92450912986553e-6,2.5417459968488074e-14,1.00000000000112,2.0796653651955488e-7,3.450871640117007e-8,50,50,50,0.36389714750072316
0.00041377596536492896,0.0035867178906176895,0.005000727725117132,4.924509129865528e-6,2.540616213984391e-14,1.0000000000011533,2.2200027008367762e-7,3.5900467216631254e-8,51,51,51,0.36032069744984785
0.0004218892195877707,0.003656964708454916,0.005000756824176238,4.92450912986553e-6,2.539468271921005e-14,1.0000000000011369,1.9458566347108075e-7,3.731963706063948e-8,52,52,52,0.3587647602210719
0.00043000247381061246,0.0037272083182461036,0.005000786493237316,4.92450912986553e-6,2.538294884025239e-14,1.0000000000011202,1.990955051933696e-7,3.87662206065278e-8,53,53,53,0.3625772835235034
0.0004381157280334542,0.003797448713485935,0.005000816732279217,4.924509129865528e-6,2.5371035343837925e-14,1.0000000000011187,2.0642452677743783e-7,4.0240212531251484e-8,54,54,54,0.3665511004186689
0.00044622898225629595,0.00386768588831966,0.005000847541281449,4.92450912986553e-6,2.535902137274032e-14,1.0000000000011355,1.7673131713635826e-7,4.1741607515202736e-8,55,55,55,0.361375009830092
0.0004543422364791377,0.003937919836837418,0.005000878920222974,4.92450912986553e-6,2.5346753317407123e-14,1.0000000000011056,1.7908200256044893e-7,4.327040024203265e-8,56,56,56,0.3652253323604555
0.00046245549070197945,0.004008150552117498,0.005000910869083512,4.92450912986553e-6,2.5334310109509738e-14,1.0000000000011307,1.906271154261674e-7,4.482658539818679e-8,57,57,57,0.35204852454262486
0.0004705687449248212,0.00407837802884106,0.005000943387842596,4.92450912986553e-6,2.5321697175666308e-14,1.000000000001144,1.970699257114461e-7,4.6410157673588145e-8,58,58,58,0.36383397204688195
0.00047868199914766294,0.0041486022602087525,0.005000976476479163,4.92450912986553e-6,2.530891249722014e-14,1.000000000001177,1.9897156966486307e-7,4.802111176062576e-8,59,59,59,0.3642617635273019
0.0004867952533705047,0.004218823239342613,0.005001010134972665,4.92450912986553e-6,2.529595753815466e-14,1.0000000000012061,2.168490595977346e-7,4.9659442354271474e-8,60,60,60,0.35797698290598723
0.0004949085075933464,0.004289040960801273,0.005001044363302775,4.92450912986553e-6,2.5282745037644318e-14,1.0000000000012927,2.234186706751018e-7,5.132514415192495e-8,61,61,61,0.3647942980061459
0.0005030217618161881,0.004359255416425692,0.005001079161449294,4.92450912986553e-6,2.526945554948914e-14,1.000000000001376,1.8906409993135753e-7,5.301821185326347e-8,62,62,62,0.3597699523021117
0.0005111350160390298,0.004429466601661126,0.005001114529391551,4.92450912986553e-6,2.5256000609474035e-14,1.0000000000012943,1.8213150809742729e-7,5.473864016008705e-8,63,63,63,0.35858704412391046
0.0005192482702618715,0.004499674509369896,0.005001150467109149,4.92450912986553e-6,2.5242292846074114e-14,1.0000000000013336,1.853827980013989e-7,5.6486423776171156e-8,64,64,64,0.36326196329333316
0.0005273615244847132,0.0045698791322054035,0.005001186974581651,4.92450912986553e-6,2.522851797253322e-14,1.0000000000013718,1.9267123718691437e-7,5.826155740711384e-8,65,65,65,0.3552504980835381
0.0005354747787075549,0.004640080464092799,0.005001224051788992,4.92450912986553e-6,2.52145781545271e-14,1.0000000000012939,1.9366540993104309e-7,6.006403576016375e-8,66,66,66,0.3574914424549495
0.0005435880329303966,0.004710278497886817,0.005001261698710701,4.92450912986553e-6,2.5200479894794696e-14,1.0000000000012186,1.974279904004561e-7,6.189385354414022e-8,67,67,67,0.36587687561196985
0.0005517012871532383,0.004780473226717447,0.005001299915326769,4.92450912986553e-6,2.5186130321330768e-14,1.0000000000011544,1.9806373785513642e-7,6.375100546922345e-8,68,68,68,0.3667537623334796
0.00055981454137608,0.004850664642927211,0.005001338701616893,4.92450912986553e-6,2.5171727109083642e-14,1.000000000001206,2.1446504072653028e-7,6.563548624683703e-8,69,69,69,0.3660011611221887
0.0005679277955989217,0.004920852739959236,0.005001378057560625,4.92450912986553e-6,2.5157165247002806e-14,1.0000000000011873,1.93752920263357e-7,6.754729058951449e-8,70,70,70,0.3587407643497786
0.0005760410498217634,0.004991037511772776,0.005001417983138085,4.92450912986553e-6,2.5142353748951233e-14,1.0000000000012133,2.000292722570407e-7,6.948641321076823e-8,71,71,71,0.3524578609918876
0.0005841543040446051,0.00506121895110819,0.005001458478329423,4.92450912986553e-6,2.5127499076225577e-14,1.000000000001209,1.9704127979247588e-7,7.145284882496288e-8,72,72,72,0.3662297920064439
0.0005922675582674468,0.005131397049627625,0.005001499543113939,4.92450912986553e-6,2.5112497356923772e-14,1.0000000000012477,2.0526138388987647e-7,7.344659214718828e-8,73,73,73,0.3652386706569991
0.0006003808124902884,0.005201571800950201,0.005001541177472124,4.92450912986553e-6,2.5097343859884486e-14,1.0000000000012443,1.9902430548057737e-7,7.546763789312942e-8,74,74,74,0.35208436847537183
0.0006084940667131301,0.005271743196974291,0.0050015833813836265,4.92450912986553e-6,2.5082158668445985e-14,1.0000000000012856,2.072418132936793e-7,7.751598077893954e-8,75,75,75,0.3580257039558313
0.0006166073209359718,0.005341911231795792,0.005001626154828358,4.92450912986553e-6,2.506672869195901e-14,1.0000000000012848,2.0391386268414635e-7,7.95916155211096e-8,76,76,76,0.3637495919025777
0.0006247205751588135,0.005412075895976233,0.005001669497786518,4.92450912986553e-6,2.505116001251546e-14,1.000000000001328,2.1074372177909417e-7,8.16945368363417e-8,77,77,77,0.3626933196720108
0.0006328338293816552,0.005482237183483722,0.00500171341023818,4.92450912986553e-6,2.5035562935843142e-14,1.0000000000013263,2.0750219806298098e-7,8.382473944141917e-8,78,78,78,0.3599071287197063
0.0006409470836044969,0.005552395085734721,0.005001757892163678,4.92450912986553e-6,2.5019832004939865e-14,1.0000000000013265,1.7907264629468678e-7,8.598221805311957e-8,79,79,79,0.3626604162217138
0.0006490603378273386,0.005622549595950198,0.0050018029435426655,4.924509129865528e-6,2.5003969380724738e-14,1.0000000000013378,1.8564080739302824e-7,8.81669673879736e-8,80,80,80,0.35145008917253345
0.0006571735920501803,0.005692700706118963,0.005001848564355348,4.924509129865528e-6,2.49879883876117e-14,1.0000000000013072,1.8422992542621586e-7,9.037898216225543e-8,81,81,81,0.3523921133537124
0.000665286846273022,0.005762848408340277,0.005001894754581694,4.92450912986553e-6,2.4971871605556352e-14,1.000000000001278,1.8529524631327732e-7,9.261825709182199e-8,82,82,82,0.3546842007563361
0.0006734001004958637,0.005832992694750231,0.005001941514202019,4.92450912986553e-6,2.4955631120880447e-14,1.0000000000012503,1.886807102779997e-7,9.488478689198882e-8,83,83,83,0.3604236688599462
0.0006815133547187054,0.005903133557416179,0.0050019888431966225,4.924509129865528e-6,2.4939395353805628e-14,1.0000000000012683,1.8910703641905613e-7,9.717856627741749e-8,84,84,84,0.3624434882283756
0.0006896266089415471,0.005973270988258606,0.005002036741545462,4.92450912986553e-6,2.492303109539639e-14,1.0000000000012832,2.0146553181277227e-7,9.94995899619887e-8,85,85,85,0.36230014567975954
0.0006977398631643888,0.006043404979367112,0.00500208520922918,4.92450912986553e-6,2.490655121107817e-14,1.000000000001286,2.0382638465932246e-7,1.0184785265868248e-7,86,86,86,0.3666293833844062
0.0007058531173872305,0.006113535522462771,0.00500213424622755,4.92450912986553e-6,2.489008935336537e-14,1.000000000001289,1.931288052675617e-7,1.0422334907945773e-7,87,87,87,0.35974263429615155
0.0007139663716100722,0.006183662609454785,0.005002183852520627,4.92450912986553e-6,2.4873518012990475e-14,1.0000000000012679,1.982422189877875e-7,1.0662607393512859e-7,88,88,88,0.36474875818449365
0.0007220796258329138,0.006253786231918909,0.00500223402808897,4.92450912986553e-6,2.4856708473359114e-14,1.0000000000012599,1.820116004580541e-7,1.0905602193523501e-7,89,89,89,0.35962170472312016
0.0007301928800557555,0.006323906381673426,0.005002284772912779,4.92450912986553e-6,2.4839931072685288e-14,1.0000000000012819,1.8501401566339837e-7,1.1151318778791539e-7,90,90,90,0.3642664172711078
0.0007383061342785972,0.006394023050178533,0.0050023360869721955,4.92450912986553e-6,2.4823052995214585e-14,1.0000000000013065,2.0796228528130456e-7,1.1399756619979703e-7,91,91,91,0.3618151584156076
0.0007464193885014389,0.006464136228973541,0.00500238797024771,4.92450912986553e-6,2.480606487356789e-14,1.0000000000013247,1.9898923908634458e-7,1.1650915187587731e-7,92,92,92,0.34515848716624103
0.0007545326427242806,0.00653424590952543,0.005002440422719248,4.9245091298655275e-6,2.4789123386494428e-14,1.0000000000012859,2.0058109417853132e-7,1.1904793951940283e-7,93,93,93,0.3476583828556221
0.0007626458969471223,0.006604352083155892,0.005002493444367357,4.92450912986553e-6,2.4772091849905023e-14,1.0000000000012452,2.0783408616331656e-7,1.2161392383175023e-7,94,94,94,0.3551365664157172
0.000770759151169964,0.0066744547411498175,0.005002547035172247,4.92450912986553e-6,2.4755103493246282e-14,1.0000000000012559,2.0663621991268144e-7,1.242070995123086e-7,95,95,95,0.35726671630522605
0.0007788724053928057,0.006744553874719907,0.005002601195114011,4.92450912986553e-6,2.4738031808681356e-14,1.0000000000012692,2.0989198223908545e-7,1.2682746125836298e-7,96,96,96,0.3621050323780003
0.0007869856596156474,0.006814649474969665,0.005002655924173275,4.924509129865531e-6,2.4720881066965232e-14,1.0000000000012843,2.0172029602250063e-7,1.294750037649787e-7,97,97,97,0.3556400931171148
0.0007950989138384891,0.006884741533001198,0.005002711222329977,4.92450912986553e-6,2.4703788018734917e-14,1.0000000000012967,2.0693223801160343e-7,1.321497217248829e-7,98,98,98,0.3545989350275259
0.0008032121680613308,0.006954830039893971,0.00500276708956484,4.92450912986553e-6,2.468662307539577e-14,1.000000000001273,2.038797581871421e-7,1.3485160982835225e-7,99,99,99,0.3578854227201433
0.0008113254222841725,0.007024914986380902,0.0050028235258579405,4.92450912986553e-6,2.466937348480436e-14,1.0000000000012783,2.351410011147692e-7,1.375806627630961e-7,100,100,100,0.36541362943306477
0.0008194386765070142,0.0070949963635495664,0.005002880531189216,4.92450912986553e-6,2.4652214620052904e-14,1.000000000001306,2.1288695667420754e-7,1.4033687521414006e-7,101,101,101,0.35683367109456643
0.0008275519307298559,0.0071650741618695425,0.005002938105539998,4.92450912986553e-6,2.4634996819705466e-14,1.0000000000012832,2.1806575772886916e-7,1.43120241863754e-7,102,102,102,0.36442821877754356
0.0008356651849526976,0.007235148372390552,0.005002996248890543,4.92450912986553e-6,2.461770628873783e-14,1.0000000000012728,2.196790612474242e-7,1.4593075739131448e-7,103,103,103,0.36454421344776844
0.0008437784391755392,0.007305218985549684,0.005003054961221662,4.92450912986553e-6,2.4600524611369648e-14,1.0000000000012719,2.2157529927513409e-7,1.487684164731775e-7,104,104,104,0.3608929416460091
0.0008518916933983809,0.0073752859920243816,0.005003114242512898,4.92450912986553e-6,2.45832769461734e-14,1.0000000000012623,2.2184737918928832e-7,1.5163321378256156e-7,105,105,105,0.3617224765735171
0.0008600049476212226,0.007445349382239021,0.005003174092745122,4.92450912986553e-6,2.4565987780222335e-14,1.0000000000012546,2.1668112415440532e-7,1.5452514398943878e-7,106,106,106,0.3666741230102436
0.0008681182018440643,0.007515409146643422,0.005003234511898487,4.92450912986553e-6,2.454882716353682e-14,1.0000000000012443,2.2250947395718867e-7,1.5744420176042492e-7,107,107,107,0.3580340903652938
0.000876231456066906,0.007585465275599487,0.005003295499953072,4.92450912986553e-6,2.4531614049418258e-14,1.0000000000012215,2.257617386369759e-7,1.603903817586707e-7,108,108,108,0.36133695351466405
0.0008843447102897477,0.00765551775935827,0.005003357056889235,4.92450912986553e-6,2.451437386657642e-14,1.0000000000012284,2.0394792299427422e-7,1.6336367864375267e-7,109,109,109,0.3622549690408249
0.0008924579645125894,0.007725566588140243,0.005003419182687535,4.92450912986553e-6,2.4497259963036573e-14,1.000000000001239,2.0549029677852104e-7,1.6636408707156353e-7,110,110,110,0.36260826703236265
0.0009005712187354311,0.007795611752056412,0.005003481877328023,4.92450912986553e-6,2.4480129749825255e-14,1.0000000000012534,2.0703242720188086e-7,1.6939160169420215e-7,111,111,111,0.3654047062011774
0.0009086844729582728,0.007865653241141309,0.0050035451407908485,4.92450912986553e-6,2.4463137367285223e-14,1.0000000000012874,2.308772688169869e-7,1.724462171598631e-7,112,112,112,0.3532829370956884
0.0009167977271811145,0.007935691045372424,0.00500360897305625,4.92450912986553e-6,2.4446139413284087e-14,1.0000000000012852,2.3310691918410065e-7,1.755279281127254e-7,113,113,113,0.3580143241800813
0.0009249109814039562,0.008005725154624398,0.005003673374104558,4.92450912986553e-6,2.4429141251079955e-14,1.0000000000012865,2.3677769150909356e-7,1.786367291928428e-7,114,114,114,0.35975909016291435
0.0009330242356267979,0.008075755558699221,0.005003738343915992,4.92450912986553e-6,2.4412302345756888e-14,1.0000000000013007,2.3893795519924765e-7,1.8177261503603432e-7,115,115,115,0.3638477585509796
0.0009411374898496396,0.008145782247319105,0.005003803882470523,4.92450912986553e-6,2.439562258263316e-14,1.000000000001348,2.4070371612561203e-7,1.849355802737744e-7,116,116,116,0.3648420679804761
0.0009492507440724813,0.008215805210120523,0.0050038699897484275,4.92450912986553e-6,2.4378931522446948e-14,1.0000000000013922,2.514203313874752e-7,1.881256195330811e-7,117,117,117,0.35293413261039625
0.000957363998295323,0.008285824436684328,0.005003936665729682,4.92450912986553e-6,2.436244857082789e-14,1.000000000001435,2.434891120950411e-7,1.9134272743639803e-7,118,118,118,0.3676635847070284
0.0009654772525181646,0.008355839916471142,0.005004003910394501,4.92450912986553e-6,2.434596582630731e-14,1.0000000000014837,2.5305328674174454e-7,1.9458689860147153e-7,119,119,119,0.3562789146340551
0.0009735905067410063,0.008425851638904492,0.005004071723722982,4.924509129865528e-6,2.432951856762239e-14,1.000000000001531,2.5229436015350437e-7,1.9785812764122102e-7,120,120,120,0.3541584601674372
0.0009817037609638481,0.008495859593305868,0.005004140105694942,4.92450912986553e-6,2.4313273677819235e-14,1.0000000000015783,2.562970798369868e-7,2.0115640916377327e-7,121,121,121,0.35986869765094864
0.0009898170151866898,0.008565863768926409,0.005004209056290842,4.92450912986553e-6,2.42970465478823e-14,1.000000000001626,2.5120103219755663e-7,2.044817377718002e-7,122,122,122,0.3523354640178995
0.0009979302694095315,0.008635864154947494,0.005004278575490556,4.92450912986553e-6,2.4280875891872115e-14,1.0000000000016736,2.5052502766742535e-7,2.0783410806297878e-7,123,123,123,0.3521214171965876
0.0010060435236323732,0.00870586074047254,0.005004348663274112,4.92450912986553e-6,2.426473562175513e-14,1.000000000001721,2.473456504337168e-7,2.1121351462970707e-7,124,124,124,0.351254147494544
0.001014156777855215,0.0087758535145237,0.005004419319621172,4.92450912986553e-6,2.4248863782918448e-14,1.0000000000017684,2.470398715870292e-7,2.146199520589738e-7,125,125,125,0.3528323075889814
0.0010222700320780566,0.008845842466040811,0.005004490544511937,4.92450912986553e-6,2.423319064435884e-14,1.000000000001816,2.46160770378534e-7,2.1805341493226545e-7,126,126,126,0.3551346020468218
0.0010303832863008983,0.008915827583878646,0.005004562337926061,4.92450912986553e-6,2.421760296218691e-14,1.0000000000018638,2.4934438180856944e-7,2.215138978254655e-7,127,127,127,0.35827580768089007
0.00103849654052374,0.008985808856804101,0.005004634699843432,4.92450912986553e-6,2.4202274016726247e-14,1.000000000001912,2.4602160392239725e-7,2.250013953087552e-7,128,128,128,0.35839741307049383
0.0010466097947465817,0.009055786273493873,0.0050047076302438594,4.924509129865531e-6,2.418704635275568e-14,1.0000000000019604,2.546329924690838e-7,2.2851590194650986e-7,129,129,129,0.36482937244414443
0.0010547230489694234,0.009125759822535632,0.005004781129107063,4.92450912986553e-6,2.4171889399442563e-14,1.0000000000020093,2.5127914077271996e-7,2.3205741229718385e-7,130,130,130,0.3648625167968627
0.001062836303192265,0.009195729492428835,0.005004855196413039,4.92450912986553e-6,2.415701873035513e-14,1.0000000000020586,2.083035035571612e-7,2.3562592091317137e-7,131,131,131,0.3511193750621892
0.0010709495574151068,0.009265695271619889,0.005004929832141481,4.92450912986553e-6,2.4142273625818824e-14,1.0000000000020888,2.1754706791554668e-7,2.39221422340648e-7,132,132,132,0.3628544028567295
0.0010790628116379485,0.009335657148480024,0.005005005036271733,4.92450912986553e-6,2.4127622286817168e-14,1.0000000000021219,2.212846350602149e-7,2.4284391111942627e-7,133,133,133,0.36727317758391487
0.0010871760658607902,0.00940561511130917,0.005005080808783401,4.92450912986553e-6,2.411323265584696e-14,1.000000000002152,2.111718051533984e-7,2.4649338178283824e-7,134,134,134,0.3642681458548599
0.0010952893200836318,0.00947556914836967,0.0050051571496564275,4.92450912986553e-6,2.4099211893661855e-14,1.0000000000021683,2.0696906477546406e-7,2.50169828857643e-7,135,135,135,0.35927836167500204
0.0011034025743064735,0.009545519247820513,0.005005234058869879,4.92450912986553e-6,2.4085307150860205e-14,1.0000000000022007,2.1522535198492676e-7,2.538732468639656e-7,136,136,136,0.3661143997173582
0.0011115158285293152,0.009615465397747481,0.005005311536403477,4.92450912986553e-6,2.4071528638654545e-14,1.0000000000022324,2.0089585550664424e-7,2.576036303152146e-7,137,137,137,0.3648636311214024
0.001119629082752157,0.009685407586273394,0.005005389582236765,4.92450912986553e-6,2.405793238201092e-14,1.0000000000022298,2.0994821769981797e-7,2.613609737179926e-7,138,138,138,0.36712941898213597
0.0011277423369749986,0.0097553458012356,0.0050054681963490185,4.92450912986553e-6,2.4044703060910036e-14,1.0000000000022637,1.9632865261298704e-7,2.651452715720078e-7,139,139,139,0.36746739299052394
0.0011358555911978403,0.009825280030658705,0.005005547378719501,4.92450912986553e-6,2.4031788638125587e-14,1.0000000000022422,2.1359684310162663e-7,2.689565183700012e-7,140,140,140,0.36690567295692295
0.001143968845420682,0.009895210262261924,0.0050056271293277485,4.92450912986553e-6,2.4019085354514052e-14,1.0000000000022564,2.0876518047607817e-7,2.727947085975842e-7,141,141,141,0.35997291528398373
0.0011520820996435237,0.009965136483847068,0.005005707448152753,4.92450912986553e-6,2.4006553465753856e-14,1.000000000002245,1.9373269449091124e-7,2.7665983673323823e-7,142,142,142,0.36475442840881644
0.0011601953538663654,0.010035058683048983,0.005005788335173791,4.92450912986553e-6,2.3994434938907996e-14,1.0000000000022424,1.8354759123706543e-7,2.805518972482152e-7,143,143,143,0.35810264360684585
0.001168308608089207,0.01010497684748154,0.005005869790369979,4.924509129865531e-6,2.3982505757416294e-14,1.0000000000022222,1.9007544199700632e-7,2.844708846064474e-7,144,144,144,0.3636231694815682
0.0011764218623120488,0.010174890964628914,0.005005951813720649,4.924509129865531e-6,2.3970833067188365e-14,1.0000000000021987,2.096351541247543e-7,2.884167932644689e-7,145,145,145,0.36701747899939996
0.0011845351165348905,0.01024480102194059,0.005006034405204012,4.92450912986553e-6,2.395953730680715e-14,1.0000000000021867,2.0833713598733539e-7,2.9238961767132827e-7,146,146,146,0.36214329796795364
0.0011926483707577322,0.010314707006764057,0.0050061175647998,4.92450912986553e-6,2.3948462051950682e-14,1.0000000000021532,2.0374979048387587e-7,2.963893522682608e-7,147,147,147,0.3569070025906693
0.0012007616249805739,0.010384608906282641,0.005006201292486669,4.92450912986553e-6,2.3937861381686206e-14,1.0000000000021423,2.1129292715471593e-7,3.004159914929273e-7,148,148,148,0.3662167252126041
0.0012088748792034156,0.01045450670774304,0.005006285588243455,4.92450912986553e-6,2.392756466990468e-14,1.000000000002104,2.0838041969728494e-7,3.0446952976789573e-7,149,149,149,0.3665091073188859
0.0012169881334262572,0.010524400398150792,0.005006370452049195,4.92450912986553e-6,2.3917523434380115e-14,1.0000000000020943,1.9808995244119387e-7,3.085499615114595e-7,150,150,150,0.3671246229506583
0.001225101387649099,0.010594289964549392,0.005006455883883634,4.92450912986553e-6,2.3907749653728724e-14,1.000000000002089,2.253936024487757e-7,3.1265728113108394e-7,151,151,151,0.3555584043699659
0.0012332146418719406,0.010664175393727866,0.005006541883726595,4.92450912986553e-6,2.3898423715062852e-14,1.0000000000020945,2.003287943308507e-7,3.1679148303230626e-7,152,152,152,0.3594440956033909
0.0012413278960947823,0.010734056672635658,0.005006628451556356,4.924509129865528e-6,2.3889389624900712e-14,1.0000000000020823,2.2946007516289058e-7,3.2095256160968886e-7,153,153,153,0.3656361566370361
0.001249441150317624,0.010803933787898881,0.005006715587351563,4.92450912986553e-6,2.3880912945881934e-14,1.000000000002086,1.9949669394225822e-7,3.2514051124969627e-7,154,154,154,0.3627714325335955
0.0012575544045404657,0.010873806726351121,0.005006803291090524,4.92450912986553e-6,2.387275201680304e-14,1.0000000000020788,1.9714269372528292e-7,3.293553263305702e-7,155,155,155,0.36013659463801245
0.0012656676587633074,0.010943675474352101,0.0050068915627522635,4.92450912986553e-6,2.3864991547761182e-14,1.0000000000020879,1.9889281432927675e-7,3.3359700122223386e-7,156,156,156,0.3664127723422816
0.001273780912986149,0.011013540018748906,0.005006980402314808,4.924509129865531e-6,2.3857575613937386e-14,1.0000000000020808,1.9972593845452025e-7,3.3786553028621257e-7,157,157,157,0.36402469457283365
0.0012818941672089908,0.011083400345761461,0.0050070698097564375,4.92450912986553e-6,2.3850685488790435e-14,1.00000000000209,2.19173782678439e-7,3.421609078754807e-7,158,158,158,0.3514435317125847
0.0012900074214318325,0.011153256442080204,0.005007159785055435,4.92450912986553e-6,2.3844164757512618e-14,1.0000000000020928,2.3223607348299424e-7,3.464831283346999e-7,159,159,159,0.3587492352083185
0.0012981206756546742,0.011223108293707654,0.005007250328189909,4.92450912986553e-6,2.383802834409519e-14,1.0000000000021134,2.2197873250640043e-7,3.508321859998533e-7,160,160,160,0.3569981605876078
0.0013062339298775159,0.011292955887339041,0.005007341439138035,4.92450912986553e-6,2.3832293216131866e-14,1.0000000000021207,2.3433989859711346e-7,3.552080751983715e-7,161,161,161,0.3631466897139813
0.0013143471841003576,0.011362799208773868,0.005007433117877925,4.92450912986553e-6,2.382697512873961e-14,1.0000000000021414,2.2167818403140416e-7,3.5961079024921365e-7,162,162,162,0.3611897381782803
0.0013224604383231993,0.011432638244615883,0.005007525364387347,4.92450912986553e-6,2.3822089650369576e-14,1.0000000000021483,2.0265866207402894e-7,3.6404032546219823e-7,163,163,163,0.35623751539659976
0.001330573692546041,0.01150247298021894,0.0050076181786444865,4.92450912986553e-6,2.3817819532704745e-14,1.000000000002136,2.2422155598889049e-7,3.6849667513877545e-7,164,164,164,0.3672940842146643
0.0013386869467688826,0.011572303402187692,0.005007711560626806,4.92450912986553e-6,2.3814010029588386e-14,1.0000000000021374,2.0281996793158896e-7,3.729798335716386e-7,165,165,165,0.35545688322893637
0.0013468002009917243,0.011642129495677892,0.0050078055103120805,4.92450912986553e-6,2.3810679875077182e-14,1.0000000000021274,1.9237752191259005e-7,3.774897950445036e-7,166,166,166,0.3538268402163945
0.001354913455214566,0.011711951247107076,0.005007900027678193,4.924509129865531e-6,2.3807845993421526e-14,1.0000000000021354,2.054481402780084e-7,3.8202655383194224e-7,167,167,167,0.3621511393640221
0.0013630267094374077,0.011781768641734115,0.005007995112702505,4.92450912986553e-6,2.3805527337808067e-14,1.0000000000021256,1.963107545410736e-7,3.865901041994225e-7,168,168,168,0.35843828669553784
0.0013711399636602494,0.011851581665833994,0.005008090765362555,4.92450912986553e-6,2.3803648541133823e-14,1.000000000002137,2.0629841879227229e-7,3.911804404034252e-7,169,169,169,0.3681173780786921
0.0013792532178830911,0.011921390304484015,0.005008186985635686,4.92450912986553e-6,2.3802485820946227e-14,1.000000000002125,2.0091935892807555e-7,3.9579755669157864e-7,170,170,170,0.36433117564930584
0.0013873664721059328,0.011991194543860918,0.005008283773498944,4.92450912986553e-6,2.3801889765574496e-14,1.0000000000021396,2.2042014446999048e-7,4.0044144730224366e-7,171,171,171,0.35376240117442503
0.0013954797263287745,0.012060994368650267,0.0050083811289299875,4.92450912986553e-6,2.380187982290994e-14,1.0000000000021019,2.3195013243437757e-7,4.0511210646480406e-7,172,172,172,0.36125398558158694
0.0014035929805516162,0.012130789764943316,0.005008479051905651,4.92450912986553e-6,2.3802475737520272e-14,1.0000000000021259,2.2076978040130868e-7,4.0980952839948845e-7,173,173,173,0.35747150952985857
0.0014117062347744579,0.012200580717361851,0.005008577542402829,4.92450912986553e-6,2.380369782808039e-14,1.0000000000020874,2.3544957628018892e-7,4.1453370731731627e-7,174,174,174,0.3661637502321777
0.0014198194889972996,0.012270367211790529,0.005008676600398838,4.92450912986553e-6,2.380545925353607e-14,1.0000000000021116,2.2477283384558788e-7,4.19284637420064e-7,175,175,175,0.3615497422800148
0.0014279327432201413,0.012340149232772275,0.005008776225870149,4.92450912986553e-6,2.3807887117393903e-14,1.0000000000020728,1.9832135356168124e-7,4.2406231290023077e-7,176,176,176,0.3570761272847914
0.001436045997442983,0.01240992676581398,0.00500887641879367,4.92450912986553e-6,2.3811002074921794e-14,1.0000000000020592,2.2706008828698998e-7,4.288667279410239e-7,177,177,177,0.36729245092233626
0.0014441592516658247,0.01247969979554278,0.005008977179146161,4.92450912986553e-6,2.3814983943531592e-14,1.0000000000020182,1.9964823838591883e-7,4.3369787671634296e-7,178,178,178,0.3608050347873304
0.0014522725058886664,0.012549468307349071,0.00500907850690391,4.92450912986553e-6,2.3819576959157838e-14,1.0000000000020102,1.8788599220886937e-7,4.385557533907788e-7,179,179,179,0.35759228260030723
0.001460385760111508,0.012619232285397247,0.005009180402043552,4.92450912986553e-6,2.3824616280674664e-14,1.0000000000019822,2.019328926294861e-7,4.43440352119606e-7,180,180,180,0.36740929886351337
0.0014684990143343497,0.012688991715249502,0.005009282864541476,4.92450912986553e-6,2.3830429212863838e-14,1.0000000000019744,1.8874512619504458e-7,4.483516670487884e-7,181,181,181,0.35964782523615807
0.0014766122685571914,0.012758746580906422,0.005009385894373928,4.924509129865531e-6,2.3836918253024544e-14,1.0000000000019462,2.2231392315941179e-7,4.532896923149774e-7,182,182,182,0.3560473446596622
0.0014847255227800331,0.012828496867510624,0.005009489491517122,4.92450912986553e-6,2.384422757419847e-14,1.0000000000019036,1.929958279855981e-7,4.5825442204552153e-7,183,183,183,0.36728502117334144
0.0014928387770028748,0.012898242559192367,0.005009593655947089,4.92450912986553e-6,2.3852379801764405e-14,1.0000000000018783,2.2402196833692933e-7,4.632458503584705e-7,184,184,184,0.35904469142129325
0.0015009520312257165,0.012967983640975803,0.00500969838763954,4.92450912986553e-6,2.386096055713887e-14,1.000000000001841,2.1549850259816594e-7,4.682639713625866e-7,185,185,185,0.3644930324381472
0.0015090652854485582,0.013037720096494242,0.005009803686570454,4.92450912986553e-6,2.3870438802185646e-14,1.0000000000018356,2.268296904472944e-7,4.7330877915734993e-7,186,186,186,0.3639551675911965
0.0015171785396714,0.01310745191098011,0.005009909552715883,4.924509129865531e-6,2.388070820774877e-14,1.0000000000017983,2.184575089714258e-7,4.78380267832976e-7,187,187,187,0.36648698030597
0.0015252917938942416,0.013177179067800505,0.005010015986050966,4.92450912986553e-6,2.3891761282627413e-14,1.0000000000017932,2.3068647825308375e-7,4.834784314704235e-7,188,188,188,0.3676008912408447
0.0015334050481170833,0.01324690155218605,0.005010122986551834,4.92450912986553e-6,2.3903651694036985e-14,1.000000000001756,2.0641936715470877e-7,4.886032641414186e-7,189,189,189,0.36681998938103133
0.001541518302339925,0.013316619347105301,0.005010230554193224,4.92450912986553e-6,2.391654177529829e-14,1.0000000000017664,1.900040462743391e-7,4.937547599084703e-7,190,190,190,0.3617332674504466
0.0015496315565627667,0.01338633243783356,0.00501033868895089,4.92450912986553e-6,2.3930315097906163e-14,1.0000000000017424,2.2776268071567074e-7,4.989329128249042e-7,191,191,191,0.3602057621428884
0.0015577448107856084,0.013456040807003303,0.005010447390799942,4.92450912986553e-6,2.3944674775448807e-14,1.000000000001756,1.932366076040637e-7,5.041377169344211e-7,192,192,192,0.36737939858373925
0.00156585806500845,0.013525744440047395,0.005010556659715554,4.92450912986553e-6,2.3960119760119793e-14,1.000000000001726,2.297748631363561e-7,5.093691662725118e-7,193,193,193,0.36299527934207837
0.0015739713192312918,0.013595443319456722,0.005010666495672377,4.92450912986553e-6,2.3976199175712947e-14,1.0000000000017375,2.2527689447215948e-7,5.1462725486505e-7,194,194,194,0.366964058103214
0.0015820845734541334,0.013665137430302522,0.00501077689864905,4.92450912986553e-6,2.3993423101928364e-14,1.000000000001728,2.2245513164875774e-7,5.199119767288718e-7,195,195,195,0.35794197987820514
0.0015901978276769751,0.013734826755017067,0.005010887868620139,4.92450912986553e-6,2.401166776204341e-14,1.0000000000017295,2.0943784706517476e-7,5.252233258719048e-7,196,196,196,0.36549877077522447
0.0015983110818998168,0.013804511278459131,0.005010999405560675,4.92450912986553e-6,2.4030626248537053e-14,1.0000000000017382,2.263788694278901e-7,5.305612962930798e-7,197,197,197,0.3661853220525212
0.0016064243361226585,0.013874190983135725,0.0050111115094448305,4.92450912986553e-6,2.405066009003135e-14,1.00000000000174,2.116198642987399e-7,5.359258819823959e-7,198,198,198,0.36845754227694094
0.0016145375903455002,0.01394386585378518,0.005011224180247452,4.92450912986553e-6,2.407162564339862e-14,1.0000000000017486,1.9686005603425372e-7,5.413170769209528e-7,199,199,199,0.3537565838355193
0.001622650844568342,0.014013535872479891,0.005011337417942483,4.924509129865531e-6,2.4093725665853764e-14,1.0000000000017488,2.3746348798425743e-7,5.467348750809914e-7,200,200,200,0.3659875176952048
0.0016307640987911836,0.0140832010238275,0.005011451222507445,4.924509129865531e-6,2.411664975438848e-14,1.0000000000017617,2.0005270495726535e-7,5.521792704261079e-7,201,201,201,0.3595439458391969
0.0016388773530140253,0.01415286128991458,0.0050115655939331465,4.92450912986553e-6,2.4140770574257678e-14,1.0000000000017641,2.4030767953320264e-7,5.576502569119807e-7,202,202,202,0.36877764811740643
0.001646990607236867,0.014222516655107062,0.005011680532193149,4.92450912986553e-6,2.4165779021307416e-14,1.0000000000017801,2.0250958826517618e-7,5.631478284854686e-7,203,203,203,0.3633830371200744
0.0016551038614597087,0.014292167101564638,0.005011796037262499,4.92450912986553e-6,2.4191708394885547e-14,1.0000000000017821,2.2754691286763773e-7,5.686719790849654e-7,204,204,204,0.3607192996500518
0.0016632171156825504,0.014361812613173378,0.005011912109115073,4.92450912986553e-6,2.4218932629650517e-14,1.0000000000017801,1.9346124435770662e-7,5.742227026341323e-7,205,205,205,0.35718884208999996
0.001671330369905392,0.014431453172009771,0.005012028747724814,4.92450912986553e-6,2.424713715486263e-14,1.0000000000017693,2.278842323732988e-7,5.797999930609261e-7,206,206,206,0.36370881559079293
0.0016794436241282338,0.014501088762183168,0.005012145953065859,4.92450912986553e-6,2.427622779839226e-14,1.0000000000017677,1.969660132772333e-7,5.854038442789822e-7,207,207,207,0.3617531006543987
0.0016875568783510755,0.014570719365420455,0.005012263725112113,4.92450912986553e-6,2.4306717063125795e-14,1.0000000000017568,2.2988074732666064e-7,5.910342501934154e-7,208,208,208,0.36792835590312173
0.0016956701325739172,0.014640344965718298,0.0050123820638370105,4.92450912986553e-6,2.4338289727239057e-14,1.0000000000017557,2.0006246614912016e-7,5.966912047014124e-7,209,209,209,0.36509304638026063
0.0017037833867967588,0.01470996554480595,0.005012500969214014,4.92450912986553e-6,2.4370979998525412e-14,1.0000000000017448,2.021156284004455e-7,6.023747016921142e-7,210,210,210,0.35703625247106163
0.0017118966410196005,0.014779581086267491,0.005012620441216833,4.92450912986553e-6,2.440517328170054e-14,1.0000000000017484,2.1363853885958406e-7,6.08084735046691e-7,211,211,211,0.3664435112685506
0.0017200098952424422,0.014849191571682022,0.0050127404798185225,4.92450912986553e-6,2.4440551913051703e-14,1.0000000000017204,2.050230707428824e-7,6.138212986383586e-7,212,212,212,0.3613630467153217
0.001728123149465284,0.014918796984643627,0.00501286108499257,4.92450912986553e-6,2.447714886214061e-14,1.0000000000017242,2.1589688348200298e-7,6.195843863157837e-7,213,213,213,0.36878709568897217
0.0017362364036881256,0.014988397306598145,0.0050129822567116285,4.92450912986553e-6,2.451479571934677e-14,1.0000000000016962,2.068307192182317e-7,6.253739919529679e-7,214,214,214,0.36533510764225213
0.0017443496579109673,0.015057992521342677,0.005013103994948832,4.92450912986553e-6,2.455362295332715e-14,1.0000000000017002,2.2416015443837978e-7,6.31190109399735e-7,215,215,215,0.3682944945632501
0.001752462912133809,0.015127582609571944,0.005013226299676783,4.924509129865528e-6,2.459378693711277e-14,1.0000000000016938,2.1047815296215688e-7,6.370327324982261e-7,216,216,216,0.3685780506593384
0.0017605761663566507,0.01519716755560254,0.005013349170868228,4.92450912986553e-6,2.4635465208514787e-14,1.0000000000016924,2.310153124351899e-7,6.429018550830472e-7,217,217,217,0.36870031572006134
0.0017686894205794924,0.015266747339514575,0.005013472608495512,4.92450912986553e-6,2.467854722921585e-14,1.0000000000016955,1.9977109122493175e-7,6.487974709813562e-7,218,218,218,0.360882645844339
0.001776802674802334,0.01533632194567181,0.005013596612530951,4.92450912986553e-6,2.4723072627687614e-14,1.0000000000016849,2.244956007757537e-7,6.547195740129575e-7,219,219,219,0.36758529657041367
0.0017849159290251758,0.01540589135383281,0.005013721182946926,4.92450912986553e-6,2.4768747578326557e-14,1.0000000000016716,2.0152630675340788e-7,6.606681579903616e-7,220,220,220,0.366445416339365
0.0017930291832480175,0.015475455548592568,0.005013846319715462,4.92450912986553e-6,2.4815949223591254e-14,1.000000000001663,2.2410754318968884e-7,6.666432167189413e-7,221,221,221,0.36707100177526
0.0018011424374708592,0.015545014509595062,0.005013972022808236,4.92450912986553e-6,2.4864484882467874e-14,1.0000000000016536,2.1596268240386962e-7,6.726447439970798e-7,222,222,222,0.36787429162508933
0.0018092556916937009,0.015614568221195663,0.005014098292197469,4.924509129865528e-6,2.4914628691254153e-14,1.0000000000016467,2.0045961512948907e-7,6.786727336162859e-7,223,223,223,0.366377905990943
0.0018173689459165426,0.015684116662728603,0.005014225127854339,4.92450912986553e-6,2.496608146000834e-14,1.0000000000016622,2.275223898173806e-7,6.847271793611979e-7,224,224,224,0.36712568463262374
0.0018254822001393842,0.015753659818260993,0.005014352529750434,4.92450912986553e-6,2.5018622267568356e-14,1.0000000000016556,2.02438299012897e-7,6.908080750096869e-7,225,225,225,0.3691361128993306
0.001833595454362226,0.01582319766779672,0.005014480497857352,4.92450912986553e-6,2.507290746280747e-14,1.0000000000016709,2.3122749226445194e-7,6.969154143329609e-7,226,226,226,0.3644152138975678
0.0018417087085850676,0.015892730194637397,0.005014609032146971,4.92450912986553e-6,2.512863143782947e-14,1.0000000000016616,2.1736367195046569e-7,7.030491910958092e-7,227,227,227,0.35834496975706953
0.0018498219628079093,0.01596225737865661,0.005014738132595214,4.92450912986553e-6,2.5185934966195105e-14,1.0000000000016571,2.3377801916524277e-7,7.092093990570153e-7,228,228,228,0.36832982955904825
0.001857935217030751,0.016031779203165408,0.005014867799208821,4.924509129865528e-6,2.5244859674303078e-14,1.0000000000016618,2.123338784798534e-7,7.1539603197195e-7,229,229,229,0.3594019858164992
0.0018660484712535927,0.016101295648226713,0.005014998031966398,4.92450912986553e-6,2.530499205701052e-14,1.0000000000016556,2.1205789835221367e-7,7.216090835899579e-7,230,230,230,0.35617011322949177
0.0018741617254764344,0.0161708066957516,0.005015128830839361,4.92450912986553e-6,2.5367099912589916e-14,1.0000000000016758,2.1870434352422308e-7,7.27848547654767e-7,231,231,231,0.3654044889120327
0.001882274979699276,0.016240312327106488,0.005015260195799373,4.92450912986553e-6,2.543087353084558e-14,1.000000000001698,2.1196288102487415e-7,7.341144179047748e-7,232,232,232,0.3577431267266904
0.0018903882339221178,0.016309812523598546,0.005015392126817863,4.924509129865528e-6,2.549607193045601e-14,1.000000000001755,2.1951469442171856e-7,7.404066880732049e-7,233,233,233,0.3692310593357429
0.0018985014881449595,0.016379307266477995,0.005015524623866192,4.92450912986553e-6,2.5563035348183532e-14,1.0000000000018103,2.0962693270121235e-7,7.467253518882672e-7,234,234,234,0.35749054819318193
0.0019066147423678012,0.016448796537089517,0.005015657686915244,4.92450912986553e-6,2.5631889152806268e-14,1.0000000000018647,2.2705639501907626e-7,7.530704030733282e-7,235,235,235,0.34830716459435584
0.0019147279965906429,0.016518280316107394,0.0050157913159361404,4.92450912986553e-6,2.570202697327236e-14,1.0000000000018041,2.121223303674924e-7,7.594418353470792e-7,236,236,236,0.36291581929442096
0.0019228412508134846,0.016587758585219735,0.00501592551089994,4.924509129865528e-6,2.577407816842763e-14,1.0000000000018572,2.296869254792e-7,7.658396424237171e-7,237,237,237,0.349352578777164
0.0019309545050363263,0.016657231324823378,0.00501606027177695,4.92450912986553e-6,2.5847790993970324e-14,1.0000000000017981,2.135360492871996e-7,7.722638180131187e-7,238,238,238,0.3654205076557086
0.001939067759259168,0.016726698516491265,0.005016195598538074,4.92450912986553e-6,2.5923515224513695e-14,1.000000000001868,2.280735262871758e-7,7.787143558210271e-7,239,239,239,0.34965745425957334
0.0019471810134820096,0.016796160140487633,0.005016331491153508,4.92450912986553e-6,2.6000924662109137e-14,1.0000000000018863,2.1463938892907208e-7,7.851912495492146e-7,240,240,240,0.36790311280893745
0.0019552942677048516,0.016865616178266787,0.005016467949593491,4.92450912986553e-6,2.6079848653120218e-14,1.0000000000019322,2.300942547606155e-7,7.916944928956204e-7,241,241,241,0.35224260607017516
0.0019634075219276933,0.016935066610120075,0.005016604973828006,4.92450912986553e-6,2.6160948999663007e-14,1.0000000000020013,2.2062629412289425e-7,7.982240795545007e-7,242,242,242,0.3469062071340506
0.001971520776150535,0.017004511416896937,0.005016742563827125,4.92450912986553e-6,2.624365784549061e-14,1.000000000002067,2.3027193485347652e-7,8.047800032165932e-7,243,243,243,0.35695715119182714
0.0019796340303733766,0.01707395057921819,0.0050168807195606615,4.92450912986553e-6,2.6328272604736193e-14,1.000000000002132,2.213636154380083e-7,8.113622575692295e-7,244,244,244,0.3487005553066696
0.0019877472845962183,0.017143384077643164,0.005017019440997953,4.92450912986553e-6,2.6414544281072308e-14,1.0000000000021965,2.3086258416071814e-7,8.179708362962967e-7,245,245,245,0.3587971106089506
0.00199586053881906,0.017212811892684764,0.005017158728112149,4.92450912986553e-6,2.6503271871749788e-14,1.000000000002258,2.232572349214479e-7,8.246057330785769e-7,246,246,246,0.35095313077481527
0.0020039737930419017,0.01728223400489131,0.005017298580872401,4.924509129865528e-6,2.659375921923212e-14,1.0000000000023206,2.2879256178498508e-7,8.312669415928066e-7,247,247,247,0.36274636084481787
0.0020120870472647434,0.017351650394573,0.005017438999248556,4.92450912986553e-6,2.6686068056968378e-14,1.0000000000023799,2.021614768921154e-7,8.379544555140822e-7,248,248,248,0.3697722029867259
0.002020200301487585,0.017421061042487765,0.005017579983209296,4.92450912986553e-6,2.6780257317477685e-14,1.0000000000024214,2.0748749207655237e-7,8.446682685138733e-7,249,249,249,0.3695427229465789
0.002028313555710427,0.017490465929709757,0.005017721532723668,4.92450912986553e-6,2.687675174195643e-14,1.000000000002468,2.729366741505146e-7,8.514083742706973e-7,250,250,250,0.35896289976174445
0.0020364268099332685,0.017559865034294634,0.005017863647760587,4.92450912986553e-6,2.697523510258442e-14,1.000000000002399,2.1752283352327595e-7,8.581747664409395e-7,251,251,251,0.35281555816969806
0.00204454006415611,0.01762925833869547,0.005018006328288171,4.92450912986553e-6,2.7075773826706318e-14,1.0000000000024583,2.3968393847439984e-7,8.649674386883217e-7,252,252,252,0.3697975658252791
0.002052653318378952,0.017698645822012055,0.005018149574275317,4.92450912986553e-6,2.7178426032773678e-14,1.000000000002425,2.1817756490349893e-7,8.717863846742748e-7,253,253,253,0.35813570356869423
0.0020607665726017936,0.017768027465051985,0.005018293385690056,4.92450912986553e-6,2.7283254458582675e-14,1.0000000000024862,2.3820766514859315e-7,8.786315980580934e-7,254,254,254,0.3677680644062965
0.0020688798268246353,0.01783740324724892,0.005018437762500115,4.92450912986553e-6,2.7390352913616377e-14,1.0000000000024565,2.1948471840005368e-7,8.855030724970571e-7,255,255,255,0.3612151961816794
0.002076993081047477,0.01790677314930312,0.0050185827046738945,4.92450912986553e-6,2.749936941834434e-14,1.000000000002519,2.385513901970171e-7,8.924008016465597e-7,256,256,256,0.36707532189496533
0.0020851063352703187,0.017976137150527743,0.00501872821217861,4.92450912986553e-6,2.7610411777806658e-14,1.0000000000025178,2.1718519249702695e-7,8.993247791602231e-7,257,257,257,0.36501669772174616
0.0020932195894931603,0.01804549523167908,0.005018874284982376,4.92450912986553e-6,2.772389380985431e-14,1.0000000000025608,2.5954442861575444e-7,9.062749986900142e-7,258,258,258,0.3684528973348863
0.002101332843716002,0.018114847371634053,0.005019020923052444,4.92450912986553e-6,2.7839877632464814e-14,1.000000000002579,2.3336917820415692e-7,9.132514538863451e-7,259,259,259,0.36129729415043066
0.0021094460979388437,0.018184193551022663,0.005019168126355757,4.92450912986553e-6,2.79576917016019e-14,1.0000000000026308,2.585018421541463e-7,9.202541383981779e-7,260,260,260,0.3702453075363565
0.0021175593521616854,0.018253533748946473,0.0050193158948595275,4.92450912986553e-6,2.807815171537259e-14,1.0000000000026177,2.3740149757145446e-7,9.272830458731078e-7,261,261,261,0.3673971224328656
0.002125672606384527,0.01832286794592337,0.005019464228530773,4.92450912986553e-6,2.8200579376968375e-14,1.0000000000026972,2.494562991728344e-7,9.343381699574534e-7,262,262,262,0.36344151609879527
0.002133785860607369,0.018392196120620763,0.005019613127335941,4.92450912986553e-6,2.8325799507963418e-14,1.0000000000027136,2.5605382347748673e-7,9.414195042963302e-7,263,263,263,0.3702392918327377
0.0021418991148302105,0.018461518253435796,0.005019762591241795,4.92450912986553e-6,2.845313261040922e-14,1.0000000000027003,2.4997004288707103e-7,9.485270425337356e-7,264,264,264,0.36879031823925557
0.002150012369053052,0.01853083432341415,0.005019912620214315,4.924509129865531e-6,2.858302782606067e-14,1.0000000000027183,2.4444979374038667e-7,9.556607783126244e-7,265,265,265,0.3651016316824961
0.002158125623275894,0.018600144310347854,0.005020063214219702,4.924509129865528e-6,2.871555706451962e-14,1.000000000002737,2.6618438653258636e-7,9.628207052750049e-7,266,266,266,0.3580850335070203
0.0021662388774987356,0.018669448193316764,0.005020214373224374,4.92450912986553e-6,2.8850425049086665e-14,1.0000000000027536,2.606715945319138e-7,9.700068170620184e-7,267,267,267,0.35297771056579424
0.0021743521317215773,0.018738745951808602,0.005020366097193735,4.92450912986553e-6,2.8779379596577375e-14,1.0000000000027718,2.724701140266461e-7,9.772191073139971e-7,268,268,268,0.3684093619658773
0.002182465385944419,0.018808037565065786,0.005020518386097166,4.92450912986553e-6,2.867035862569498e-14,1.0000000000027862,2.6328619284754495e-7,9.84457569670981e-7,269,269,269,0.3586986994837928
0.0021905786401672607,0.01887732301246437,0.005020671239900443,4.92450912986553e-6,2.8563282063919136e-14,1.000000000002802,2.160072121171197e-7,9.917221977722701e-7,270,270,270,0.3624849240333982
0.0021986918943901024,0.018946602272727455,0.005020824658568649,4.92450912986553e-6,2.84578134199199e-14,1.0000000000027418,2.637708931274574e-7,9.990129852565865e-7,271,271,271,0.3630883496693127
0.002206805148612944,0.019015875325728352,0.0050209786420673105,4.92450912986553e-6,2.8353994822999512e-14,1.0000000000027567,2.1553829654408219e-7,1.0063299257623907e-6,272,272,272,0.36565369756653743
0.0022149184028357857,0.019085142150138432,0.005021133190361351,4.92450912986553e-6,2.8251855496707437e-14,1.0000000000026947,2.1472685673984415e-7,1.0136730129282006e-6,273,273,273,0.3612269236471342
0.0022230316570586274,0.019154402725376177,0.005021288303415336,4.924509129865528e-6,2.8151448967181515e-14,1.0000000000026323,1.9729309386207206e-7,1.0210422403934813e-6,274,274,274,0.3657023917781274
0.002231144911281469,0.019223657029921497,0.005021443981193911,4.92450912986553e-6,2.8052823170506685e-14,1.000000000002626,2.1531989347067793e-7,1.0284376017963563e-6,275,275,275,0.3673566124778775
0.002239258165504311,0.01929290504355302,0.005021600223661426,4.924509129865528e-6,2.7955996901193754e-14,1.000000000002663,1.9022327002460315e-7,1.0358590907759778e-6,276,276,276,0.3563210592038382
0.0022473714197271525,0.01936214674410398,0.00502175703078229,4.924509129865528e-6,2.7861033200058995e-14,1.0000000000026548,1.9886437030436355e-7,1.0433067009718227e-6,277,277,277,0.36539007805845786
0.002255484673949994,0.019431382111277047,0.005021914402520343,4.92450912986553e-6,2.7767572698634822e-14,1.0000000000026577,1.948282086772224e-7,1.0507804260237873e-6,278,278,278,0.358160311041224
0.002263597928172836,0.01950061112332013,0.005022072338839341,4.924509129865528e-6,2.7675661236432093e-14,1.0000000000026494,1.9225395675448453e-7,1.0582802595723166e-6,279,279,279,0.35634869251721246
0.0022717111823956776,0.019569833759140415,0.005022230839703102,4.92450912986553e-6,2.75857256358958e-14,1.0000000000026432,1.9653353433568554e-7,1.0658061952585572e-6,280,280,280,0.35874255898825425
0.0022798244366185193,0.019639049997057834,0.0050223899050749286,4.92450912986553e-6,2.749780472216603e-14,1.0000000000026368,1.9595953659745646e-7,1.073358226724506e-6,281,281,281,0.3658188588395162
0.002287937690841361,0.019708259817663373,0.005022549534918217,4.92450912986553e-6,2.741197412985654e-14,1.0000000000026807,2.5942354753283325e-7,1.080936347613162e-6,282,282,282,0.36131456780597776
0.0022960509450642027,0.019777463195517913,0.0050227097291960145,4.92450912986553e-6,2.7327436843611676e-14,1.0000000000026492,2.0174489812063712e-7,1.0885405515686281e-6,283,283,283,0.36964556025389217
0.0023041641992870444,0.019846660113501797,0.005022870487871035,4.92450912986553e-6,2.7245048645211845e-14,1.0000000000026603,2.3117142644579758e-7,1.09617083223624e-6,284,284,284,0.36232146944948906
0.002312277453509886,0.019915850546321293,0.005023031810905969,4.92450912986553e-6,2.71649022779482e-14,1.0000000000026172,2.1274802008974802e-7,1.1038271832626289e-6,285,285,285,0.37057310676940086
0.0023203907077327278,0.019985034474952774,0.005023193698263132,4.92450912986553e-6,2.7086181186279334e-14,1.0000000000026106,2.2284078937673257e-7,1.1115095982958175e-6,286,286,286,0.36295285926096954
0.0023285039619555695,0.020054211876558606,0.005023356149904727,4.92450912986553e-6,2.7009749332729505e-14,1.0000000000025964,2.2831379098420257e-7,1.1192180709852627e-6,287,287,287,0.36903635169047583
0.002336617216178411,0.02012338272954978,0.005023519165793132,4.92450912986553e-6,2.693483461545243e-14,1.0000000000025862,2.305331463503535e-7,1.126952594981915e-6,288,288,288,0.3676130028716309
0.002344730470401253,0.02019254701265999,0.005023682745890859,4.92450912986553e-6,2.68623012320356e-14,1.0000000000025744,2.2356471163220704e-7,1.1347131639384076e-6,289,289,289,0.3625977762470118
0.0023528437246240945,0.020261704702819867,0.005023846890163017,4.92450912986553e-6,2.6791447892801265e-14,1.0000000000025282,2.3052191000516586e-7,1.1424997715094583e-6,290,290,290,0.369531459173623
0.0023609569788469362,0.02033085577863375,0.005024011598570883,4.92450912986553e-6,2.6722629204379193e-14,1.0000000000024825,2.2863017345997605e-7,1.150312411351329e-6,291,291,291,0.36627158150325667
0.002369070233069778,0.020400000218240937,0.0050241768710758946,4.92450912986553e-6,2.665598007097438e-14,1.0000000000024372,2.417593449877131e-7,1.1581510771219531e-6,292,292,292,0.35776325261411335
0.0023771834872926196,0.020469137999173433,0.005024342707639186,4.92450912986553e-6,2.659109569311131e-14,1.0000000000024152,2.3453754494084933e-7,1.1660157624809484e-6,293,293,293,0.3535216789510182
0.0023852967415154613,0.02053826909943479,0.005024509108221517,4.92450912986553e-6,2.6528311281831182e-14,1.0000000000023914,2.374517471537274e-7,1.1739064610896258e-6,294,294,294,0.36528935501777576
0.002393409995738303,0.02060739349678063,0.005024676072783933,4.924509129865528e-6,2.646739296687996e-14,1.000000000002366,2.3387939052099682e-7,1.181823166610997e-6,295,295,295,0.3580030041397522
0.0024015232499611447,0.020676511169062783,0.005024843601286481,4.924509129865528e-6,2.640840681755989e-14,1.0000000000023412,2.5295346084419634e-7,1.1897658727097712e-6,296,296,296,0.3650426177106113
0.0024096365041839864,0.0207456220933983,0.00502501169368959,4.92450912986553e-6,2.635223835410141e-14,1.000000000002297,2.3738187771016328e-7,1.1977345730523281e-6,297,297,297,0.36301099598114905
0.002417749758406828,0.020814726248159485,0.005025180349953101,4.92450912986553e-6,2.629809043525974e-14,1.0000000000022689,2.1225303470373547e-7,1.2057292613066339e-6,298,298,298,0.3623773401938541
0.0024258630126296698,0.020883823609909587,0.0050253495700368815,4.924509129865528e-6,2.6245923147997438e-14,1.0000000000022466,2.552951432477357e-7,1.2137499311422525e-6,299,299,299,0.3628934225913928
0.0024339762668525115,0.020952914156863497,0.005025519353900995,4.924509129865528e-6,2.6195899265425998e-14,1.0000000000022031,2.1610153666529186e-7,1.2217965762299616e-6,300,300,300,0.3660822006317112
0.002442089521075353,0.021021997865824867,0.005025689701504494,4.92450912986553e-6,2.6148081056463384e-14,1.0000000000021791,2.603089548358639e-7,1.2298691902421808e-6,301,301,301,0.37107257787889764
0.002450202775298195,0.021091074714852255,0.0050258606128067125,4.924509129865528e-6,2.610192509583671e-14,1.0000000000021327,2.1979911579705913e-7,1.2379677668528728e-6,302,302,302,0.3586350940373539
0.0024583160295210365,0.021160144680508915,0.00502603208776636,4.924509129865528e-6,2.605811822132805e-14,1.000000000002118,2.1866998167752172e-7,1.2460922997375524e-6,303,303,303,0.35842740529419437
0.0024664292837438782,0.02122920774027318,0.005026204126342272,4.92450912986553e-6,2.601659324032723e-14,1.000000000002104,2.242707353161677e-7,1.2542427825731802e-6,304,304,304,0.3652257426925581
0.00247454253796672,0.0212982638712853,0.005026376728493229,4.92450912986553e-6,2.597753757255423e-14,1.000000000002088,2.1923739979001766e-7,1.2624192090383976e-6,305,305,305,0.3600090972063356
0.0024826557921895616,0.021367313050724236,0.005026549894177285,4.924509129865528e-6,2.5940883241104812e-14,1.000000000002117,2.136729904123058e-7,1.270621572813249e-6,306,306,306,0.37080009369123934
0.0024907690464124033,0.02143635525529088,0.005026723623353101,4.924509129865528e-6,2.590631966696805e-14,1.0000000000020965,2.249816475341504e-7,1.2788498675792273e-6,307,307,307,0.36560709859347973
0.002498882300635245,0.021505390462423796,0.005026897915977867,4.92450912986553e-6,2.5874289139095825e-14,1.0000000000021312,2.1638725300476835e-7,1.2871040870192412e-6,308,308,308,0.3690572625361751
0.0025069955548580867,0.021574418648462736,0.005027072772009697,4.924509129865528e-6,2.584433581548413e-14,1.0000000000020788,2.2110098285565982e-7,1.2953842248175546e-6,309,309,309,0.36696663479642105
0.0025151088090809284,0.02164343979068244,0.005027248191405707,4.92450912986553e-6,2.5816729927251228e-14,1.0000000000020632,1.8081960284632714e-7,1.3036902746597374e-6,310,310,310,0.36164742628134033
0.00252322206330377,0.021712453865445364,0.005027424174126108,4.92450912986553e-6,2.5791508513427024e-14,1.0000000000020426,2.208837219797033e-7,1.3120222302331889e-6,311,311,311,0.36911596975728767
0.002531335317526612,0.021781460849453902,0.005027600720129134,4.92450912986553e-6,2.576910924519363e-14,1.0000000000019915,1.8552290725892817e-7,1.3203800852003972e-6,312,312,312,0.3663623301892686
0.0025394485717494535,0.021850460719426805,0.005027777829371611,4.924509129865528e-6,2.5749068415930665e-14,1.000000000002003,1.850696698113552e-7,1.3287638332771647e-6,313,313,313,0.36026098913471544
0.002547561825972295,0.021919453451977513,0.005027955501810454,4.924509129865528e-6,2.5731149943951164e-14,1.0000000000020168,1.898854193882471e-7,1.3371734681544865e-6,314,314,314,0.36201790460263505
0.002555675080195137,0.021988439023499153,0.005028133737401257,4.92450912986553e-6,2.571627828184439e-14,1.0000000000020166,1.9014221308566448e-7,1.3456089835243824e-6,315,315,315,0.3643024274213112
0.0025637883344179786,0.0220574174105117,0.005028312536100932,4.924509129865528e-6,2.570349330483181e-14,1.0000000000020248,1.9380281912617647e-7,1.3540703730797008e-6,316,316,316,0.3656670750285244
0.0025719015886408202,0.022126388589281978,0.005028491897864954,4.92450912986553e-6,2.5693382732757104e-14,1.00000000000204,1.9397370465412678e-7,1.362557630514059e-6,317,317,317,0.36946078510630415
0.002580014842863662,0.022195352536196204,0.005028671822649204,4.92450912986553e-6,2.5685725223243618e-14,1.0000000000020521,1.9808050666370036e-7,1.3710707495217837e-6,318,318,318,0.37145793666103766
0.0025881280970865036,0.02226430922740946,0.005028852310409215,4.92450912986553e-6,2.5680909692749694e-14,1.0000000000020686,1.96724958101413e-7,1.3796097237977559e-6,319,319,319,0.3634252064453423
0.0025962413513093453,0.022333258639114516,0.005029033361099816,4.924509129865528e-6,2.567851263729492e-14,1.0000000000020839,2.2902831986471028e-7,1.3881745470372758e-6,320,320,320,0.3677829720085921
0.002604354605532187,0.02240220074742573,0.0050292149746764036,4.924509129865528e-6,2.567912497605201e-14,1.0000000000020755,2.012446707055915e-7,1.3967652129359158e-6,321,321,321,0.3711028107540389
0.0026124678597550287,0.02247113552840956,0.005029397151093886,4.924509129865528e-6,2.568232069357377e-14,1.0000000000020919,2.3183982733598896e-7,1.4053817151893972e-6,322,322,322,0.37054020010974564
0.0026205811139778704,0.022540062958078515,0.005029579890306358,4.924509129865528e-6,2.5688431100906203e-14,1.000000000002083,2.3149670980160408e-7,1.4140240474934848e-6,323,323,323,0.3619678143275262
0.002628694368200712,0.022608983012372772,0.005029763192268354,4.92450912986553e-6,2.5697032809064975e-14,1.000000000002089,2.1292233753911205e-7,1.4226922035438804e-6,324,324,324,0.36550405679749526
0.002636807622423554,0.022677895667259196,0.005029947056933748,4.92450912986553e-6,2.570874401517626e-14,1.000000000002109,2.3329860354692755e-7,1.4313861770361144e-6,325,325,325,0.3693562157412309
0.0026449208766463955,0.022746800898449028,0.0050301314842566575,4.92450912986553e-6,2.5723412018885104e-14,1.000000000002142,2.102969638428931e-7,1.4401059616457164e-6,326,326,326,0.3686147123211675
0.002653034130869237,0.022815698681856973,0.005030316474190612,4.92450912986553e-6,2.5740575211657032e-14,1.0000000000021634,2.0825999769158443e-7,1.4488515510871067e-6,327,327,327,0.3610387203054654
0.002661147385092079,0.022884588993146444,0.00503050202668908,4.924509129865528e-6,2.5760904669649896e-14,1.0000000000021843,1.9484795998891968e-7,1.4576229390546342e-6,328,328,328,0.370217335227509
0.0026692606393149206,0.02295347180809444,0.005030688141704709,4.92450912986553e-6,2.5783929409687017e-14,1.000000000002203,2.077956082757737e-7,1.4664201192423212e-6,329,329,329,0.3672886444446848
0.0026773738935377623,0.02302234710204607,0.005030874819194436,4.92450912986553e-6,2.5810322328243538e-14,1.0000000000022247,1.96217500914031e-7,1.475243085344514e-6,330,330,330,0.3684821516703734
0.002685487147760604,0.02309121485094932,0.005031062059110786,4.92450912986553e-6,2.583960626436273e-14,1.0000000000022327,1.9512889926076582e-7,1.4840918310549695e-6,331,331,331,0.36952792298168335
0.0026936004019834456,0.02316007502975809,0.005031249861406111,4.92450912986553e-6,2.5872460293726722e-14,1.0000000000022535,2.0636824515918306e-7,1.49296635006697e-6,332,332,332,0.3611931822002493
0.0027017136562062873,0.02322892761426823,0.005031438226032874,4.924509129865528e-6,2.5908404848689694e-14,1.0000000000022526,2.027215177946573e-7,1.5018666360733114e-6,333,333,333,0.35741375728941366
0.002709826910429129,0.02329777257962293,0.005031627152942591,4.92450912986553e-6,2.5947553772430988e-14,1.000000000002251,2.0861890526191473e-7,1.5107926827662943e-6,334,334,334,0.3657211205355267
0.0027179401646519707,0.023366609901042133,0.00503181664208743,4.92450912986553e-6,2.5989706448670762e-14,1.000000000002251,2.0842078640725958e-7,1.519744483837724e-6,335,335,335,0.36078575734016827
0.0027260534188748124,0.02343543955360834,0.005032006693418453,4.92450912986553e-6,2.603528034748543e-14,1.0000000000022504,2.0985859805477958e-7,1.5287220329788124e-6,336,336,336,0.3566887640303319
0.002734166673097654,0.023504261512537237,0.005032197306886848,4.924509129865528e-6,2.6083865093441362e-14,1.000000000002251,2.133592076347668e-7,1.5377253238801665e-6,337,337,337,0.368176582911851
0.002742279927320496,0.02357307575257632,0.00503238848244384,4.924509129865528e-6,2.6136107500884698e-14,1.0000000000022504,2.1201670463710798e-7,1.5467543502316685e-6,338,338,338,0.3601914524671268
0.0027503931815433375,0.02364188224876791,0.005032580220039758,4.924509129865528e-6,2.6191776956780004e-14,1.0000000000022524,2.1124326821109207e-7,1.55580910572235e-6,339,339,339,0.3544144506138608
0.002758506435766179,0.023710680975837835,0.0050327725196252105,4.92450912986553e-6,2.625078889115054e-14,1.0000000000022546,2.180404923279866e-7,1.5648895840402613e-6,340,340,340,0.36912227256534486
0.002766619689989021,0.02377947190845701,0.0050329653811505065,4.92450912986553e-6,2.6313450062443706e-14,1.0000000000022566,2.1196571253767615e-7,1.5739957788723557e-6,341,341,341,0.35780875795930156
0.0027747329442118626,0.02384825502108031,0.0050331588045653,4.92450912986553e-6,2.637910135278983e-14,1.0000000000022728,2.1923186643846293e-7,1.58312768390434e-6,342,342,342,0.3664372312211888
0.0027828461984347043,0.023917030288622736,0.00503335278981962,4.924509129865528e-6,2.6448636656342427e-14,1.000000000002263,2.1865030852552536e-7,1.592285292820573e-6,343,343,343,0.3688590925803541
0.002790959452657546,0.023985797685075857,0.005033547336862836,4.92450912986553e-6,2.6521411159873162e-14,1.0000000000022822,2.2001271915428333e-7,1.601468599304093e-6,344,344,344,0.36765958049176406
0.0027990727068803877,0.024054557185248994,0.005033742445646309,4.92450912986553e-6,2.659828921738405e-14,1.0000000000022733,2.2044145175925678e-7,1.6106775970372513e-6,345,345,345,0.3719956081439238
0.0028071859611032294,0.024123308763005346,0.005033938116119678,4.92450912986553e-6,2.6678642308942383e-14,1.000000000002256,2.0498686659209397e-7,1.6199122796978602e-6,346,346,346,0.3666122793820462
0.002815299215326071,0.024192052392764507,0.005034134348231675,4.92450912986553e-6,2.6762799010000442e-14,1.0000000000022535,2.0265220612714074e-7,1.6291726409674523e-6,347,347,347,0.36722193648070917
0.0028234124695489127,0.02426078804845731,0.005034331141930567,4.92450912986553e-6,2.685069003862222e-14,1.0000000000022504,1.8350817398982144e-7,1.6384586745226203e-6,348,348,348,0.37217071542701496
0.0028315257237717544,0.024329515704047035,0.005034528497164672,4.92450912986553e-6,2.694218536504853e-14,1.000000000002255,2.029632408806492e-7,1.64777037403753e-6,349,349,349,0.3707467014875648
0.002839638977994596,0.02439823533337053,0.005034726413881765,4.924509129865528e-6,2.7037682459686098e-14,1.000000000002255,1.9469375089897767e-7,1.6571077331836454e-6,350,350,350,0.3648529534136892
0.002847752232217438,0.024466946910119927,0.005034924892029106,4.92450912986553e-6,2.7136882213071146e-14,1.0000000000022724,1.9545480967053663e-7,1.6664707456294176e-6,351,351,351,0.3672771064532946
0.0028558654864402795,0.024535650407988017,0.005035123931554562,4.92450912986553e-6,2.723992453356812e-14,1.0000000000023004,2.1725913246228856e-7,1.6758594050399464e-6,352,352,352,0.35486174322784486
0.002863978740663121,0.024604345800505675,0.005035323532405098,4.92450912986553e-6,2.7346934806501446e-14,1.000000000002318,2.1759346502392418e-7,1.6852737050766355e-6,353,353,353,0.3571611053079304
0.002872091994885963,0.02467303306114222,0.00503552369452742,4.92450912986553e-6,2.7458040026690427e-14,1.0000000000023368,2.1885941947630272e-7,1.6947136393968376e-6,354,354,354,0.3584153753913611
0.0028802052491088046,0.0247417121632637,0.005035724417868013,4.92450912986553e-6,2.7573371940937152e-14,1.000000000002356,2.2115981224146708e-7,1.7041792016534876e-6,355,355,355,0.3612801748824263
0.0028883185033316463,0.0248103830801438,0.00503592570237479,4.92450912986553e-6,2.769238446835356e-14,1.0000000000023812,2.233543128227211e-7,1.7136703854951738e-6,356,356,356,0.366680338985469
0.002896431757554488,0.024879045784962323,0.005036127547994534,4.92450912986553e-6,2.781545755946524e-14,1.0000000000024065,2.2270619748354648e-7,1.7231871845653936e-6,357,357,357,0.36459447701417613
0.0029045450117773297,0.024947700250799343,0.005036329954672833,4.92450912986553e-6,2.7942602992149657e-14,1.0000000000024343,2.12908268792944e-7,1.73272959250199e-6,358,358,358,0.3656875712581393
0.0029126582660001714,0.025016346450603005,0.005036532922355206,4.92450912986553e-6,2.8074065287920985e-14,1.0000000000024574,2.2537234301012177e-7,1.7422976029366992e-6,359,359,359,0.36933452696448854
0.002920771520223013,0.025084984357238944,0.0050367364509868555,4.924509129865528e-6,2.820980834010553e-14,1.0000000000024893,2.1485240786489612e-7,1.7518912094947213e-6,360,360,360,0.3689201491281869
0.0029288847744458548,0.02515361394342752,0.005036940540512534,4.92450912986553e-6,2.8349574198072205e-14,1.0000000000025115,2.1472092193164372e-7,1.7615104057944268e-6,361,361,361,0.3701521937253613
0.0029369980286686964,0.02522223518173878,0.005037145190877254,4.924509129865528e-6,2.8493450571598695e-14,1.0000000000025333,2.092933826247645e-7,1.771155185447334e-6,362,362,362,0.3669876769172307
0.002945111282891538,0.02529084804493533,0.005037350402026016,4.924509129865528e-6,2.8642224824370256e-14,1.0000000000025377,2.0879766271519884e-7,1.7808255420586613e-6,363,363,363,0.36959112559213586
0.00295322453711438,0.025359452505483004,0.0050375561739034935,4.92450912986553e-6,2.879540716801208e-14,1.000000000002541,2.0481545348616237e-7,1.7905214692296953e-6,364,364,364,0.35887529613511127
0.0029613377913372215,0.02542804853602309,0.005037762506453398,4.92450912986553e-6,2.895319945424507e-14,1.000000000002533,2.0422765700800483e-7,1.80024296055051e-6,365,365,365,0.35877865451606616
0.0029694510455600632,0.025496636109019484,0.005037969399619139,4.92450912986553e-6,2.911515235293721e-14,1.000000000002534,2.071311335782866e-7,1.809990009606652e-6,366,366,366,0.3598344241587094
0.002977564299782905,0.025565215196933187,0.005038176853343881,4.924509129865528e-6,2.9281490407764385e-14,1.0000000000025349,2.0719819104897397e-7,1.8197626099759985e-6,367,367,367,0.3590434753160638
0.0029856775540057466,0.025633785772168287,0.005038384867570899,4.92450912986553e-6,2.9452890097652404e-14,1.0000000000025346,2.1032597885550786e-7,1.8295607552281715e-6,368,368,368,0.36825506052834595
0.0029937908082285883,0.025702347807063684,0.005038593442242807,4.92450912986553e-6,2.9628435387956076e-14,1.0000000000025344,2.0897621411108958e-7,1.8393844389242152e-6,369,369,369,0.36115419454942765
0.00300190406245143,0.025770901273744783,0.0050388025773017864,4.92450912986553e-6,2.980887583049213e-14,1.0000000000025377,1.7602103685732118e-7,1.8492336546163917e-6,370,370,370,0.37077644290225353
0.0030100173166742717,0.02583944614476838,0.005039012272690525,4.924509129865528e-6,2.999383233803147e-14,1.0000000000025298,2.090566830759144e-7,1.8591083958479198e-6,371,371,371,0.36425417483746575
0.0030181305708971134,0.025907982391662046,0.005039222528350075,4.92450912986553e-6,3.018403618848644e-14,1.000000000002527,1.7879397407050135e-7,1.8690086561526577e-6,372,372,372,0.3722894068270309
0.003026243825119955,0.025976509986915947,0.005039433344222775,4.92450912986553e-6,3.037909766428685e-14,1.0000000000025233,2.12863572102151e-7,1.8789344290547422e-6,373,373,373,0.3692318319780874
0.0030343570793427968,0.026045028901769414,0.005039644720249379,4.924509129865528e-6,3.0503642378661196e-14,1.0000000000025195,1.8521645950286825e-7,1.8888857080682864e-6,374,374,374,0.3711932275840916
0.0030424703335656385,0.026113539108649112,0.005039856656371038,4.92450912986553e-6,3.033335148231263e-14,1.0000000000024893,1.821031547777352e-7,1.898862486697078e-6,375,375,375,0.37197805465451034
0.00305058358778848,0.02618204057865988,0.0050400691525287694,4.92450912986553e-6,3.016679558956901e-14,1.0000000000024867,1.9063999556756528e-7,1.9088647584343618e-6,376,376,376,0.3673211161051638
0.003058696842011322,0.02625053328383987,0.00504028220866234,4.92450912986553e-6,3.0005160681241954e-14,1.0000000000024758,1.8778492094639887e-7,1.918892516762587e-6,377,377,377,0.3653873497293382
0.0030668100962341635,0.02631901719553009,0.005040495824724947,4.92450912986553e-6,2.984745290321592e-14,1.000000000002464,1.9044507082455198e-7,1.9289457551571546e-6,378,378,378,0.3724924734601589
0.0030749233504570052,0.026387492285193808,0.005040710000664672,4.92450912986553e-6,2.9693753961562194e-14,1.0000000000024523,1.8904117449203284e-7,1.9390244670844724e-6,379,379,379,0.36949248601999307
0.003083036604679847,0.026455958523359413,0.005040924736420998,4.92450912986553e-6,2.954419380707646e-14,1.0000000000024458,1.9347012347736836e-7,1.949128645999456e-6,380,380,380,0.37190153221895644
0.0030911498589026886,0.026524415882114252,0.005041140031933342,4.92450912986553e-6,2.939884041858821e-14,1.000000000002434,2.2594384319063465e-7,1.959258285345606e-6,381,381,381,0.37204301223439096
0.0030992631131255303,0.026592864333298497,0.005041355887140888,4.92450912986553e-6,2.9257268925380485e-14,1.0000000000024056,2.2574263525143579e-7,1.96941337855481e-6,382,382,382,0.36203052588657836
0.003107376367348372,0.026661303847977366,0.005041572301982439,4.92450912986553e-6,2.9120159652406115e-14,1.0000000000023654,2.2625725648595107e-7,1.9795939190471303e-6,383,383,383,0.3644212743847461
0.0031154896215712137,0.026729734396908886,0.005041789276396192,4.92450912986553e-6,2.898697861211848e-14,1.0000000000023397,2.234681559798446e-7,1.989799900230611e-6,384,384,384,0.3649847014241249
0.0031236028757940554,0.026798155951175656,0.005042006810320359,4.92450912986553e-6,2.885789150983723e-14,1.0000000000023137,2.2229077600854907e-7,2.0000313155012623e-6,385,385,385,0.3697504830514557
0.003131716130016897,0.02686656848179233,0.005042224903692965,4.92450912986553e-6,2.8733534485148613e-14,1.000000000002287,2.1920465442804016e-7,2.0102881582429e-6,386,386,386,0.3719104828138867
0.0031398293842397388,0.0269349719595033,0.005042443556451541,4.92450912986553e-6,2.861287496390011e-14,1.00000000000226,2.1197802668737609e-7,2.0205704218270425e-6,387,387,387,0.3668266726978247
0.0031479426384625805,0.027003366355567632,0.0050426627685333765,4.92450912986553e-6,2.8496646926540865e-14,1.0000000000022076,2.088333865835068e-7,2.0308780996126972e-6,388,388,388,0.3725527380070548
0.003156055892685422,0.027071751640383956,0.005042882539875242,4.924509129865531e-6,2.8384862229171464e-14,1.0000000000021552,2.0981063020286683e-7,2.041211184945954e-6,389,389,389,0.3674127221937611
0.003164169146908264,0.027140127784681865,0.00504310287041367,4.92450912986553e-6,2.8277102930063752e-14,1.0000000000020945,2.2032472468680453e-7,2.0515696711596913e-6,390,390,390,0.3670563255600075
0.0031722824011311056,0.027208494760015967,0.005043323760085602,4.92450912986553e-6,2.8173392837036965e-14,1.0000000000020512,2.1672128802663337e-7,2.061953551573521e-6,391,391,391,0.3716584466752206
0.0031803956553539472,0.027276852535654286,0.005043545208826768,4.92450912986553e-6,2.8073955729829262e-14,1.0000000000020035,2.2031878810224725e-7,2.0723628194937573e-6,392,392,392,0.3710685405673356
0.003188508909576789,0.027345201082642642,0.005043767216572584,4.924509129865528e-6,2.7978796124809344e-14,1.0000000000019569,2.1757171353442573e-7,2.0827974682133328e-6,393,393,393,0.36706318032956553
0.0031966221637996306,0.027413540371561913,0.005043989783258946,4.92450912986553e-6,2.788814922660311e-14,1.0000000000019602,2.1331769151089475e-7,2.093257491011627e-6,394,394,394,0.3658870284184768
0.0032047354180224723,0.027481870372194576,0.005044212908820673,4.92450912986553e-6,2.7801510309800525e-14,1.0000000000020175,2.0206914452813862e-7,2.103742881154313e-6,395,395,395,0.37210097136088854
0.003212848672245314,0.02755019105581471,0.005044436593192761,4.92450912986553e-6,2.7719637905075263e-14,1.0000000000020528,2.1342563805148984e-7,2.114253631893186e-6,396,396,396,0.37016652968190494
0.0032209619264681557,0.027618502390996,0.005044660836309271,4.92450912986553e-6,2.7641370603724858e-14,1.0000000000021139,2.0460843952463392e-7,2.1247897364659744e-6,397,397,397,0.3597609150254683
0.0032290751806909974,0.027686804349177297,0.005044885638105066,4.92450912986553e-6,2.7567985242476732e-14,1.0000000000020905,2.0598204208965853e-7,2.135351188096393e-6,398,398,398,0.35978519676056525
0.003237188434913839,0.027755096899828833,0.005045110998513736,4.924509129865531e-6,2.7498457598458322e-14,1.000000000002074,2.0885618390309446e-7,2.1459379799938846e-6,399,399,399,0.3649418198860531
0.003245301689136681,0.027823380012833448,0.005045336917468695,4.92450912986553e-6,2.743407430321522e-14,1.0000000000020597,2.0572578041111456e-7,2.156550105353058e-6,400,400,400,0.3643372559118667
0.0032534149433595225,0.027891653657984024,0.005045563394903448,4.92450912986553e-6,2.7373818775339212e-14,1.000000000002086,2.0676489853599378e-7,2.16718755735425e-6,401,401,401,0.36694021311290265
0.003261528197582364,0.027959917804821335,0.005045790430750515,4.92450912986553e-6,2.73178429892802e-14,1.0000000000021338,2.0744885809165226e-7,2.1778503291625724e-6,402,402,402,0.360886038778029
0.003269641451805206,0.028028172423420986,0.00504601802494309,4.92450912986553e-6,2.726610742120565e-14,1.0000000000021065,2.1131909555549555e-7,2.188538413927918e-6,403,403,403,0.3709565678999022
0.0032777547060280476,0.02809641748266612,0.005046246177413146,4.92450912986553e-6,2.721895989864506e-14,1.0000000000021558,2.0849481341400633e-7,2.199251804784696e-6,404,404,404,0.36279744389611895
0.0032858679602508893,0.028164652952444698,0.005046474888092534,4.92450912986553e-6,2.7176560415267224e-14,1.0000000000021283,2.0962678792812994e-7,2.20999049485156e-6,405,405,405,0.36553718075297886
0.003293981214473731,0.028232878801921348,0.005046704156913052,4.92450912986553e-6,2.7138838586808863e-14,1.0000000000021443,2.085973447307765e-7,2.22075447723112e-6,406,406,406,0.3652819102429459
0.0033020944686965726,0.02830109500017394,0.0050469339838059854,4.92450912986553e-6,2.7105241277269297e-14,1.0000000000021951,2.4824814737200995e-7,2.2315437450096353e-6,407,407,407,0.37271308944007575
0.0033102077229194143,0.028369301516776753,0.005047164368702143,4.92450912986553e-6,2.707688532333509e-14,1.0000000000021687,2.083093644245082e-7,2.2423582912566916e-6,408,408,408,0.36609374339351597
0.003318320977142256,0.028437498320030067,0.005047395311532535,4.92450912986553e-6,2.7052977831686264e-14,1.0000000000022216,2.2688827172601123e-7,2.2531981090248576e-6,409,409,409,0.36837637835528997
0.0033264342313650977,0.028505685379885876,0.0050476268122277845,4.92450912986553e-6,2.703398809893243e-14,1.0000000000022342,2.1446832665361626e-7,2.2640631913493033e-6,410,410,410,0.3725369020338022
0.0033345474855879394,0.028573862664031457,0.0050478588707175325,4.92450912986553e-6,2.7019777822529293e-14,1.0000000000022826,2.276461881223213e-7,2.274953531247412e-6,411,411,411,0.3707219946072896
0.003342660739810781,0.028642030142097562,0.005048091486931659,4.92450912986553e-6,2.7010129356786864e-14,1.0000000000022906,2.269170211732785e-7,2.2858691217183217e-6,412,412,412,0.3707324206605812
0.003350773994033623,0.028710187782511557,0.005048324660799297,4.924509129865528e-6,2.700597665883417e-14,1.000000000002297,2.2866391802267572e-7,2.296809955742438e-6,413,413,413,0.3726781646822936
0.0033588872482564645,0.02877833555379126,0.0050485583922498896,4.92450912986553e-6,2.700683286996833e-14,1.0000000000023104,2.2863723714294792e-7,2.307776026281289e-6,414,414,414,0.3629742996892166
0.003367000502479306,0.028846473424639644,0.00504879268121201,4.92450912986553e-6,2.7012799036534844e-14,1.0000000000022584,2.2847743963438916e-7,2.3187673262759388e-6,415,415,415,0.36370120680680595
0.003375113756702148,0.028914601363257113,0.005049027527614027,4.92450912986553e-6,2.702304816010818e-14,1.000000000002222,2.346679153220066e-7,2.329783848647682e-6,416,416,416,0.37175616822152957
0.0033832270109249896,0.028982719337921785,0.005049262931384178,4.92450912986553e-6,2.7038537374377996e-14,1.0000000000021905,2.3089524425756736e-7,2.3408255862914924e-6,417,417,417,0.3684848382788224
0.0033913402651478313,0.02905082731691563,0.005049498892450229,4.92450912986553e-6,2.7059793620017875e-14,1.0000000000022187,2.364144959798864e-7,2.3518925320924557e-6,418,418,418,0.37305029238433624
0.003399453519370673,0.029118925268229026,0.005049735410739386,4.92450912986553e-6,2.7085920278396985e-14,1.0000000000022626,2.002956245306109e-7,2.36298467890785e-6,419,419,419,0.3704838656095489
0.0034075667735935147,0.02918701316008151,0.005049972486179101,4.92450912986553e-6,2.7117885857656986e-14,1.000000000002233,2.024405976186472e-7,2.374102019572618e-6,420,420,420,0.3706452684317723
0.0034156800278163564,0.029255090959778463,0.005050210118695797,4.92450912986553e-6,2.7155121621801073e-14,1.0000000000022409,2.097798308398069e-7,2.3852445468995575e-6,421,421,421,0.37221997032836635
0.003423793282039198,0.029323158636134813,0.005050448308216001,4.92450912986553e-6,2.7197182955448083e-14,1.0000000000022007,2.093441402450935e-7,2.3964122536792496e-6,422,422,422,0.37288880627868304
0.0034319065362620397,0.02939121615643411,0.005050687054665971,4.92450912986553e-6,2.7244982350814915e-14,1.000000000002163,2.4582375601767126e-7,2.407605132679752e-6,423,423,423,0.3684826202444436
0.0034400197904848814,0.029459263488578687,0.005050926357971375,4.92450912986553e-6,2.729833268495053e-14,1.0000000000021432,2.4509162699359877e-7,2.4188231766464588e-6,424,424,424,0.36647962660471833
0.003448133044707723,0.02952730060021589,0.005051166218057644,4.92450912986553e-6,2.7357575212616086e-14,1.0000000000021259,2.496629676329576e-7,2.430066378301768e-6,425,425,425,0.37148327437064593
0.003456246298930565,0.02959532745899684,0.005051406634849824,4.924509129865528e-6,2.7422519897243403e-14,1.0000000000021096,2.490024328949403e-7,2.441334730344915e-6,426,426,426,0.36865666250998713
0.0034643595531534065,0.02966334403245489,0.005051647608272793,4.92450912986553e-6,2.7493637929982608e-14,1.0000000000021085,2.1059820909385962e-7,2.4526282254517293e-6,427,427,427,0.3650129034137711
0.003472472807376248,0.029731350288266362,0.005051889138250792,4.92450912986553e-6,2.75701472567126e-14,1.0000000000021134,2.514383794505193e-7,2.4639468562743522e-6,428,428,428,0.3706198617161207
0.00348058606159909,0.02979934619366423,0.005052131224708388,4.92450912986553e-6,2.7653049492551494e-14,1.0000000000021154,2.1466102850808966e-7,2.475290615440921e-6,429,429,429,0.36608760514998395
0.0034886993158219316,0.02986733171617399,0.005052373867568442,4.92450912986553e-6,2.774134004963969e-14,1.0000000000021407,2.1138158246003513e-7,2.4866594955552305e-6,430,430,430,0.3623607415239519
0.0034968125700447733,0.02993530682303117,0.005052617066755011,4.924509129865531e-6,2.7835743800806775e-14,1.0000000000021643,2.1982440401302483e-7,2.498053489196415e-6,431,431,431,0.36662570349473805
0.003504925824267615,0.030003271481440674,0.005052860822191057,4.92450912986553e-6,2.7936012462256168e-14,1.000000000002187,2.131418810336072e-7,2.5094725889185568e-6,432,432,432,0.36257312987008977
0.0035130390784904567,0.030071225658525796,0.005053105133799168,4.924509129865528e-6,2.8042878826936207e-14,1.000000000002208,2.2509469133069615e-7,2.5209167872504552e-6,433,433,433,0.3716146874470888
0.0035211523327132984,0.030139169321328336,0.005053350001501838,4.92450912986553e-6,2.8155880813364932e-14,1.0000000000022315,2.1313348241847052e-7,2.5323860766953573e-6,434,434,434,0.36361018011266566
0.00352926558693614,0.030207102436956474,0.005053595425221228,4.92450912986553e-6,2.8275435411521672e-14,1.0000000000022609,2.6634751648657584e-7,2.543880449773247e-6,435,435,435,0.3647987290733363
0.0035373788411589818,0.030275024972226176,0.005053841404878654,4.92450912986553e-6,2.8401240807453967e-14,1.0000000000022595,2.164559376183206e-7,2.5553998988926677e-6,436,436,436,0.3645955793195282
0.0035454920953818234,0.03034293689381067,0.0050540879403954825,4.92450912986553e-6,2.853318734622546e-14,1.000000000002293,2.6937545527516704e-7,2.5669444164790523e-6,437,437,437,0.36794025434861416
0.003553605349604665,0.03041083816860496,0.0050543350316933225,4.924509129865528e-6,2.867239764204583e-14,1.0000000000022997,2.2155480294827612e-7,2.5785139949316017e-6,438,438,438,0.36648685833214273
0.003561718603827507,0.0304787287631292,0.005054582678692103,4.92450912986553e-6,2.881766042495424e-14,1.0000000000023337,2.708707214083006e-7,2.5901086266230873e-6,439,439,439,0.36654593582237893
0.0035698318580503485,0.030546608644096935,0.005054830881312605,4.92450912986553e-6,2.8969250634428153e-14,1.0000000000023421,2.2543917665984736e-7,2.601728303899556e-6,440,440,440,0.36809774148846464
0.0035779451122731902,0.030614477777816833,0.005055079639474321,4.92450912986553e-6,2.9127450689650416e-14,1.0000000000023765,2.694434186878425e-7,2.613373019079982e-6,441,441,441,0.36602136376956257
0.003586058366496032,0.03068233613074502,0.005055328953097326,4.92450912986553e-6,2.929250813618057e-14,1.0000000000023859,2.2982892744494166e-7,2.6250427644560116e-6,442,442,442,0.36960911559270404
0.0035941716207188736,0.030750183668904103,0.005055578822100758,4.92450912986553e-6,2.9464673262223416e-14,1.000000000002422,2.679744852684962e-7,2.636737532291892e-6,443,443,443,0.36131160997399325
0.0036022848749417153,0.0308180203584651,0.005055829246403257,4.92450912986553e-6,2.9642886694695335e-14,1.0000000000024305,2.3104746560420608e-7,2.6484573148303545e-6,444,444,444,0.3685180595856866
0.003610398129164557,0.030885846165162437,0.005056080225923819,4.92450912986553e-6,2.982817440309848e-14,1.0000000000024678,2.3670708060308243e-7,2.660202104274885e-6,445,445,445,0.37124264966101056
0.0036185113833873987,0.03095366105477425,0.005056331760580376,4.924509129865531e-6,3.002062044217089e-14,1.000000000002505,2.3644717117576874e-7,2.6719718928067405e-6,446,446,446,0.3707163677295692
0.0036266246376102404,0.03102146499298338,0.00505658385029089,4.92450912986553e-6,3.022004955160237e-14,1.0000000000025395,2.7029108906617694e-7,2.6837666725783484e-6,447,447,447,0.3613072940354751
0.003634737891833082,0.03108925794561146,0.005056836494972806,4.92450912986553e-6,3.042658058997099e-14,1.0000000000025497,2.3770316914806244e-7,2.695586435712844e-6,448,448,448,0.372326496110469
0.0036428511460559238,0.03115703987822012,0.005057089694543389,4.92450912986553e-6,3.0640578549161246e-14,1.0000000000025802,2.7078620234988193e-7,2.70743117430407e-6,449,449,449,0.3633459666851678
0.0036509644002787655,0.031224810756546793,0.005057343448919247,4.92450912986553e-6,3.086164488348549e-14,1.0000000000025955,2.4013101906916745e-7,2.719300880416589e-6,450,450,450,0.37117586375576783
0.003659077654501607,0.031292570545913265,0.0050575977580172285,4.92450912986553e-6,3.109006959321738e-14,1.0000000000026217,2.7582808925785685e-7,2.7311955460783797e-6,451,451,451,0.364365527293488
0.003667190908724449,0.03136031921184553,0.00505785262175291,4.92450912986553e-6,3.132619432418758e-14,1.0000000000026417,2.4351544780643053e-7,2.743115163301225e-6,452,452,452,0.37126847929916207
0.0036753041629472905,0.03142805671947433,0.005058108040042545,4.92450912986553e-6,3.1569653504014224e-14,1.0000000000026639,2.781174401889075e-7,2.755059724059354e-6,453,453,453,0.36502219940788017
0.0036834174171701322,0.03149578303408285,0.005058364012801425,4.92450912986553e-6,3.182077873226077e-14,1.0000000000026892,2.4379502860938373e-7,2.7670292202956933e-6,454,454,454,0.37116679924721224
0.003691530671392974,0.031563498120614236,0.005058620539944041,4.92450912986553e-6,3.198870787940185e-14,1.000000000002706,2.799968648048434e-7,2.7790236439212753e-6,455,455,455,0.36418814351681345
0.0036996439256158156,0.031631201944141915,0.005058877621385801,4.92450912986553e-6,3.1766518181142105e-14,1.000000000002737,2.4517204977314577e-7,2.7910429868145085e-6,456,456,456,0.37120430324355963
0.0037077571798386573,0.03169889446931672,0.005059135257040329,4.92450912986553e-6,3.155137369949181e-14,1.0000000000027487,2.7863079665735313e-7,2.803087240820048e-6,457,457,457,0.36439883229258957
0.003715870434061499,0.031766575660866284,0.005059393446822222,4.92450912986553e-6,3.134275885744145e-14,1.000000000002785,2.465286819131052e-7,2.815156397747946e-6,458,458,458,0.37363438401416976
0.0037239836882843407,0.03183424548341739,0.005059652190644569,4.92450912986553e-6,3.114084870286408e-14,1.0000000000027907,2.797082352401503e-7,2.827250449375514e-6,459,459,459,0.3668302235849948
0.0037320969425071824,0.03190190390202243,0.005059911488420798,4.92450912986553e-6,3.0945218840715704e-14,1.0000000000028333,2.7314584372106765e-7,2.839369387448707e-6,460,460,460,0.3625091058663188
0.003740210196730024,0.03196955088159049,0.005060171340064116,4.92450912986553e-6,3.075668217455699e-14,1.000000000002888,2.826878784389919e-7,2.8515132036806603e-6,461,461,461,0.37160845932333986
0.0037483234509528658,0.03203718638691048,0.005060431745486585,4.924509129865531e-6,3.0574756474956646e-14,1.000000000002944,2.7290603199503494e-7,2.863681889750849e-6,462,462,462,0.36653899196369205
0.0037564367051757075,0.03210481038262213,0.0050606927046003185,4.92450912986553e-6,3.040027603843276e-14,1.000000000002998,2.826130724997711e-7,2.875875437304935e-6,463,463,463,0.3733943087719764
0.003764549959398549,0.03217242283324142,0.005060954217317412,4.92450912986553e-6,3.023201898507514e-14,1.0000000000030502,2.752497287872302e-7,2.8880938379546196e-6,464,464,464,0.3690821701191417
0.003772663213621391,0.03224002370317057,0.005061216283549088,4.92450912986553e-6,3.0070930645512744e-14,1.0000000000031006,2.3121088332800355e-7,2.900337083277435e-6,465,465,465,0.36259907019699483
0.0037807764678442326,0.03230761295677309,0.005061478903206556,4.92450912986553e-6,2.991644946035083e-14,1.0000000000030538,2.722256127185574e-7,2.9126051648164927e-6,466,466,466,0.3727497420291947
0.0037888897220670742,0.03237519055824822,0.005061742076200518,4.92450912986553e-6,2.976867616872872e-14,1.0000000000031097,2.3549528904709405e-7,2.9248980740801655e-6,467,467,467,0.3682528684074732
0.003797002976289916,0.03244275647180029,0.005062005802441445,4.92450912986553e-6,2.962726956528797e-14,1.000000000003064,2.2187913728544117e-7,2.9372158025416902e-6,468,468,468,0.3604227130961335
0.0038051162305127576,0.032510310661503124,0.005062270081838996,4.92450912986553e-6,2.949296362359472e-14,1.000000000003024,2.3783774949492908e-7,2.949558341638625e-6,469,469,469,0.37241602688997094
0.0038132294847355993,0.03257785309134453,0.005062534914302997,4.92450912986553e-6,2.9365311182419664e-14,1.0000000000030536,2.2697023105422431e-7,2.9619256827721922e-6,470,470,470,0.3635808222973441
0.003821342738958441,0.03264538372520225,0.005062800299742426,4.924509129865531e-6,2.92445174169563e-14,1.0000000000031106,2.3859951703286697e-7,2.9743178173067705e-6,471,471,471,0.37294384691807286
0.0038294559931812827,0.03271290252684178,0.005063066238066434,4.92450912986553e-6,2.9130021431258614e-14,1.000000000003168,2.321197793975216e-7,2.9867347365697118e-6,472,472,472,0.36762600715614424
0.0038375692474041244,0.032780409459928966,0.005063332729183533,4.92450912986553e-6,2.902283119884603e-14,1.0000000000032214,2.4194555159340325e-7,2.999176431851478e-6,473,473,473,0.35856394772809586
0.003845682501626966,0.03284790448801938,0.005063599773001862,4.92450912986553e-6,2.8922351780764445e-14,1.000000000003175,2.288162317398701e-7,3.011642894405847e-6,474,474,474,0.3684768693773884
0.003853795755849808,0.03291538757460823,0.005063867369428894,4.924509129865531e-6,2.882879451705277e-14,1.000000000003234,2.4262173425881883e-7,3.0241341154500165e-6,475,475,475,0.36174865694301206
0.0038619090100726495,0.0329828586830635,0.005064135518372385,4.924509129865531e-6,2.8741633307350926e-14,1.0000000000031892,2.307116826472111e-7,3.0366500861645413e-6,476,476,476,0.3708549547166446
0.003870022264295491,0.033050317776701255,0.005064404219739125,4.92450912986553e-6,2.866188242817056e-14,1.0000000000032523,2.432102625959942e-7,3.0491907976934273e-6,477,477,477,0.3646737936068651
0.003878135518518333,0.03311776481869794,0.005064673473436152,4.92450912986553e-6,2.858817025903701e-14,1.0000000000032077,2.3340156474205287e-7,3.0617562411439194e-6,478,478,478,0.37339346836737153
0.0038862487727411746,0.0331851997721802,0.005064943279369128,4.92450912986553e-6,2.852214900933559e-14,1.000000000003275,2.4518696761788306e-7,3.074346407586482e-6,479,479,479,0.3646347555847051
0.0038943620269640163,0.03325262260013132,0.005065213637444379,4.92450912986553e-6,2.8462661522102036e-14,1.000000000003231,2.3856805242417067e-7,3.086961288054695e-6,480,480,480,0.3616161196846954
0.003902475281186858,0.033320033265459244,0.005065484547567442,4.92450912986553e-6,2.840999692135955e-14,1.0000000000032623,2.4789634878175093e-7,3.0996008735451263e-6,481,481,481,0.3657315978872911
0.0039105885354097,0.0333874317309623,0.0050657560096431485,4.92450912986553e-6,2.836392472015011e-14,1.0000000000033196,2.438796116166486e-7,3.1122651550171505e-6,482,482,482,0.36361147851256326
0.003918701789632542,0.03345481795933461,0.005066028023576908,4.92450912986553e-6,2.8324977834660257e-14,1.000000000003371,2.5522104252218014e-7,3.124954123392713e-6,483,483,483,0.3710986345886035
0.003926815043855384,0.03352219191316595,0.005066300589272481,4.92450912986553e-6,2.829371870091258e-14,1.0000000000034175,2.48209556019674e-7,3.1376677695560377e-6,484,484,484,0.36530110049519804
0.003934928298078226,0.033589553554942475,0.005066573706634303,4.924509129865531e-6,2.8269640247276296e-14,1.0000000000034597,2.574955466627671e-7,3.150406084353278e-6,485,485,485,0.3711179651001541
0.003943041552301068,0.03365690284704923,0.005066847375565995,4.92450912986553e-6,2.8252661395970647e-14,1.0000000000034979,2.5503239342583583e-7,3.163169058592133e-6,486,486,486,0.3678961139877225
0.00395115480652391,0.0337242397517742,0.00506712159597104,4.92450912986553e-6,2.824349035560344e-14,1.0000000000035327,2.637453668796752e-7,3.1759566830414066e-6,487,487,487,0.37380778523653024
0.003959268060746752,0.03379156423131348,0.005067396367751836,4.92450912986553e-6,2.8241567991769678e-14,1.0000000000035643,2.583384421939172e-7,3.1887689484305772e-6,488,488,488,0.3692966942281194
0.0039673813149695945,0.03385887624779892,0.005067671690811375,4.92450912986553e-6,2.824686431358914e-14,1.0000000000035931,2.543398558429999e-7,3.201605845449351e-6,489,489,489,0.3616776832907071
0.003975494569192437,0.03392617576319652,0.005067947565052176,4.92450912986553e-6,2.8260109080145646e-14,1.0000000000035139,2.6414032205934745e-7,3.214467364747232e-6,490,490,490,0.3732634136758252
0.003983607823415279,0.03399346273955093,0.005068223990375254,4.924509129865531e-6,2.828122058470843e-14,1.0000000000035547,2.5428063921140165e-7,3.22735349693317e-6,491,491,491,0.3612454947448294
0.003991721077638121,0.034060737138685154,0.005068500966682253,4.92450912986553e-6,2.8309653067393233e-14,1.0000000000034852,2.5248168000757687e-7,3.240264232575244e-6,492,492,492,0.3603986431568973
0.003999834331860963,0.03412799892244679,0.0050687784938742795,4.92450912986553e-6,2.8346276067262997e-14,1.0000000000034244,2.5880254383991996e-7,3.25319956220047e-6,493,493,493,0.36420031316811374
0.004007947586083805,0.03419524805260101,0.0050690565718519535,4.92450912986553e-6,2.8390922780504468e-14,1.0000000000034102,2.575523510017774e-7,3.26615947629468e-6,494,494,494,0.36289193232079153
0.004016060840306647,0.034262484490855276,0.005069335200515595,4.92450912986553e-6,2.8443617813940184e-14,1.0000000000034108,2.583783320631028e-7,3.279143965302495e-6,495,495,495,0.36545070126452195
0.004024174094529489,0.03432970819886006,0.0050696143797653,4.92450912986553e-6,2.8504601788243136e-14,1.000000000003441,2.6112151729762445e-7,3.2921530196273265e-6,496,496,496,0.36644071398428024
0.0040322873487523316,0.0343969191382042,0.005069894109500203,4.92450912986553e-6,2.857389359902682e-14,1.0000000000034694,2.645541954393593e-7,3.3051866296312892e-6,497,497,497,0.36842420700612855
0.004040400602975174,0.03446411727040155,0.005070174389620053,4.924509129865531e-6,2.865187152018924e-14,1.000000000003496,2.621815475833955e-7,3.3182447856349287e-6,498,498,498,0.36831716975717155
0.004048513857198016,0.03453130255649337,0.005070455220023315,4.92450912986553e-6,2.873886502173998e-14,1.000000000003522,2.648527299697889e-7,3.331327477792216e-6,499,499,499,0.37239026786906315
0.004056627111420858,0.03459847495808767,0.005070736600608177,4.92450912986553e-6,2.8834067736054406e-14,1.0000000000035605,2.610457059404325e-7,3.344434696461939e-6,500,500,500,0.37020532212672963
0.0040647403656437,0.03466563443649136,0.005071018531272665,4.92450912986553e-6,2.893764389261057e-14,1.0000000000035987,2.7409363667629805e-7,3.3575664318380503e-6,501,501,501,0.35721077248693317
0.004072853619866542,0.03473278095276469,0.005071301011914566,4.92450912986553e-6,2.905026616128866e-14,1.000000000003562,2.71442957000545e-7,3.3707226740727386e-6,502,502,502,0.3564647155206167
0.004080966874089384,0.03479991446797807,0.005071584042431311,4.92450912986553e-6,2.9172018177366684e-14,1.0000000000035565,2.763986088893944e-7,3.3839034132753928e-6,503,503,503,0.36060003804305163
0.0040890801283122264,0.03486703494309102,0.00507186762271941,4.92450912986553e-6,2.9302435431171576e-14,1.000000000003553,2.716963116711213e-7,3.3971086395145528e-6,504,504,504,0.3577239947736993
0.004097193382535069,0.03493414233894455,0.0050721517526756575,4.92450912986553e-6,2.9441654799445693e-14,1.0000000000035512,2.7765035781612823e-7,3.410338342811895e-6,505,505,505,0.3620086484824358
0.004105306636757911,0.03500123661637323,0.005072436432195853,4.92450912986553e-6,2.959095803756008e-14,1.000000000003551,2.7416686343428864e-7,3.4235925131551993e-6,506,506,506,0.3603768326165581
0.004113419890980753,0.03506831773612823,0.005072721661175708,4.92450912986553e-6,2.974920462983598e-14,1.000000000003552,2.782625383446202e-7,3.4368711404951594e-6,507,507,507,0.3645190102757679
0.004121533145203595,0.0351353856588584,0.005073007439510625,4.92450912986553e-6,2.991680941002808e-14,1.0000000000035543,2.765687732164679e-7,3.4501742147185477e-6,508,508,508,0.3622496453212216
0.004129646399426437,0.03520244034515601,0.005073293767095751,4.92450912986553e-6,3.009349819281197e-14,1.0000000000035576,2.7990752116124895e-7,3.463501725679081e-6,509,509,509,0.3661513352143075
0.004137759653649279,0.03526948175557904,0.0050735806438253275,4.92450912986553e-6,3.0280188240859804e-14,1.0000000000035616,2.789410782355617e-7,3.476853663186963e-6,510,510,510,0.36612157834034736
0.004145872907872121,0.03533650985066437,0.005073868069593964,4.92450912986553e-6,3.0475890439207095e-14,1.0000000000035683,2.8370781457454086e-7,3.4902300170104553e-6,511,511,511,0.3707100439172394
0.0041539861620949635,0.03540352459089301,0.005074156044294987,4.92450912986553e-6,3.068093567950524e-14,1.0000000000035838,2.789378967804623e-7,3.50363077687267e-6,512,512,512,0.3664760166875522
0.004162099416317806,0.035470525936721495,0.0050744445678219275,4.924509129865528e-6,3.089660563098285e-14,1.000000000003599,2.8487277248245846e-7,3.5170559324552954e-6,513,513,513,0.37400411981374615
0.004170212670540648,0.03553751384856639,0.005074733640067847,4.92450912986553e-6,3.112243900865155e-14,1.000000000003613,2.817685977873907e-7,3.530505473398083e-6,514,514,514,0.3705027192209078
0.00417832592476349,0.03560448828683743,0.005075023260925102,4.92450912986553e-6,3.1357318699708776e-14,1.000000000003627,2.625437183212398e-7,3.5439793892994727e-6,515,515,515,0.3554124860794523
0.004186439178986332,0.035671449211686405,0.005075313430285858,4.92450912986553e-6,3.1602565081108045e-14,1.0000000000036136,2.828870684368212e-7,3.5574776697171943e-6,516,516,516,0.3737956601493664
0.004194552433209174,0.035738396583734976,0.005075604148062539,4.92450912986553e-6,3.18577492786053e-14,1.0000000000036293,2.678735882000183e-7,3.571000304178496e-6,517,517,517,0.3568069739210556
0.004202665687432016,0.03580533036323849,0.005075895414166554,4.924509129865531e-6,3.212344955731577e-14,1.0000000000036258,2.6867667912711113e-7,3.584547282179919e-6,518,518,518,0.35693542835765457
0.004210778941654858,0.035872250510340056,0.005076187228489074,4.92450912986553e-6,3.2400059177119974e-14,1.0000000000036389,2.742895688356839e-7,3.5981185931782457e-6,519,519,519,0.3607594537234437
0.0042188921958777005,0.035939156984965664,0.0050764795909206415,4.92450912986553e-6,3.268728650945851e-14,1.0000000000036504,2.7194848684075623e-7,3.6117142265899443e-6,520,520,520,0.3589256780544722
0.004227005450100543,0.03600604974687675,0.005076772501351518,4.924509129865531e-6,3.298406932955148e-14,1.0000000000036604,2.7917006306665826e-7,3.62533417179407e-6,521,521,521,0.36457268891377476
0.004235118704323385,0.036072928755671696,0.005077065959673012,4.924509129865531e-6,3.3292566381191815e-14,1.0000000000036693,2.778697698602173e-7,3.6389784181289464e-6,522,522,522,0.36119418725109803
0.004243231958546227,0.03613979397095602,0.005077359965787281,4.92450912986553e-6,3.347287468915301e-14,1.0000000000036775,2.8672162244447463e-7,3.6526469548993845e-6,523,523,523,0.36888480148498615
0.004251345212769069,0.0362066453521158,0.005077654519583575,4.92450912986553e-6,3.320065875666905e-14,1.0000000000036844,2.83115486610086e-7,3.6663397713703214e-6,524,524,524,0.3645864810885192
0.004259458466991911,0.036273482858426284,0.005077949620950401,4.92450912986553e-6,3.293785084110762e-14,1.000000000003691,2.9120043976149645e-7,3.680056856767251e-6,525,525,525,0.37193723609246016
0.004267571721214753,0.036340306448911196,0.005078245269776467,4.92450912986553e-6,3.268555985765531e-14,1.0000000000036966,2.88630740641338e-7,3.6937982002568745e-6,526,526,526,0.36739290275093034
0.004275684975437595,0.03640711608297082,0.005078541465949819,4.92450912986553e-6,3.244321005468894e-14,1.000000000003702,2.4209724003299016e-7,3.7075637910048255e-6,527,527,527,0.3548519234826938
0.0042837982296604375,0.03647391171957047,0.00507883820935821,4.92450912986553e-6,3.2210306705077734e-14,1.0000000000036602,2.9494504616423e-7,3.72135361811769e-6,528,528,528,0.3697029949024979
0.00429191148388328,0.03654069331803665,0.005079135499888376,4.92450912986553e-6,3.198714479245081e-14,1.0000000000036693,2.4679071941591246e-7,3.7351676706611724e-6,529,529,529,0.3578821799182679
0.004300024738106122,0.03660746083701022,0.0050794333374274215,4.92450912986553e-6,3.177401265228588e-14,1.000000000003629,3.0372715542625883e-7,3.7490059376433553e-6,530,530,530,0.3727000564990725
0.004308137992328964,0.03667421423589114,0.0050797317218615095,4.92450912986553e-6,3.1569489708708966e-14,1.000000000003642,2.5369503120487025e-7,3.7628684080591714e-6,531,531,531,0.36093934076683304
0.004316251246551806,0.03674095347347097,0.005080030653077043,4.92450912986553e-6,3.1374772721153506e-14,1.000000000003606,2.50715981309213e-7,3.7767550708443164e-6,532,532,532,0.3574464385108856
0.004324364500774648,0.03680767850870475,0.005080330130959531,4.92450912986553e-6,3.1190143031888765e-14,1.0000000000036187,2.6071805692140515e-7,3.790665914888656e-6,533,533,533,0.36627484699008045
0.00433247775499749,0.036874389300503976,0.005080630155394064,4.924509129865531e-6,3.101412884861283e-14,1.0000000000036284,2.593104717618644e-7,3.804600929036264e-6,534,534,534,0.364992703345351
0.004340591009220332,0.0369410858078468,0.005080930726265913,4.92450912986553e-6,3.084794259381722e-14,1.0000000000036362,2.454391569983727e-7,3.81856010208417e-6,535,535,535,0.3575095128656284
0.0043487042634431745,0.037007767989496496,0.005081231843459069,4.92450912986553e-6,3.06918794739731e-14,1.000000000003591,2.6555797560945393e-7,3.832543422784575e-6,536,536,536,0.37203947593021736
0.004356817517666017,0.03707443580464106,0.005081533506857795,4.92450912986553e-6,3.0544620482274775e-14,1.0000000000035998,2.5411481630044364e-7,3.846550879843619e-6,537,537,537,0.3647103620475619
0.004364930771888859,0.03714108921199663,0.005081835716345621,4.92450912986553e-6,3.040703032097455e-14,1.000000000003555,2.4661013142690535e-7,3.860582461923333e-6,538,538,538,0.3598681417978799
0.004373044026111701,0.037207728170539994,0.005082138471805985,4.924509129865528e-6,3.027892606204722e-14,1.0000000000035154,2.4292107170253985e-7,3.8746381576429145e-6,539,539,539,0.3667538952122538
0.004381157280334543,0.0372743526389088,0.005082441773121495,4.92450912986553e-6,3.016044053780884e-14,1.0000000000034999,2.505432519228634e-7,3.888717955579108e-6,540,540,540,0.36419294913676503
0.004389270534557385,0.03734096257618632,0.00508274562017496,4.92450912986553e-6,3.005192394764969e-14,1.0000000000035036,2.449518703429021e-7,3.902821844266525e-6,541,541,541,0.3681080190857724
0.004397383788780227,0.037407557940981453,0.00508305001284778,4.924509129865528e-6,2.995212688606409e-14,1.0000000000034803,2.5529161007398216e-7,3.916949812198276e-6,542,542,542,0.36817380180022374
0.004405497043003069,0.037474138692450865,0.00508335495102251,4.92450912986553e-6,2.9862112349785775e-14,1.0000000000034908,2.459082928396583e-7,3.931101847826924e-6,543,543,543,0.37043576244249227
0.0044136102972259115,0.037540704789279455,0.005083660434579514,4.92450912986553e-6,2.9781340810835205e-14,1.000000000003507,2.5620119359359705e-7,3.9452779395654104e-6,544,544,544,0.3707133605901219
0.004421723551448754,0.0376072561906413,0.005083966463400141,4.92450912986553e-6,2.9710236921837593e-14,1.0000000000035563,2.485648806782592e-7,3.9594780757876984e-6,545,545,545,0.37414388746149113
0.004429836805671596,0.03767379285512106,0.005084273037364903,4.92450912986553e-6,2.964950574972314e-14,1.00000000000357,2.574654267561982e-7,3.973702244828767e-6,546,546,546,0.3720113161252825
0.004437950059894438,0.03774031474167708,0.005084580156353756,4.924509129865531e-6,2.959793429327045e-14,1.0000000000036156,2.396604479315556e-7,3.987950434994175e-6,547,547,547,0.36657900280271516
0.00444606331411728,0.03780682180869163,0.005084887820246448,4.924509129865528e-6,2.9556303392636576e-14,1.000000000003624,2.41747311946483e-7,4.002222634535002e-6,548,548,548,0.3666936248831167
0.004454176568340122,0.037873314014593464,0.005085196028922251,4.92450912986553e-6,2.9524520356889405e-14,1.0000000000036362,2.481963967682077e-7,4.016518831364517e-6,549,549,549,0.3705693483849832
0.004462289822562964,0.03793979131776046,0.00508550478225985,4.92450912986553e-6,2.950271320066406e-14,1.0000000000036486,2.493518955759555e-7,4.03083901397523e-6,550,550,550,0.36979535698660965
0.004470403076785806,0.038006253676290916,0.005085814080137918,4.92450912986553e-6,2.9491863538795496e-14,1.0000000000036637,2.5566262351617297e-7,4.0451831705092535e-6,551,551,551,0.373743919914708
0.0044785163310086485,0.03807270104821409,0.00508612392243454,4.92450912986553e-6,2.9490899957177675e-14,1.000000000003678,2.513767860534699e-7,4.059551289073763e-6,552,552,552,0.3705599170540045
0.004486629585231491,0.03813913339157232,0.005086434309027475,4.92450912986553e-6,2.949987374120051e-14,1.0000000000036944,2.8030615695229244e-7,4.0739433577362035e-6,553,553,553,0.371851815975094
0.004494742839454333,0.038205550664152106,0.0050867452397934014,4.92450912986553e-6,2.9519399205261e-14,1.0000000000036597,2.530500680109071e-7,4.088359364523731e-6,554,554,554,0.37118365276132864
0.004502856093677175,0.038271952824463225,0.005087056714609965,4.92450912986553e-6,2.955000895767984e-14,1.0000000000036777,2.8222833847735274e-7,4.1027992974896895e-6,555,555,555,0.3738509299046062
0.004510969347900017,0.03833833983022058,0.005087368733353427,4.92450912986553e-6,2.95917407591698e-14,1.0000000000036828,2.523085065320174e-7,4.117263144512994e-6,556,556,556,0.37138860557560877
0.004519082602122859,0.03840471163990172,0.005087681295899432,4.92450912986553e-6,2.964415513119701e-14,1.0000000000036988,2.557644211975685e-7,4.131750893497877e-6,557,557,557,0.37443170851229
0.004527195856345701,0.03847106821130412,0.005087994402124256,4.92450912986553e-6,2.97073114265756e-14,1.0000000000036668,2.597262849235449e-7,4.146262532306095e-6,558,558,558,0.3742468406801657
0.004535309110568543,0.03853740950306167,0.005088308051902834,4.92450912986553e-6,2.9782339809028446e-14,1.0000000000036893,2.4717088820125355e-7,4.160798048744015e-6,559,559,559,0.3737231329725409
0.0045434223647913856,0.03860373547308556,0.005088622245110015,4.92450912986553e-6,2.9868648602248374e-14,1.0000000000036835,2.750007332963378e-7,4.175357430602667e-6,560,560,560,0.3683273861311432
0.004551535619014228,0.03867004607995135,0.0050889369816206065,4.92450912986553e-6,2.996703609399272e-14,1.0000000000036375,2.490119008768943e-7,4.189940665619471e-6,561,561,561,0.37339289969991185
0.00455964887323707,0.03873634128174783,0.005089252261308463,4.92450912986553e-6,3.007739456309988e-14,1.0000000000036344,2.774771949987098e-7,4.20454774149185e-6,562,562,562,0.36879560541740686
0.004567762127459912,0.03880262103706464,0.005089568084047368,4.92450912986553e-6,3.019935652304692e-14,1.000000000003607,2.4797693853884084e-7,4.21917864587773e-6,563,563,563,0.36554319152949166
0.004575875381682754,0.038868885303847404,0.005089884449710625,4.924509129865531e-6,3.033353494286042e-14,1.0000000000035985,2.772100877734829e-7,4.233833366395945e-6,564,564,564,0.36950716657890054
0.004583988635905596,0.03893513404081623,0.005090201358171222,4.924509129865531e-6,3.0479837506071396e-14,1.0000000000036209,2.500098474911283e-7,4.248511890626352e-6,565,565,565,0.3657208548765394
0.004592101890128438,0.03900136720583718,0.005090518809301575,4.92450912986553e-6,3.063785598585257e-14,1.0000000000036173,2.7795006118935817e-7,4.26321420610998e-6,566,566,566,0.36992844691951343
0.0046002151443512804,0.03906758475758028,0.005090836802973606,4.92450912986553e-6,3.0807978062406876e-14,1.0000000000036382,2.536330683255983e-7,4.277940300348916e-6,567,567,567,0.36662515511424265
0.004608328398574123,0.039133786653867214,0.005091155339059293,4.92450912986553e-6,3.099083310251012e-14,1.0000000000036462,2.804039453963014e-7,4.292690160806102e-6,568,568,568,0.37061836588481584
0.004616441652796965,0.039199972853313496,0.005091474417430136,4.92450912986553e-6,3.1186472217704016e-14,1.0000000000036613,2.5349651266992623e-7,4.307463774904991e-6,569,569,569,0.3664813861180673
0.004624554907019807,0.03926614331370463,0.005091794037956744,4.92450912986553e-6,3.139601125346039e-14,1.000000000003665,2.82908285242911e-7,4.322261130029086e-6,570,570,570,0.37234461007964825
0.004632668161242649,0.0393322979936205,0.005092114200509827,4.92450912986553e-6,3.1617517706404153e-14,1.0000000000036753,2.5686584947948177e-7,4.337082213521448e-6,571,571,571,0.36687024484763914
0.004640781415465491,0.039398436850837854,0.005092434904959747,4.92450912986553e-6,3.1852260858690356e-14,1.0000000000036755,2.8465375478958777e-7,4.351927012684207e-6,572,572,572,0.3739076284788126
0.004648894669688333,0.039464559843931796,0.005092756151176085,4.92450912986553e-6,3.210020900826782e-14,1.000000000003681,2.5581531204466046e-7,4.366795514778183e-6,573,573,573,0.36710841460280436
0.004657007923911175,0.03953066693079568,0.005093077939028274,4.92450912986553e-6,3.2360922256432785e-14,1.0000000000036784,2.563254497545131e-7,4.381687707022682e-6,574,574,574,0.36581856604648905
0.0046651211781340175,0.03959675806972925,0.0050934002683852625,4.92450912986553e-6,3.2635192007300265e-14,1.0000000000036744,2.578357758409311e-7,4.396603576595502e-6,575,575,575,0.3679562541368881
0.00467323443235686,0.03966283321894661,0.005093723139115916,4.92450912986553e-6,3.292275672145934e-14,1.000000000003667,2.599506281342201e-7,4.411543110633129e-6,576,576,576,0.3667214936369432
0.004681347686579702,0.039728892336674364,0.005094046551088003,4.92450912986553e-6,3.322429833940069e-14,1.0000000000036589,2.5990828333988247e-7,4.426506296231107e-6,577,577,577,0.36808733936248467
0.004689460940802544,0.03979493538006038,0.005094370504169472,4.92450912986553e-6,3.3539586041917425e-14,1.000000000003648,2.572269401923677e-7,4.4414931202050465e-6,578,578,578,0.3676571579268727
0.004697574195025386,0.03986096230844452,0.005094694998228197,4.92450912986553e-6,3.3869281510292336e-14,1.0000000000036369,2.590759820009225e-7,4.456503569806872e-6,579,579,579,0.36972759404645217
0.004705687449248228,0.03992697308004412,0.005095020033130701,4.92450912986553e-6,3.421233365914181e-14,1.0000000000036238,2.5763635491671266e-7,4.471537632011034e-6,580,580,580,0.3682479480819062
0.00471380070347107,0.03999296765310431,0.005095345608744142,4.92450912986553e-6,3.4569560270060846e-14,1.0000000000036107,2.592724257510781e-7,4.486595293751205e-6,581,581,581,0.37132947963196156
0.004721913957693912,0.04005894598582513,0.005095671724934767,4.92450912986553e-6,3.494171801540107e-14,1.000000000003596,2.547738695568569e-7,4.501676541919576e-6,582,582,582,0.3704753773948132
0.0047300272119167545,0.04012490803640097,0.005095998381568489,4.92450912986553e-6,3.499232255446391e-14,1.0000000000035838,2.551067694867015e-7,4.516781363340663e-6,583,583,583,0.37223626394674475
0.004738140466139597,0.040190853762915944,0.005096325578510467,4.92450912986553e-6,3.467163904367541e-14,1.0000000000035931,2.5272459680536485e-7,4.5319097448442025e-6,584,584,584,0.3725862832732613
0.004746253720362439,0.040256783123472625,0.0050966533156262235,4.92450912986553e-6,3.4364693984177664e-14,1.0000000000035987,1.9694717501295145e-7,4.54706167319059e-6,585,585,585,0.36115111540034467
0.004754366974585281,0.04032269607601457,0.005096981592780058,4.92450912986553e-6,3.407099810542957e-14,1.0000000000035174,1.9601367107213719e-7,4.562237135092883e-6,586,586,586,0.36106322490409476
0.004762480228808123,0.040388592578544706,0.005097310409837095,4.92450912986553e-6,3.379005154590395e-14,1.0000000000034426,2.0350086593623473e-7,4.577436117215552e-6,587,587,587,0.3639324721042045
0.004770593483030965,0.04045447258898172,0.005097639766660969,4.92450912986553e-6,3.3522261851354455e-14,1.0000000000033944,2.0121794719329955e-7,4.5926586061733225e-6,588,588,588,0.36210552977929705
0.004778706737253807,0.040520336065223136,0.005097969663115027,4.92450912986553e-6,3.3267100375375964e-14,1.0000000000033946,2.087906185721522e-7,4.607904588532861e-6,589,589,589,0.3656645490875752
0.004786819991476649,0.0405861829650822,0.005098300099062918,4.92450912986553e-6,3.302416947616803e-14,1.0000000000034055,2.0727735083880816e-7,4.623174050804918e-6,590,590,590,0.36306622749579875
0.0047949332456994915,0.040652013246360294,0.005098631074367523,4.92450912986553e-6,3.2794762327630474e-14,1.000000000003416,2.1349390522118483e-7,4.638466979451474e-6,591,591,591,0.3667248971914559
0.004803046499922334,0.040717826866847794,0.005098962588891185,4.92450912986553e-6,3.257828126172208e-14,1.0000000000034228,2.116713861965991e-7,4.653783360883242e-6,592,592,592,0.3646695654170938
0.004811159754145176,0.040783623784343526,0.0050992946424957076,4.924509129865528e-6,3.237430350424387e-14,1.0000000000034315,2.1636626890142452e-7,4.669123181459767e-6,593,593,593,0.36762892144715015
0.004819273008368018,0.04084940395667726,0.005099627235043084,4.924509129865528e-6,3.2182919079092e-14,1.0000000000034648,2.1339718792035e-7,4.684486427489719e-6,594,594,594,0.3646769223149236
0.00482738626259086,0.04091516734172352,0.00509996036639423,4.92450912986553e-6,3.200373899926798e-14,1.0000000000034979,2.1928989113462194e-7,4.699873085231461e-6,595,595,595,0.3685213685055066
0.004835499516813702,0.04098091389739866,0.005100294036410532,4.92450912986553e-6,3.183664838898581e-14,1.0000000000035287,2.1569190877812616e-7,4.71528314089392e-6,596,596,596,0.36599027720997157
0.004843612771036544,0.04104664358163981,0.005100628244952265,4.92450912986553e-6,3.1682729641061533e-14,1.0000000000035594,2.173490880608142e-7,4.730716580637609e-6,597,597,597,0.3660020809791621
0.004851726025259386,0.041112356352371746,0.005100962991879536,4.92450912986553e-6,3.1541414514053644e-14,1.0000000000035882,2.190169272608955e-7,4.746173390575594e-6,598,598,598,0.3680162458044605
0.0048598392794822285,0.041178052167470905,0.005101298277052134,4.92450912986553e-6,3.141240107946611e-14,1.000000000003617,2.1452008525102428e-7,4.761653556774114e-6,599,599,599,0.3672690989494088
0.004867952533705071,0.04124373098473207,0.005101634100329757,4.92450912986553e-6,3.1295956946538264e-14,1.000000000003644,2.1929020199706883e-7,4.7771570652527396e-6,600,600,600,0.3704195661264164
0.004876065787927913,0.04130939276184532,0.005101970461571014,4.92450912986553e-6,3.119189609482873e-14,1.000000000003671,2.141215311723954e-7,4.792683901984056e-6,601,601,601,0.36914122592037774
0.004884179042150755,0.04137503745641555,0.005102307360634463,4.92450912986553e-6,3.110044488260675e-14,1.0000000000036962,2.1444801490133614e-7,4.808234052892977e-6,602,602,602,0.3703617117522675
0.004892292296373597,0.04144066502612281,0.005102644797378269,4.92450912986553e-6,3.102114272922007e-14,1.0000000000037217,2.1433517183311324e-7,4.823807503855882e-6,603,603,603,0.3723333298049404
0.004900405550596439,0.04150627542876604,0.005102982771660353,4.92450912986553e-6,3.095463997888808e-14,1.0000000000037454,2.1004296613114093e-7,4.8394042406996474e-6,604,604,604,0.37092860671090716
0.004908518804819281,0.04157186862190591,0.005103321283338079,4.92450912986553e-6,3.090087310978678e-14,1.0000000000037694,2.123094198225317e-7,4.855024249200885e-6,605,605,605,0.37387367644310077
0.004916632059042123,0.04163744456304893,0.005103660332268517,4.92450912986553e-6,3.086009629460399e-14,1.0000000000037919,2.1114130355215366e-7,4.870667515085203e-6,606,606,606,0.3740937447814818
0.0049247453132649655,0.04170300320934902,0.00510399991830847,4.924509129865528e-6,3.083304538950936e-14,1.0000000000038147,2.4310912039027244e-7,4.88633402402723e-6,607,607,607,0.37183876778620256
0.004932858567487808,0.0417685445183573,0.005104340041314237,4.92450912986553e-6,3.0819720034070677e-14,1.000000000003812,2.430089125482482e-7,4.902023761649982e-6,608,608,608,0.37128390100329295
0.00494097182171065,0.041834068447917344,0.005104680701141233,4.92450912986553e-6,3.081880343715022e-14,1.000000000003811,2.395428069235095e-7,4.9177367135234384e-6,609,609,609,0.3728529568773058
0.004949085075933492,0.04189957495531339,0.005105021897645561,4.92450912986553e-6,3.083268418243706e-14,1.0000000000037748,2.4591624381287147e-7,4.933472865167605e-6,610,610,610,0.37423502646980905
0.004957198330156334,0.04196506399766789,0.0051053636306818174,4.92450912986553e-6,3.0859917188598306e-14,1.0000000000037752,2.390305624544453e-7,4.9492322020464256e-6,611,611,611,0.37343225834867766
0.004965311584379176,0.04203053553215182,0.005105705900105202,4.92450912986553e-6,3.090135727741762e-14,1.0000000000037437,2.40708175169857e-7,4.965014709571592e-6,612,612,612,0.3737564810441628
0.004973424838602018,0.04209598951624744,0.005106048705769789,4.92450912986553e-6,3.0956686369337316e-14,1.0000000000037137,2.235998266542083e-7,4.980820373104034e-6,613,613,613,0.3635521404955748
0.00498153809282486,0.042161425907442714,0.005106392047529458,4.92450912986553e-6,3.1027316868801966e-14,1.000000000003662,2.4192573278014606e-7,4.996649177953124e-6,614,614,614,0.37423252345791724
0.0049896513470477025,0.042226844663242266,0.0051067359252377304,4.92450912986553e-6,3.1112855216104863e-14,1.000000000003637,2.1863777455166655e-7,5.012501109376644e-6,615,615,615,0.3650074751267169
0.004997764601270545,0.04229224574108797,0.005107080338748071,4.92450912986553e-6,3.121370540205724e-14,1.0000000000035891,2.4386861241509905e-7,5.028376152580726e-6,616,616,616,0.3746270767315115
0.005005877855493387,0.04235762909845971,0.005107425287913325,4.92450912986553e-6,3.132895825272426e-14,1.0000000000035685,2.2447666658820253e-7,5.044274292719053e-6,617,617,617,0.3659737575850374
0.005013991109716229,0.042422994692772095,0.005107770772585703,4.92450912986553e-6,3.145952490899335e-14,1.00000000000356,2.237898684143147e-7,5.0601955148927785e-6,618,618,618,0.36415481421281215
0.005022104363939071,0.04248834248139947,0.005108116792617154,4.92450912986553e-6,3.1606256533910435e-14,1.0000000000035763,2.2838989899298667e-7,5.076139804150407e-6,619,619,619,0.36720092519856534
0.005030217618161913,0.04255367242164053,0.005108463347859541,4.92450912986553e-6,3.1768905802497604e-14,1.00000000000359,2.2812253064330434e-7,5.09210714548802e-6,620,620,620,0.3643901913205039
0.005038330872384755,0.042618984470721266,0.005108810438163743,4.924509129865531e-6,3.194753071874792e-14,1.0000000000036027,2.3444954422302544e-7,5.1080975238494435e-6,621,621,621,0.3671268704779448
0.005046444126607597,0.04268427858577701,0.005109158063380741,4.92450912986553e-6,3.2141904741152573e-14,1.000000000003613,2.3113514657779888e-7,5.124110924125794e-6,622,622,622,0.36543583302724575
0.0050545573808304396,0.04274955472395062,0.005109506223368969,4.92450912986553e-6,3.2352895618972785e-14,1.0000000000036224,2.3680799543512876e-7,5.140147331157942e-6,623,623,623,0.3675240233255428
0.005062670635053282,0.04281481284313961,0.005109854918030743,4.92450912986553e-6,3.258111221351196e-14,1.00000000000363,2.3813593053034765e-7,5.156206729758811e-6,624,624,624,0.36607552317362807
0.005070783889276124,0.042880052900245,0.005110204147215732,4.92450912986553e-6,3.282565714654994e-14,1.0000000000036366,2.418040221385809e-7,5.17228910468387e-6,625,625,625,0.3681043972298082
0.005078897143498966,0.04294527485218433,0.005110553910773068,4.92450912986553e-6,3.3087169133133e-14,1.0000000000036418,2.3811287697128591e-7,5.188394440635188e-6,626,626,626,0.36634697762507357
0.005087010397721808,0.0430104786560426,0.0051109042085513935,4.92450912986553e-6,3.336464467185452e-14,1.0000000000036462,2.4734922554614514e-7,5.204522722261784e-6,627,627,627,0.37073668878113464
0.00509512365194465,0.04307566426910706,0.005111255040398929,4.92450912986553e-6,3.366003736959715e-14,1.000000000003649,2.427106906566223e-7,5.220673934159502e-6,628,628,628,0.3681821599428558
0.005103236906167492,0.04314083164885686,0.005111606406163621,4.92450912986553e-6,3.397299526995964e-14,1.0000000000036515,2.4514983110179855e-7,5.236848060871116e-6,629,629,629,0.3717219012034661
0.0051113501603903344,0.043205980752740576,0.005111958305692817,4.92450912986553e-6,3.430248277433581e-14,1.0000000000036526,2.4376494778266533e-7,5.253045086850575e-6,630,630,630,0.37066629439577836
0.005119463414613177,0.043271111538675695,0.005112310738833771,4.92450912986553e-6,3.465051448170181e-14,1.0000000000036535,2.0578934112336356e-7,5.269264996571496e-6,631,631,631,0.3697561565390899
0.005127576668836019,0.04333622396453965,0.005112663705433147,4.92450912986553e-6,3.501598089411822e-14,1.0000000000036042,2.4730866243771743e-7,5.2855077744214295e-6,632,632,632,0.3731963434612867
0.005135689923058861,0.04340131798818938,0.005113017205337512,4.92450912986553e-6,3.539891500633435e-14,1.0000000000036053,2.0389467891845925e-7,5.301773404738268e-6,633,633,633,0.37249845997463915
0.005143803177281703,0.0434663935675744,0.005113371238392881,4.92450912986553e-6,3.580031476695321e-14,1.0000000000035592,2.0090890018309437e-7,5.3180618718114265e-6,634,634,634,0.3714353326967542
0.005151916431504545,0.043531450660596105,0.005113725804444541,4.92450912986553e-6,3.622023001697324e-14,1.0000000000035143,2.723396832493563e-7,5.334373159882923e-6,635,635,635,0.37227632976773045
0.005160029685727387,0.04359648922514865,0.005114080903338272,4.92450912986553e-6,3.66587966081605e-14,1.0000000000034501,2.6925394180921103e-7,5.350707253143237e-6,636,636,636,0.37299165093133685
0.005168142939950229,0.04366150921856523,0.00511443653491836,4.92450912986553e-6,3.6798565405198585e-14,1.0000000000033895,2.683581570295246e-7,5.367064135435801e-6,637,637,637,0.3689568852339246
0.0051762561941730715,0.04372651059939976,0.005114792699029548,4.924509129865531e-6,3.642201839607539e-14,1.0000000000033458,2.607600464443749e-7,5.383443791169734e-6,638,638,638,0.36783122628230364
0.005184369448395914,0.043791493325378295,0.005115149395515939,4.92450912986553e-6,3.6062977647655554e-14,1.0000000000033344,2.6390919494190257e-7,5.399846204402262e-6,639,639,639,0.3725952618988721
0.005192482702618756,0.0438564573543859,0.005115506624221234,4.92450912986553e-6,3.572098598233169e-14,1.0000000000033271,2.571237995852016e-7,5.4162713591436865e-6,640,640,640,0.3698741636183413
0.005200595956841598,0.043921402644267304,0.005115864384988667,4.924509129865528e-6,3.539658974073841e-14,1.0000000000033198,2.1731145771752836e-7,5.4327192393562634e-6,641,641,641,0.3634972608147194
0.00520870921106444,0.04398632915283434,0.0051162226776616995,4.92450912986553e-6,3.50882641163588e-14,1.0000000000033025,2.5468373010539835e-7,5.449189828950898e-6,642,642,642,0.3720911446854765
0.005216822465287282,0.04405123683770565,0.005116581502082525,4.924509129865528e-6,3.47967082153516e-14,1.0000000000032907,2.1352970058785559e-7,5.465683111786604e-6,643,643,643,0.3656341480414563
0.005224935719510124,0.04411612565665948,0.005116940858093599,4.92450912986553e-6,3.4521327164867526e-14,1.0000000000032707,2.5386868074406266e-7,5.482199071672349e-6,644,644,644,0.3744156385626155
0.005233048973732966,0.04418099556647024,0.005117300745536814,4.92450912986553e-6,3.42626411946835e-14,1.0000000000032583,2.1182217402326842e-7,5.498737692216245e-6,645,645,645,0.36658910277941215
0.0052411622279558085,0.04424584652590993,0.005117661164253324,4.92450912986553e-6,3.4019254846329294e-14,1.0000000000032365,2.081906380624332e-7,5.515298957279263e-6,646,646,646,0.36222736445792686
0.005249275482178651,0.04431067849279089,0.005118022114084477,4.92450912986553e-6,3.379267920495656e-14,1.0000000000032165,2.1241694803109112e-7,5.531882850524408e-6,647,647,647,0.36766819489459207
0.005257388736401493,0.044375491424941814,0.005118383594870931,4.92450912986553e-6,3.358238260538851e-14,1.0000000000032032,2.0466777783667567e-7,5.54848935556671e-6,648,648,648,0.3624436708414644
0.005265501990624335,0.04444028528017754,0.005118745606453353,4.92450912986553e-6,3.338783230044221e-14,1.0000000000032085,2.1060815669216026e-7,5.565118455974214e-6,649,649,649,0.3689569364673795
0.005273615244847177,0.04450506001630103,0.005119108148671299,4.92450912986553e-6,3.3209085283003426e-14,1.0000000000032478,2.085352033276422e-7,5.5817701352689984e-6,650,650,650,0.3637279250719314
0.005281728499070019,0.04456981559111071,0.0051194712213647985,4.92450912986553e-6,3.304625071814469e-14,1.0000000000032958,2.1611229428231127e-7,5.59844437692667e-6,651,651,651,0.37069252621560295
0.005289841753292861,0.04463455196247907,0.005119834824372664,4.92450912986553e-6,3.2898896535603764e-14,1.0000000000033429,2.0613277129655216e-7,5.615141164381151e-6,652,652,652,0.36481583900265757
0.005297955007515703,0.04469926908891919,0.005120198957533887,4.92450912986553e-6,3.2768074969690647e-14,1.0000000000033888,2.2269130894869704e-7,5.6318604806441576e-6,653,653,653,0.3609819494576692
0.0053060682617385455,0.04476396692803797,0.005120563620687223,4.92450912986553e-6,3.265298866007346e-14,1.000000000003357,2.0486105967165713e-7,5.648602309408884e-6,654,654,654,0.3684410845833975
0.005314181515961388,0.04482864543802086,0.005120928813670547,4.92450912986553e-6,3.255365151558575e-14,1.000000000003404,2.250022284044917e-7,5.66536663396557e-6,655,655,655,0.3661623502392505
0.00532229477018423,0.04489330457754013,0.005121294536322088,4.92450912986553e-6,3.2469379312850513e-14,1.0000000000033755,2.046932614518937e-7,5.682153437558593e-6,656,656,656,0.3719575632429724
0.005330408024407072,0.044957944305181304,0.005121660788478439,4.92450912986553e-6,3.240268041524459e-14,1.0000000000034281,2.2202010185878862e-7,5.698962703388047e-6,657,657,657,0.36780745506666546
0.005338521278629914,0.04502256457984185,0.0051220275699773105,4.92450912986553e-6,3.2351644221781323e-14,1.0000000000034,2.1203386779689026e-7,5.715794414614102e-6,658,658,658,0.3614068722081581
0.005346634532852756,0.045087165360454616,0.0051223948806551145,4.92450912986553e-6,3.2317176610626043e-14,1.0000000000033784,2.218958918831504e-7,5.732648554359697e-6,659,659,659,0.3701432760766571
0.005354747787075598,0.04515174660602532,0.005122762720348113,4.92450912986553e-6,3.230032825189202e-14,1.000000000003359,2.11151796492004e-7,5.749525105710864e-6,660,660,660,0.36440341990239955
0.00536286104129844,0.04521630827557879,0.0051231310888927685,4.92450912986553e-6,3.2300236659979966e-14,1.0000000000033453,2.2137699318136583e-7,5.766424051716596e-6,661,661,661,0.37245653063366313
0.0053709742955212825,0.04528085032807497,0.00512349998612418,4.92450912986553e-6,3.231686064309556e-14,1.0000000000033478,2.1190284016370242e-7,5.783345375368873e-6,662,662,662,0.3661105065865736
0.005379087549744125,0.045345372722617835,0.005123869411877833,4.92450912986553e-6,3.235196723620318e-14,1.0000000000033733,2.0731647509819595e-7,5.80028905965953e-6,663,663,663,0.3678727652536609
0.005387200803966967,0.04540987541860399,0.00512423936598873,4.92450912986553e-6,3.240541172615272e-14,1.0000000000033475,2.0929797983626486e-7,5.817255087619815e-6,664,664,664,0.3672043991969234
0.005395314058189809,0.045474358374880314,0.005124609848290894,4.92450912986553e-6,3.247648898375347e-14,1.000000000003377,2.1804079608500615e-7,5.834243442044584e-6,665,665,665,0.3745333816957147
0.005403427312412651,0.045538821550601925,0.005124980858618949,4.92450912986553e-6,3.2567155258945935e-14,1.0000000000034084,2.0886561458155484e-7,5.851254105786742e-6,666,666,666,0.3696745062595445
0.005411540566635493,0.045603264904967876,0.005125352396806388,4.92450912986553e-6,3.2676622956412016e-14,1.0000000000034404,2.1267467786856287e-7,5.868287061657847e-6,667,667,667,0.3691821533841056
0.005419653820858335,0.04566768839736847,0.005125724462687207,4.92450912986553e-6,3.2804877419627076e-14,1.0000000000034577,2.0698509572980583e-7,5.885342292427672e-6,668,668,668,0.3713451956123305
0.005427767075081177,0.04573209198708911,0.005126097056094157,4.92450912986553e-6,3.2953623692069286e-14,1.0000000000034892,2.1781652037589083e-7,5.902419780823899e-6,669,669,669,0.3682666434461688
0.0054358803293040195,0.045796475633743436,0.005126470176860083,4.92450912986553e-6,3.3122321611571555e-14,1.0000000000035043,2.0831070202120827e-7,5.919519509532004e-6,670,670,670,0.37420131384531674
0.005443993583526862,0.04586083929681245,0.005126843824817356,4.92450912986553e-6,3.3310992357233254e-14,1.0000000000035356,2.1355681667500903e-7,5.936641461195301e-6,671,671,671,0.36932684888086353
0.005452106837749704,0.04592518293608268,0.0051272179997983326,4.92450912986553e-6,3.3520043704799746e-14,1.0000000000035492,2.1510534509161516e-7,5.953785618415266e-6,672,672,672,0.3687780943530138
0.005460220091972546,0.045989506511306746,0.005127592701634166,4.92450912986553e-6,3.374975044292635e-14,1.0000000000035636,2.116288442266523e-7,5.9709519637531745e-6,673,673,673,0.3699661138064715
0.005468333346195388,0.04605380998232462,0.005127967930156685,4.92450912986553e-6,3.400094858344044e-14,1.0000000000035776,2.1926878446265619e-7,5.988140479727326e-6,674,674,674,0.3722257887282337
0.00547644660041823,0.04611809330904944,0.005128343685196613,4.92450912986553e-6,3.427358348936538e-14,1.0000000000035927,2.145311412959927e-7,6.005351148816861e-6,675,675,675,0.37047351050727195
0.005484559854641072,0.046182356451905306,0.005128719966584642,4.92450912986553e-6,3.456669448653516e-14,1.0000000000036064,1.9557395702918257e-7,6.022583953460654e-6,676,676,676,0.37226431914131936
0.005492673108863914,0.046246599370196435,0.005129096774151284,4.92450912986553e-6,3.488246302416203e-14,1.0000000000035973,1.9949690788223506e-7,6.039838876057189e-6,677,677,677,0.37343370583541996
0.0055007863630867565,0.04631082202471733,0.005129474107726206,4.92450912986553e-6,3.52188847588315e-14,1.0000000000036093,1.9652710570028376e-7,6.057115898964577e-6,678,678,678,0.3729970617197015
0.005508899617309599,0.046375024375990496,0.00512985196713928,4.92450912986553e-6,3.557707899826001e-14,1.0000000000036209,2.1499437785621467e-7,6.074415004501488e-6,679,679,679,0.36569035703234976
0.005517012871532441,0.04643920638443622,0.0051302303522196046,4.92450912986553e-6,3.595725212212006e-14,1.0000000000036195,2.1590480514532828e-7,6.091736174948653e-6,680,680,680,0.3744749203528153
0.005525126125755283,0.04650336801160474,0.005130609262796208,4.92450912986553e-6,3.6359467382530786e-14,1.0000000000036646,2.177511948531219e-7,6.109079392550432e-6,681,681,681,0.3642690572995461
0.005533239379978125,0.04656750921742186,0.005130988698697713,4.92450912986553e-6,3.678393713665299e-14,1.0000000000036833,2.057451098380625e-7,6.126444639515353e-6,682,682,682,0.3747183280245388
0.005541352634200967,0.04663162996277801,0.005131368659752249,4.92450912986553e-6,3.723087833905028e-14,1.0000000000036584,2.0980182036112183e-7,6.143831898016557e-6,683,683,683,0.37346613494530123
0.005549465888423809,0.046695730208480536,0.005131749145787614,4.92450912986553e-6,3.7701630389827414e-14,1.0000000000036446,2.0774058029360276e-7,6.161241150191176e-6,684,684,684,0.37459264120863534
0.005557579142646651,0.04675980991517922,0.005132130156631399,4.92450912986553e-6,3.8195436194212177e-14,1.0000000000036215,2.1143109485421974e-7,6.17867237813953e-6,685,685,685,0.37396181166594783
0.0055656923968694936,0.0468238690437481,0.0051325116921108775,4.92450912986553e-6,3.871263852039157e-14,1.0000000000036127,2.112944041954279e-7,6.196125563923913e-6,686,686,686,0.3739625874650489
0.005573805651092336,0.04688790755508091,0.005132893752052885,4.924509129865528e-6,3.8821264718664766e-14,1.0000000000036333,2.135871479680418e-7,6.213600689568267e-6,687,687,687,0.3738610600739746
0.005581918905315178,0.046951925410204376,0.005133276336283865,4.92450912986553e-6,3.838855876920847e-14,1.000000000003651,2.2187958137465102e-7,6.2310977370571435e-6,688,688,688,0.36457926001700225
0.00559003215953802,0.047015922570408965,0.005133659444630125,4.924509129865528e-6,3.797736413792371e-14,1.0000000000036497,2.1528521187974548e-7,6.248616688335191e-6,689,689,689,0.37455343912706657
0.005598145413760862,0.0470798989959721,0.005134043076917226,4.92450912986553e-6,3.75883067682345e-14,1.000000000003655,2.2395489907012234e-7,6.266157524970641e-6,690,690,690,0.3641903181213072
0.005606258667983704,0.047143854649520235,0.005134427232970819,4.92450912986553e-6,3.7220071736516764e-14,1.0000000000036895,2.2523547471564598e-7,6.2837202291597615e-6,691,691,691,0.3652321313364063
0.005614371922206546,0.04720778949255412,0.005134811912616224,4.92450912986553e-6,3.687221006480072e-14,1.000000000003738,2.2490018736220918e-7,6.3013047827261655e-6,692,692,692,0.36523823251118437
0.0056224851764293884,0.04727170348680203,0.005135197115677973,4.92450912986553e-6,3.654529907062501e-14,1.0000000000037803,2.230007289938385e-7,6.318911167452812e-6,693,693,693,0.3650729269296946
0.005630598430652231,0.04733559659400495,0.005135582841980696,4.92450912986553e-6,3.623914053895377e-14,1.000000000003816,2.2666131194171157e-7,6.336539365082286e-6,694,694,694,0.36766853028247537
0.005638711684875073,0.04739946877592419,0.005135969091348102,4.92450912986553e-6,3.5953165054387036e-14,1.0000000000038483,2.2044619463201798e-7,6.354189357316939e-6,695,695,695,0.36534054919961984
0.005646824939097915,0.04746331999437991,0.0051363558636043465,4.92450912986553e-6,3.56857752400001e-14,1.0000000000038753,2.2821367018366345e-7,6.371861125818429e-6,696,696,696,0.3748516889110355
0.005654938193320757,0.047527150211333115,0.005136743158572892,4.92450912986553e-6,3.54392115074596e-14,1.0000000000038978,2.127723330858089e-7,6.38955465220673e-6,697,697,697,0.36555470540507046
0.005663051447543599,0.04759095938884287,0.0051371309760767075,4.92450912986553e-6,3.521280432878719e-14,1.0000000000039158,1.9845330001544426e-7,6.407269918059282e-6,698,698,698,0.3618800760086602
0.005671164701766441,0.04765474748973714,0.005137519315938768,4.92450912986553e-6,3.500519401184795e-14,1.000000000003876,2.1023387475338495e-7,6.425006904910937e-6,699,699,699,0.36719217254456954
0.005679277955989283,0.04771851447623731,0.005137908177981396,4.92450912986553e-6,3.481821713496204e-14,1.0000000000038936,2.0932669997364428e-7,6.442765594254832e-6,700,700,700,0.369139688017782
0.0056873912102121255,0.04778226031134612,0.005138297562026865,4.92450912986553e-6,3.4650250314233813e-14,1.0000000000038318,2.1230229219071362e-7,6.4605459675435866e-6,701,701,701,0.3672689059582288
0.005695504464434968,0.04784598495776512,0.005138687467897055,4.92450912986553e-6,3.4502231146478634e-14,1.0000000000038545,2.216755303763307e-7,6.478348006189955e-6,702,702,702,0.3732263364315089
0.00570361771865781,0.04790968837838494,0.005139077895413368,4.92450912986553e-6,3.4374237081933887e-14,1.0000000000038738,2.1505114933262348e-7,6.496171691566933e-6,703,703,703,0.36853183376620363
0.005711730972880652,0.047973370536105675,0.005139468844396946,4.92450912986553e-6,3.426484531932758e-14,1.0000000000038916,2.07942066232647e-7,6.5140170050077745e-6,704,704,704,0.3662046435330677
0.005719844227103494,0.04803703139379261,0.005139860314668796,4.92450912986553e-6,3.4174880144590504e-14,1.0000000000039082,2.0717241611123427e-7,6.531883927806397e-6,705,705,705,0.3724916956470985
0.005727957481326336,0.048100670914720575,0.005140252306049387,4.924509129865528e-6,3.410552979622701e-14,1.00000000000384,2.122118560876629e-7,6.549772441227615e-6,706,706,706,0.36765841924549847
0.005736070735549178,0.04816428906148645,0.005140644818358964,4.92450912986553e-6,3.405597717615954e-14,1.0000000000038578,2.0715752491184958e-7,6.5676825264782265e-6,707,707,707,0.37223210510093363
0.00574418398977202,0.04822788579738849,0.005141037851417909,4.92450912986553e-6,3.402781190861778e-14,1.0000000000037927,2.134649816909473e-7,6.585614164735625e-6,708,708,708,0.36972006687103215
0.0057522972439948625,0.04829146108501614,0.005141431405045077,4.92450912986553e-6,3.402095086503298e-14,1.000000000003814,2.0520429977466392e-7,6.603567337131703e-6,709,709,709,0.3716619605205752
0.005760410498217705,0.048355014887675934,0.0051418254790603305,4.92450912986553e-6,3.40355856447241e-14,1.0000000000037534,2.160984999832749e-7,6.621542024763314e-6,710,710,710,0.373641601775802
0.005768523752440547,0.04841854716852211,0.0051422200733038225,4.92450912986553e-6,3.4072591386513584e-14,1.0000000000037776,2.0935759437179513e-7,6.639538208694734e-6,711,711,711,0.37375457100989745
0.005776637006663389,0.048482057891502214,0.005142615187620374,4.92450912986553e-6,3.4131507747520336e-14,1.0000000000037195,2.039032018785747e-7,6.6575558699577074e-6,712,712,712,0.3694124377445072
0.005784750260886231,0.04854554701939603,0.005143010821828789,4.92450912986553e-6,3.4213433511175165e-14,1.0000000000036635,2.0786584009613307e-7,6.675594989518104e-6,713,713,713,0.37249926568153147
0.005792863515109073,0.048609014515063435,0.00514340697574689,4.92450912986553e-6,3.431846786210532e-14,1.0000000000036349,1.9274919793588197e-7,6.69365554828745e-6,714,714,714,0.3641125671300744
0.005800976769331915,0.04867246034219905,0.005143803649192453,4.924509129865528e-6,3.444695313276451e-14,1.0000000000036342,1.926888444359065e-7,6.711737527187941e-6,715,715,715,0.3654613459220708
0.005809090023554757,0.04873588446436102,0.005144200841983179,4.92450912986553e-6,3.460087890213777e-14,1.0000000000036344,1.9220571800815378e-7,6.729840907050574e-6,716,716,716,0.36572087557490285
0.0058172032777775995,0.048799286845356935,0.0051445985539362955,4.92450912986553e-6,3.477925024913888e-14,1.0000000000036333,1.9442492060761651e-7,6.747965668653838e-6,717,717,717,0.36834921146327576
0.005825316532000442,0.04886266744907417,0.005144996784868421,4.92450912986553e-6,3.498290000642393e-14,1.0000000000036333,1.9695579567269306e-7,6.766111792724651e-6,718,718,718,0.37286774798466626
0.005833429786223284,0.048926026239386626,0.005145395534596255,4.92450912986553e-6,3.5211623080106156e-14,1.0000000000036322,1.951150707668603e-7,6.7842792599382514e-6,719,719,719,0.37040095233228115
0.005841543040446126,0.0489893631802822,0.005145794802940503,4.92450912986553e-6,3.546663647459255e-14,1.0000000000036324,2.1747157319396138e-7,6.802468050924994e-6,720,720,720,0.37384695468847695
0.005849656294668968,0.0490526782379505,0.005146194589795219,4.924509129865528e-6,3.57472531405223e-14,1.0000000000036178,1.9690094177349238e-7,6.820678145517334e-6,721,721,721,0.3723435482981202
0.00585776954889181,0.049115971376833364,0.005146594894975244,4.92450912986553e-6,3.605499307740239e-14,1.0000000000036198,2.2651484954394618e-7,6.838909525067258e-6,722,722,722,0.37100939572580355
0.005865882803114652,0.04917924256140333,0.005146995718295761,4.92450912986553e-6,3.638877916285304e-14,1.0000000000036091,2.424081699814451e-7,6.8571621700982e-6,723,723,723,0.3745859337114875
0.005873996057337494,0.04924249175560691,0.005147397059570743,4.92450912986553e-6,3.6749150330005466e-14,1.0000000000035854,2.3091816103715246e-7,6.875436061090315e-6,724,724,724,0.37109020819366395
0.0058821093115603365,0.04930571892430276,0.005147798918614901,4.924509129865531e-6,3.7136505401954764e-14,1.0000000000035643,1.9888276625579238e-7,6.8937311784576705e-6,725,725,725,0.3740455384273435
0.005890222565783179,0.0493689240314145,0.005148201295242012,4.92450912986553e-6,3.755095069182897e-14,1.0000000000035725,2.2007785815958414e-7,6.9120475026174995e-6,726,726,726,0.3721461585269406
0.005898335820006021,0.04943210704188767,0.00514860418926563,4.92450912986553e-6,3.799285187347398e-14,1.0000000000035827,2.0215173535120812e-7,6.930385013923563e-6,727,727,727,0.3731520629608016
0.005906449074228863,0.04949526791975474,0.005149007600498856,4.92450912986553e-6,3.8461436497089215e-14,1.000000000003587,2.513727466180171e-7,6.948743692678975e-6,728,728,728,0.37238926510675485
0.005914562328451705,0.04955840663093668,0.005149411528776343,4.92450912986553e-6,3.895840127821413e-14,1.000000000003576,1.9193391409544347e-7,6.967123519173391e-6,729,729,729,0.3665670268226943
0.005922675582674547,0.04962152313987659,0.005149815973910886,4.92450912986553e-6,3.948301986785963e-14,1.0000000000035834,1.9921406391176788e-7,6.9855244736449135e-6,730,730,730,0.3640773883576945
0.005930788836897389,0.049684617412408594,0.00515022093571512,4.92450912986553e-6,4.003704244258399e-14,1.00000000000361,1.863293519477338e-7,7.003946536290617e-6,731,731,731,0.3626805961509365
0.005938902091120231,0.04974768941347309,0.005150626414001401,4.92450912986553e-6,4.061759994060401e-14,1.0000000000036362,2.0753042662136068e-7,7.02238968726897e-6,732,732,732,0.36929884651893047
0.0059470153453430735,0.04981073910881096,0.005151032408581708,4.92450912986553e-6,4.1227894254247666e-14,1.0000000000035774,1.8927709533045345e-7,7.040853906701458e-6,733,733,733,0.36652909910272896
0.005955128599565916,0.04987376646352119,0.005151438919267799,4.92450912986553e-6,4.11740349787522e-14,1.0000000000036096,2.0755841489972227e-7,7.059339174672981e-6,734,734,734,0.374926726742673
0.005963241853788758,0.04993677144336814,0.005151845945870752,4.92450912986553e-6,4.0682746315400065e-14,1.0000000000035714,2.0191897220911414e-7,7.077845471231678e-6,735,735,735,0.3711271721291737
0.0059713551080116,0.04999975401219091,0.005152253488201766,4.92450912986553e-6,4.0218522969534973e-14,1.0000000000035618,1.9336630430188961e-7,7.096372775970622e-6,736,736,736,0.36037666661133294
0.005979468362234442,0.05006271413737371,0.005152661546071867,4.92450912986553e-6,3.978098589834456e-14,1.000000000003575,1.9143691076806135e-7,7.114921069280473e-6,737,737,737,0.3587823580731658
0.005987581616457284,0.05012565178453617,0.005153070119291306,4.92450912986553e-6,3.936870274991895e-14,1.000000000003588,1.992340514789248e-7,7.133490331099708e-6,738,738,738,0.36711535251370775
0.005995694870680126,0.050188566919392046,0.005153479207670345,4.924509129865531e-6,3.8982486031689706e-14,1.0000000000035982,1.9373631943153669e-7,7.152080541330308e-6,739,739,739,0.3641997630983172
0.006003808124902968,0.050251459507662986,0.005153888811018628,4.92450912986553e-6,3.862092414651866e-14,1.000000000003609,1.994754583733993e-7,7.17069167983713e-6,740,740,740,0.36607235299818014
0.0060119213791258105,0.05031432951520542,0.005154298929146123,4.92450912986553e-6,3.828493577911798e-14,1.000000000003617,1.9777637305651297e-7,7.189323726447157e-6,741,741,741,0.3658200142393661
0.006020034633348653,0.05037717690813272,0.005154709561861875,4.92450912986553e-6,3.797290476845557e-14,1.0000000000036298,1.9782975613225062e-7,7.207976660948938e-6,742,742,742,0.36649244995542135
0.006028147887571495,0.05044000165277052,0.0051551207089750905,4.92450912986553e-6,3.768578789009285e-14,1.0000000000036542,1.9976278764488598e-7,7.2266504630937625e-6,743,743,743,0.3673559963277461
0.006036261141794337,0.050502803715536615,0.005155532370294317,4.92450912986553e-6,3.742305143714295e-14,1.0000000000036784,1.9637989367993214e-7,7.245345112597645e-6,744,744,744,0.3664403292409936
0.006044374396017179,0.05056558306276801,0.005155944545628087,4.924509129865531e-6,3.718356663879793e-14,1.0000000000036997,1.9480764024137898e-7,7.26406058914187e-6,745,745,745,0.36476145454536746
0.006052487650240021,0.05062833966097924,0.005156357234784672,4.92450912986553e-6,3.6968223631099766e-14,1.0000000000037215,1.9642205728587214e-7,7.282796872375317e-6,746,746,746,0.36888630975190445
0.006060600904462863,0.05069107347710176,0.005156770437572018,4.92450912986553e-6,3.6775488020540506e-14,1.00000000000374,1.9530075689999649e-7,7.301553941916166e-6,747,747,747,0.36369500906397995
0.006068714158685705,0.05075378447815874,0.0051571841537973034,4.92450912986553e-6,3.6606992411129717e-14,1.0000000000037592,2.0529540023517256e-7,7.320331777358148e-6,748,748,748,0.3735055174118514
0.0060768274129085476,0.05081647263129418,0.005157598383268029,4.924509129865528e-6,3.646098713021686e-14,1.0000000000037752,1.974038923435728e-7,7.3391303583848324e-6,749,749,749,0.36505875635555474
0.00608494066713139,0.050879137903172555,0.005158013125791142,4.92450912986553e-6,3.6340257235418117e-14,1.000000000003803,1.9390893157833489e-7,7.3579496644230845e-6,750,750,750,0.36136499167833064
0.006093053921354232,0.05094178026107776,0.005158428381173467,4.92450912986553e-6,3.624212874184311e-14,1.0000000000038363,1.9940784312666437e-7,7.376789675012646e-6,751,751,751,0.3619578284289235
0.006101167175577074,0.051004399672347114,0.005158844149221232,4.92450912986553e-6,3.616964905539929e-14,1.0000000000038707,2.0077855111821918e-7,7.3956503696374576e-6,752,752,752,0.36607906111794875
0.006109280429799916,0.051066996104527175,0.005159260429740814,4.92450912986553e-6,3.612109620276156e-14,1.0000000000039035,1.9965220587891963e-7,7.41453172777639e-6,753,753,753,0.36547894202923176
0.006117393684022758,0.05112956952535956,0.0051596772225379174,4.92450912986553e-6,3.6098875254765475e-14,1.0000000000039377,1.9857044719628902e-7,7.433433728885224e-6,754,754,754,0.3682754028313111
0.0061255069382456,0.05119211990235979,0.005160094527418147,4.92450912986553e-6,3.610140411183014e-14,1.00000000000397,1.9432078346426351e-7,7.452356352391759e-6,755,755,755,0.3688960466273902
0.0061336201924684424,0.051254647202965256,0.005160512344186718,4.924509129865531e-6,3.613146595777516e-14,1.0000000000040035,2.21543444922645e-7,7.471299577700197e-6,756,756,756,0.3703227365953205
0.006141733446691285,0.051317151395077816,0.005160930672648735,4.92450912986553e-6,3.618754361379289e-14,1.000000000003994,1.9808392437425937e-7,7.490263384195199e-6,757,757,757,0.3742384691945046
0.006149846700914127,0.05137963244648847,0.0051613495126090585,4.92450912986553e-6,3.6272581679596446e-14,1.0000000000040283,2.2414647560253798e-7,7.509247751240191e-6,758,758,758,0.36906307530962096
0.006157959955136969,0.051442090325313244,0.00516176886387236,4.92450912986553e-6,3.638517127134594e-14,1.0000000000040214,2.273863373147833e-7,7.528252658175668e-6,759,759,759,0.37399577120779454
0.006166073209359811,0.051504524999598525,0.005162188726242395,4.92450912986553e-6,3.652823095358713e-14,1.0000000000040206,2.2428814361319382e-7,7.54727808431759e-6,760,760,760,0.37013241798711705
0.006174186463582653,0.051566936437600984,0.005162609099523469,4.92450912986553e-6,3.6699668577367165e-14,1.0000000000040348,2.2510668884478946e-7,7.5663240089562195e-6,761,761,761,0.3724371167266223
0.006182299717805495,0.05162932460762505,0.005163029983519116,4.92450912986553e-6,3.690322770192151e-14,1.000000000004051,2.0359551911042217e-7,7.5853904113302635e-6,762,762,762,0.37376945784675103
0.006190412972028337,0.051691689478498115,0.005163451378032767,4.92450912986553e-6,3.7136199668873164e-14,1.0000000000040397,2.229278095455811e-7,7.604477270704642e-6,763,763,763,0.37218232289152037
0.0061985262262511795,0.05175403101886205,0.005163873282867516,4.92450912986553e-6,3.7401357090666244e-14,1.000000000004058,2.0224828034542952e-7,7.623584566296024e-6,764,764,764,0.3708186244324439
0.006206639480474022,0.051816349197891735,0.005164295697826196,4.92450912986553e-6,3.7698685883140445e-14,1.0000000000041094,2.2307001756871614e-7,7.642712277299722e-6,765,765,765,0.37397655423462584
0.006214752734696864,0.05187864398456373,0.005164718622711794,4.92450912986553e-6,3.8028731251015166e-14,1.0000000000041276,2.0138330825147932e-7,7.661860382891136e-6,766,766,766,0.3680485972676376
0.006222865988919706,0.051940915348128884,0.005165142057326314,4.92450912986553e-6,3.8390740925893744e-14,1.0000000000041753,2.1776020275865449e-7,7.68102886221554e-6,767,767,767,0.3716151251917459
0.006230979243142548,0.05200316325761932,0.005165566001472146,4.924509129865528e-6,3.8785271239270415e-14,1.0000000000041864,2.1648172321420134e-7,7.700217694399974e-6,768,768,768,0.3718330318197201
0.00623909249736539,0.05206538768237383,0.0051659904549512985,4.92450912986553e-6,3.921194400966747e-14,1.0000000000042009,2.219736359165836e-7,7.719426858555523e-6,769,769,769,0.3646912001712075
0.006247205751588232,0.05212758859221829,0.005166415417564751,4.92450912986553e-6,3.9672326130211837e-14,1.0000000000041922,2.0696973024314502e-7,7.738656333778216e-6,770,770,770,0.36870283215510147
0.006255319005811074,0.052189765956610866,0.005166840889114552,4.92450912986553e-6,4.016475097885244e-14,1.0000000000042113,2.1397737270945072e-7,7.757906099149366e-6,771,771,771,0.37368416302355006
0.0062634322600339165,0.05225191974546843,0.005167266869401332,4.92450912986553e-6,4.0691056137247983e-14,1.0000000000042322,2.0987766902180738e-7,7.777176133735181e-6,772,772,772,0.3710158277020075
0.006271545514256759,0.05231404992869012,0.005167693358226117,4.92450912986553e-6,4.125060534108239e-14,1.0000000000042517,2.1099582170336362e-7,7.796466416586988e-6,773,773,773,0.36813777215628574
0.006279658768479601,0.05237615647562834,0.0051681203553894045,4.924509129865531e-6,4.1844275038751557e-14,1.0000000000042908,2.090425255119044e-7,7.81577692624301e-6,774,774,774,0.3706361239910921
0.006287772022702443,0.05243823935726608,0.005168547860691754,4.92450912986553e-6,4.247161047720987e-14,1.0000000000043001,2.0969812908333552e-7,7.835107642215695e-6,775,775,775,0.3698567774668988
0.006295885276925285,0.0525002985437558,0.005168975873933014,4.92450912986553e-6,4.313235347502095e-14,1.0000000000043126,2.1362293978199887e-7,7.854458543511975e-6,776,776,776,0.37204001301202977
0.006303998531148127,0.05256233400553166,0.005169404394913325,4.92450912986553e-6,4.382902856961585e-14,1.0000000000043254,2.1423520024654863e-7,7.873829609124965e-6,777,777,777,0.371387649203608
0.006312111785370969,0.052624345713174675,0.005169833423432118,4.92450912986553e-6,4.442906052038472e-14,1.0000000000043414,2.1354998125389102e-7,7.893220818033454e-6,778,778,778,0.37211417071554054
0.006320225039593811,0.052686333637435516,0.0051702629592887015,4.924509129865528e-6,4.385453451326654e-14,1.000000000004364,2.203698130642806e-7,7.912632149200617e-6,779,779,779,0.3720346121147059
0.0063283382938166535,0.05274829774903036,0.005170693002282187,4.92450912986553e-6,4.3313447004698164e-14,1.000000000004387,2.1833517394043156e-7,7.932063581567892e-6,780,780,780,0.37065149090333355
0.006336451548039496,0.05281023801875699,0.005171123552211499,4.92450912986553e-6,4.280421622784184e-14,1.0000000000044087,2.1873911748571118e-7,7.951515094055534e-6,781,781,781,0.37057750374944154
0.006344564802262338,0.052872154417662014,0.005171554608875376,4.92450912986553e-6,4.2326640701744793e-14,1.0000000000044316,2.224380608595311e-7,7.970986665564377e-6,782,782,782,0.37041318489066705
0.00635267805648518,0.05293404691689588,0.005171986172072225,4.924509129865528e-6,4.1880547643995527e-14,1.000000000004455,2.2709296843004267e-7,7.99047827496604e-6,783,783,783,0.37132459215239094
0.006360791310708022,0.0529959154878911,0.005172418241600197,4.92450912986553e-6,4.146577150612783e-14,1.0000000000044782,2.2911024188942974e-7,8.009989901125413e-6,784,784,784,0.36983707346737293
0.006368904564930864,0.053057760102194144,0.005172850817257044,4.924509129865528e-6,4.1080750232320815e-14,1.000000000004499,2.259633760104407e-7,8.029521522877454e-6,785,785,785,0.3683216292311802
0.006377017819153706,0.053119580730105434,0.005173283898840502,4.92450912986553e-6,4.0723945961109276e-14,1.000000000004519,2.0824097646254813e-7,8.049073118823156e-6,786,786,786,0.36213514719718176
0.006385131073376548,0.05318137734520617,0.005173717486148077,4.92450912986553e-6,4.0398056649924974e-14,1.0000000000044968,2.3267016047157085e-7,8.068644667967768e-6,787,787,787,0.3698427196499088
0.0063932443275993905,0.05324314991894889,0.005174151578976935,4.92450912986553e-6,4.009992705130388e-14,1.000000000004513,2.1588704157693428e-7,8.088236149088051e-6,788,788,788,0.37433084734944194
0.006401357581822233,0.05330489842388141,0.005174586177124029,4.92450912986553e-6,3.9829752885982456e-14,1.0000000000045357,2.3640929214252537e-7,8.107847540965224e-6,789,789,789,0.3697439924667903
0.006409470836045075,0.05336662283201017,0.005175021280386232,4.924509129865531e-6,3.9587599690903725e-14,1.0000000000045484,2.1796253690808953e-7,8.127478822321416e-6,790,790,790,0.3698446159528771
0.006417584090267917,0.05342832311683141,0.0051754568885600824,4.92450912986553e-6,3.937450852476706e-14,1.0000000000045748,2.465949222596464e-7,8.147129971185507e-6,791,791,791,0.37276932756085746
0.006425697344490759,0.05348999924978247,0.005175893001441701,4.92450912986553e-6,3.9189434746049426e-14,1.0000000000045823,2.1435795360957854e-7,8.166800966964337e-6,792,792,792,0.371868288715895
0.006433810598713601,0.0535516512034752,0.005176329618827128,4.924509129865531e-6,3.903122293374524e-14,1.0000000000046274,2.141217834150666e-7,8.186491788364647e-6,793,793,793,0.36831786871130195
0.006441923852936443,0.05361327895046378,0.00517676674051264,4.92450912986553e-6,3.8901350597241454e-14,1.0000000000046751,2.0142927326105564e-7,8.206202414079825e-6,794,794,794,0.3648702269781583
0.006450037107159285,0.053674882463638426,0.00517720436629327,4.92450912986553e-6,3.880161123695667e-14,1.000000000004646,2.157852492246093e-7,8.225932822791443e-6,795,795,795,0.37443453334686316
0.0064581503613821275,0.05373646171564797,0.005177642495964959,4.924509129865531e-6,3.8730157277917703e-14,1.0000000000046945,1.978238941546806e-7,8.245682993170444e-6,796,796,796,0.3636495847821061
0.00646626361560497,0.05379801667960748,0.005178081129322549,4.92450912986553e-6,3.868816373822409e-14,1.0000000000046807,1.9711387722054496e-7,8.265452903877619e-6,797,797,797,0.3632212074815128
0.006474376869827812,0.053859547328612485,0.005178520266160984,4.92450912986553e-6,3.867711965312873e-14,1.0000000000047151,2.0283259516418184e-7,8.285242533564197e-6,798,798,798,0.3726125906438944
0.006482490124050654,0.053921053636063754,0.005178959906275413,4.92450912986553e-6,3.869659499281568e-14,1.000000000004744,1.9844046050820907e-7,8.305051860871852e-6,799,799,799,0.3651785420775688
0.006490603378273496,0.053982535575640624,0.005179400049460012,4.92450912986553e-6,3.874856721852178e-14,1.0000000000047697,2.0489628127506876e-7,8.32488086443172e-6,800,800,800,0.3737976990353577
0.006498716632496338,0.054043993121112376,0.005179840695509302,4.924509129865528e-6,3.883435567469664e-14,1.000000000004791,1.9636159720448632e-7,8.344729522862333e-6,801,801,801,0.3648147263574672
0.00650682988671918,0.05410542624655278,0.005180281844217469,4.92450912986553e-6,3.8953783514149165e-14,1.0000000000048106,2.172076962736469e-7,8.364597814769135e-6,802,802,802,0.371562469849762
0.006514943140942022,0.05416683492519415,0.0051807234953785,4.92450912986553e-6,3.9107426988651314e-14,1.0000000000047902,2.0348211648979486e-7,8.384485718743861e-6,803,803,803,0.3647036217074385
0.0065230563951648645,0.054228219131379825,0.005181165648785748,4.92450912986553e-6,3.929774945389899e-14,1.0000000000048088,2.166269172931834e-7,8.404393213364257e-6,804,804,804,0.3599167293152549
0.006531169649387707,0.05428957883957999,0.005181608304233243,4.92450912986553e-6,3.952576660365934e-14,1.0000000000047504,2.0450872106891893e-7,8.424320277193622e-6,805,805,805,0.3649956721437803
0.006539282903610549,0.054350914024269004,0.005182051461514154,4.92450912986553e-6,3.979115507746074e-14,1.0000000000047709,2.2164112856160045e-7,8.444266888778805e-6,806,806,806,0.36140062579362847
0.006547396157833391,0.05441222466039829,0.005182495120421522,4.924509129865528e-6,4.009517279348778e-14,1.0000000000047193,2.1019159746060723e-7,8.464233026651339e-6,807,807,807,0.364983486973598
0.006555509412056233,0.054473510722779936,0.005182939280748283,4.92450912986553e-6,4.043677333712414e-14,1.0000000000047486,2.327143597824488e-7,8.484218669328296e-6,808,808,808,0.36784561305838737
0.006563622666279075,0.05453477218674121,0.005183383942287121,4.92450912986553e-6,4.081815322886749e-14,1.0000000000047025,2.1053476739751886e-7,8.504223795313102e-6,809,809,809,0.36457379525303235
0.006571735920501917,0.054596009027439475,0.005183829104830687,4.92450912986553e-6,4.1238800242308735e-14,1.0000000000047307,2.251352659854433e-7,8.524248383096248e-6,810,810,810,0.3722383073388957
0.006579849174724759,0.05465722122032561,0.005184274768171251,4.924509129865531e-6,4.169969629711838e-14,1.000000000004757,2.134405319154098e-7,8.544292411155627e-6,811,811,811,0.3658893389302052
0.0065879624289476016,0.054718408740912355,0.005184720932100855,4.924509129865528e-6,4.220052587048005e-14,1.0000000000047817,2.211809402297149e-7,8.564355857956542e-6,812,812,812,0.36971300134959045
0.006596075683170444,0.054779571564808026,0.005185167596411316,4.92450912986553e-6,4.2740672829649963e-14,1.0000000000048024,2.1804571481709445e-7,8.584438701951946e-6,813,813,813,0.3683304988188812
0.006604188937393286,0.05484070966771265,0.005185614760894362,4.92450912986553e-6,4.331973137255366e-14,1.000000000004822,2.2921042841517192e-7,8.604540921582268e-6,814,814,814,0.37328605015146954
0.006612302191616128,0.05490182302938412,0.005186062425432164,4.92450912986553e-6,4.3938756398787404e-14,1.0000000000048377,2.2088697537725466e-7,8.62466249565554e-6,815,815,815,0.36941427043749187
0.00662041544583897,0.05496291162732135,0.005186510589861397,4.92450912986553e-6,4.459755583275324e-14,1.0000000000048526,2.2836441626594706e-7,8.644803402334391e-6,816,816,816,0.3725138680556363
0.006628528700061812,0.05502397543826129,0.0051869592540226975,4.92450912986553e-6,4.5295958982542807e-14,1.000000000004865,2.1915285142171115e-7,8.664963619643839e-6,817,817,817,0.3694522105604542
0.006636641954284654,0.05508501444000594,0.005187408417706392,4.92450912986553e-6,4.603516933952618e-14,1.000000000004878,2.284086919601691e-7,8.685143126585942e-6,818,818,818,0.37455293891605507
0.0066447552085074964,0.055146028608950806,0.005187858080702314,4.92450912986553e-6,4.681416969711569e-14,1.0000000000048892,2.2246715580820364e-7,8.705341901629892e-6,819,819,819,0.372282722109041
0.006652868462730339,0.05520701792166818,0.0051883082427999876,4.92450912986553e-6,4.7636133201359594e-14,1.0000000000049007,2.25608399517796e-7,8.72555992326106e-6,820,820,820,0.36204177471432386
0.006660981716953181,0.055267982354987394,0.005188758903789173,4.92450912986553e-6,4.8026625367820325e-14,1.0000000000048752,2.2057298565414385e-7,8.745797169957761e-6,821,821,821,0.37257135733503766
0.006669094971176023,0.05532892188556439,0.005189210063459184,4.92450912986553e-6,4.738546814902912e-14,1.00000000000489,2.2604913851864694e-7,8.766053620190984e-6,822,822,822,0.3715303188467648
0.006677208225398865,0.05538983649038001,0.005189661721599158,4.924509129865531e-6,4.678472540561877e-14,1.0000000000049045,2.1725936960592662e-7,8.78632925242354e-6,823,823,823,0.3736198569099665
0.006685321479621707,0.05545072614630057,0.0051901138779982285,4.924509129865531e-6,4.622194270977588e-14,1.0000000000048912,2.1839862540673494e-7,8.806624045108715e-6,824,824,824,0.373278818017485
0.006693434733844549,0.0555115908305511,0.005190566532445157,4.92450912986553e-6,4.569682826644248e-14,1.0000000000048828,1.9687024632730754e-7,8.8269379767072e-6,825,825,825,0.3660474494677545
0.006701547988067391,0.05557243052030198,0.005191019684728563,4.92450912986553e-6,4.5208052458564997e-14,1.0000000000048879,2.0532908706627495e-7,8.847271025629282e-6,826,826,826,0.3741835738934356
0.0067096612422902335,0.055633245192733716,0.005191473334636778,4.92450912986553e-6,4.4755653016364576e-14,1.0000000000049043,1.8455024530794617e-7,8.867623170288726e-6,827,827,827,0.3691086005199372
0.006717774496513076,0.055694034825834515,0.0051919274819582075,4.924509129865528e-6,4.4339379194620563e-14,1.0000000000049254,1.8078775099183986e-7,8.887994389082967e-6,828,828,828,0.3640570177323969
0.006725887750735918,0.055754799395187946,0.005192382126480833,4.92450912986553e-6,4.3957974926968735e-14,1.0000000000049014,1.8573302895674715e-7,8.908384660392289e-6,829,829,829,0.3666810135301159
0.00673400100495876,0.055815538880291136,0.005192837267992298,4.92450912986553e-6,4.360998528893031e-14,1.0000000000048899,1.990713798249999e-7,8.928793962581237e-6,830,830,830,0.37433364060619384
0.006742114259181602,0.055876253259896445,0.0051932929063167425,4.924509129865531e-6,4.3295327665573385e-14,1.0000000000048654,1.8246335287130933e-7,8.949222274017556e-6,831,831,831,0.36869304197463154
0.006750227513404444,0.055936942512095175,0.0051937490412526256,4.92450912986553e-6,4.301434609776055e-14,1.0000000000048896,2.163084786843683e-7,8.969669573059664e-6,832,832,832,0.3750155314339833
0.006758340767627286,0.05599760661516575,0.005194205672587223,4.92450912986553e-6,4.2765846348175474e-14,1.000000000004867,1.8118804234745767e-7,8.990135838058038e-6,833,833,833,0.36863262467177915
0.006766454021850128,0.05605824554709627,0.005194662800107523,4.92450912986553e-6,4.2550215250135813e-14,1.000000000004875,2.1398953720108693e-7,9.010621047346659e-6,834,834,834,0.3703160496870723
0.0067745672760729705,0.056118859286420526,0.0051951204236010155,4.92450912986553e-6,4.236785670340036e-14,1.0000000000048694,1.8062995366108225e-7,9.031125179263079e-6,835,835,835,0.36796775522235825
0.006782680530295813,0.05617944781138794,0.005195578542853487,4.924509129865528e-6,4.221893905936695e-14,1.0000000000048699,2.1168426656004158e-7,9.05164821213843e-6,836,836,836,0.3695181827608065
0.006790793784518655,0.056240011100678805,0.005196037157652148,4.92450912986553e-6,4.210267620992183e-14,1.0000000000048737,1.8214598895838208e-7,9.07219012430298e-6,837,837,837,0.3657255267874213
0.006798907038741497,0.05630054913258475,0.005196496267782958,4.92450912986553e-6,4.202013264672187e-14,1.0000000000048754,1.8874238838506585e-7,9.092750894055163e-6,838,838,838,0.3699693489560835
0.006807020292964339,0.05636106188607213,0.005196955873032326,4.92450912986553e-6,4.197246094168238e-14,1.0000000000048996,1.8635940568501042e-7,9.113330499749624e-6,839,839,839,0.36459300673819195
0.006815133547187181,0.0564215493399118,0.00519741597318626,4.92450912986553e-6,4.1960142680472816e-14,1.0000000000049274,1.9277393015215694e-7,9.133928919713388e-6,840,840,840,0.36973140154097706
0.006823246801410023,0.0564820114732555,0.005197876568030171,4.92450912986553e-6,4.198518456717763e-14,1.0000000000049198,1.9570924791878497e-7,9.154546132271243e-6,841,841,841,0.37479136390129875
0.006831360055632865,0.05654244826410299,0.005198337657350377,4.92450912986553e-6,4.204772416947345e-14,1.0000000000049458,1.984201469795721e-7,9.17518211564325e-6,842,842,842,0.3661821947352747
0.0068394733098557075,0.0566028596920446,0.005198799240931607,4.92450912986553e-6,4.214833564212216e-14,1.0000000000049687,1.9668533468575333e-7,9.195836847037981e-6,843,843,843,0.3749962881134574
0.00684758656407855,0.056663245736463065,0.005199261318559728,4.92450912986553e-6,4.228993674372485e-14,1.0000000000049942,1.9988020127925665e-7,9.216510305898508e-6,844,844,844,0.36665111131359274
0.006855699818301392,0.056723606376945165,0.005199723890019388,4.92450912986553e-6,4.2474754479084634e-14,1.0000000000050149,1.988883169268263e-7,9.23720247056256e-6,845,845,845,0.36577409711108866
0.006863813072524234,0.05678394159315324,0.005200186955095744,4.92450912986553e-6,4.2701781789056686e-14,1.0000000000050362,1.9200633261107214e-7,9.257913319302788e-6,846,846,846,0.37262367816842884
0.006871926326747076,0.05684425136457691,0.00520065051357343,4.92450912986553e-6,4.2973844382982075e-14,1.000000000005062,2.0202310935246715e-7,9.278642830378144e-6,847,847,847,0.3691138714417968
0.006880039580969918,0.05690453566999557,0.005201114565237383,4.92450912986553e-6,4.329233855034346e-14,1.000000000005086,2.0461512661995584e-7,9.29939098202751e-6,848,848,848,0.3687629808421928
0.00688815283519276,0.05696479448948277,0.005201579109871652,4.92450912986553e-6,4.3656510847107716e-14,1.0000000000050677,2.027601420095948e-7,9.320157752501451e-6,849,849,849,0.37117538139864553
0.006896266089415602,0.05702502780304643,0.005202044147260682,4.92450912986553e-6,4.406856361922774e-14,1.0000000000051,2.0920034415894406e-7,9.340943120030787e-6,850,850,850,0.371868447135263
0.0069043793436384445,0.057085235591073154,0.0052025096771886525,4.92450912986553e-6,4.4527464940532575e-14,1.0000000000051001,2.0681722867621488e-7,9.361747062839781e-6,851,851,851,0.37301355151609294
0.006912492597861287,0.05714541783353263,0.005202975699439368,4.92450912986553e-6,4.5034229710193614e-14,1.0000000000051212,2.122387172676099e-7,9.382569559148808e-6,852,852,852,0.36942914492498335
0.006920605852084129,0.057205574510947134,0.005203442213796572,4.92450912986553e-6,4.55872587476556e-14,1.0000000000051483,2.091158426420492e-7,9.403410587176927e-6,853,853,853,0.37235952658347427
0.006928719106306971,0.05726570560347677,0.005203909220044068,4.924509129865531e-6,4.618656597036547e-14,1.0000000000051659,2.2298461033187778e-7,9.424270125143899e-6,854,854,854,0.3731173092603158
0.006936832360529813,0.057325811091753824,0.005204376717965434,4.92450912986553e-6,4.6833375533802894e-14,1.0000000000051676,2.110764285578881e-7,9.445148151269574e-6,855,855,855,0.3722560224805617
0.006944945614752655,0.05738589095673573,0.00520484470734352,4.924509129865528e-6,4.752747685501195e-14,1.000000000005183,2.1294752627909475e-7,9.466044643776218e-6,856,856,856,0.36664268332622296
0.006953058868975497,0.05744594517762294,0.005205313187961492,4.92450912986553e-6,4.826864770530723e-14,1.000000000005192,2.1664601357329616e-7,9.486959580892119e-6,857,857,857,0.37373815330408344
0.006961172123198339,0.057505973735383555,0.005205782159602903,4.92450912986553e-6,4.905564177065501e-14,1.000000000005221,2.181145930535422e-7,9.50789294032454e-6,858,858,858,0.37373014751900735
0.0069692853774211815,0.05756597661265406,0.005206251622049729,4.92450912986553e-6,4.989159075364935e-14,1.0000000000051779,2.1803686367505293e-7,9.52884470083229e-6,859,859,859,0.37214234074424757
0.006977398631644024,0.057625953790497904,0.005206721575085387,4.92450912986553e-6,5.0774142091544796e-14,1.000000000005215,2.0881447682086218e-7,9.549814840655554e-6,860,860,860,0.3669217643436703
0.006985511885866866,0.057685905250156023,0.00520719201849219,4.92450912986553e-6,5.170541050605365e-14,1.0000000000052074,2.1029383656667733e-7,9.570803338036182e-6,861,861,861,0.37115889596991214
0.006993625140089708,0.05774583097328305,0.005207662952052395,4.92450912986553e-6,5.268525448638378e-14,1.0000000000052394,2.12228663865055e-7,9.591810171216239e-6,862,862,862,0.3706281981845019
0.00700173839431255,0.057805730941366984,0.005208134375548326,4.92450912986553e-6,5.25232714762974e-14,1.0000000000052698,2.1796808624685582e-7,9.61283531843455e-6,863,863,863,0.37473313995920543
0.007009851648535392,0.057865605136248895,0.005208606288762637,4.92450912986553e-6,5.1820859175487104e-14,1.0000000000052514,2.2180568493013197e-7,9.633878757925433e-6,864,864,864,0.37418466891762275
0.007017964902758234,0.05792545353980948,0.005209078691476501,4.92450912986553e-6,5.116503300550945e-14,1.000000000005243,2.1359058000047781e-7,9.654940467915836e-6,865,865,865,0.3724714294745657
0.007026078156981076,0.05798527613383949,0.005209551583471618,4.92450912986553e-6,5.0553285667376047e-14,1.0000000000052771,2.1588607151956651e-7,9.676020426584898e-6,866,866,866,0.3736297842060719
0.0070341914112039185,0.05804507290067062,0.005210024964530174,4.924509129865528e-6,4.9985855844612714e-14,1.0000000000053135,2.1393427168669987e-7,9.69711861218032e-6,867,867,867,0.37254175782665694
0.007042304665426761,0.058104843823753465,0.0052104988344335015,4.924509129865531e-6,4.946118578079718e-14,1.0000000000053468,2.1592408694370846e-7,9.718235002674046e-6,868,868,868,0.373229953201652
0.007050417919649603,0.05816458888511035,0.005210973192963118,4.924509129865528e-6,4.897931721364075e-14,1.000000000005379,2.1353317308792086e-7,9.739369576488893e-6,869,869,869,0.3718132031979068
0.007058531173872445,0.05822430806689406,0.005211448039900304,4.92450912986553e-6,4.8539022543507613e-14,1.0000000000054088,2.1762677354653093e-7,9.760522311817467e-6,870,870,870,0.37298117854109697
0.007066644428095287,0.05828400135204249,0.005211923375026159,4.92450912986553e-6,4.8138902066947336e-14,1.0000000000054385,2.166967716377144e-7,9.781693186857405e-6,871,871,871,0.37424946356885747
0.007074757682318129,0.05834366872372758,0.005212399198121634,4.92450912986553e-6,4.777794725138454e-14,1.0000000000054665,2.1625123913793232e-7,9.802882180357793e-6,872,872,872,0.3725983308290949
0.007082870936540971,0.05840331016410394,0.005212875508967668,4.92450912986553e-6,4.745471639843494e-14,1.0000000000054945,2.111730452725169e-7,9.824089269989476e-6,873,873,873,0.36942962367561727
0.007090984190763813,0.058462925655966384,0.005213352307345156,4.92450912986553e-6,4.7169712558525945e-14,1.0000000000055205,1.8940280455126413e-7,9.845314433981414e-6,874,874,874,0.37302107961717007
0.0070990974449866556,0.058522515182718185,0.005213829593035087,4.92450912986553e-6,4.6923844609844194e-14,1.0000000000054945,2.110853145609326e-7,9.866557650575556e-6,875,875,875,0.3694618041049466
0.007107210699209498,0.058582078727698814,0.005214307365817175,4.92450912986553e-6,4.671573690122813e-14,1.0000000000055256,2.1625422164106567e-7,9.887818898021637e-6,876,876,876,0.3725157981459009
0.00711532395343234,0.05864161627414558,0.005214785625472631,4.92450912986553e-6,4.654520301714803e-14,1.0000000000055531,2.108894747721024e-7,9.90909815457139e-6,877,877,877,0.3701569277296714
0.007123437207655182,0.0587011278054648,0.005215264371781281,4.92450912986553e-6,4.641309443293454e-14,1.0000000000055775,2.163061836313318e-7,9.930395398488277e-6,878,878,878,0.3721238664768825
0.007131550461878024,0.058760613305393374,0.00521574360452383,4.92450912986553e-6,4.6319153206528593e-14,1.0000000000056055,2.0886948703946473e-7,9.951710608045541e-6,879,879,879,0.36964084873838526
0.007139663716100866,0.058820072757937415,0.00521622332348018,4.92450912986553e-6,4.6266143927933026e-14,1.0000000000056337,2.168018653492254e-7,9.973043761529149e-6,880,880,880,0.37384091134367137
0.007147776970323708,0.05887950614730208,0.005216703528430352,4.92450912986553e-6,4.625490939968429e-14,1.0000000000056626,2.083368215721748e-7,9.994394837234428e-6,881,881,881,0.37059530928877776
0.0071558902245465504,0.05893891345785442,0.00521718421915446,4.92450912986553e-6,4.628384721149711e-14,1.0000000000056894,2.091642414825401e-7,1.0015763813465686e-5,882,882,882,0.3712373557324653
0.007164003478769393,0.058998294674240295,0.00521766539543211,4.924509129865531e-6,4.635660261641816e-14,1.0000000000056468,2.023207485990497e-7,1.0037150668536862e-5,883,883,883,0.3702749118065719
0.007172116732992235,0.05905764978112792,0.0052181470570431725,4.92450912986553e-6,4.6475278199635546e-14,1.0000000000056821,1.9686906682636618e-7,1.0058555380772607e-5,884,884,884,0.3731114337209969
0.007180229987215077,0.05911697876356237,0.00521862920376748,4.924509129865531e-6,4.664289680593497e-14,1.000000000005641,2.0713083870305127e-7,1.0079977928511056e-5,885,885,885,0.3719582272347123
0.007188343241437919,0.059176281606749655,0.005219111835384474,4.92450912986553e-6,4.685929330213835e-14,1.000000000005677,2.4115838215266194e-7,1.010141829010707e-5,886,886,886,0.3742121845808008
0.007196456495660761,0.05923555829591378,0.005219594951673559,4.924509129865531e-6,4.712838813774133e-14,1.0000000000056846,2.080956704730852e-7,1.0122876443888502e-5,887,887,887,0.3725944590115992
0.007204569749883603,0.0592948088160991,0.0052200785524139605,4.92450912986553e-6,4.744930369303586e-14,1.0000000000057172,2.0467294348236464e-7,1.014435236768983e-5,888,888,888,0.3742268568127404
0.007212683004106445,0.05935403315173474,0.005220562637385123,4.924509129865531e-6,4.7825042110041855e-14,1.0000000000056908,2.1145626760699088e-7,1.0165846040480395e-5,889,889,889,0.37399132095016263
0.0072207962583292875,0.05941323129054553,0.0052210472063660565,4.92450912986553e-6,4.825717870923479e-14,1.0000000000057174,2.26900894517712e-7,1.0187357440674077e-5,890,890,890,0.3747672916947454
0.00722890951255213,0.05947240321762547,0.00522153225913583,4.92450912986553e-6,4.8744326781935546e-14,1.0000000000056823,2.1624137502840313e-7,1.020888654669969e-5,891,891,891,0.37481082885854256
0.007237022766774972,0.059531548922329994,0.005222017795552574,4.92450912986553e-6,4.928822244243946e-14,1.000000000005711,2.2235844454598919e-7,1.023043333705e-5,892,892,892,0.37046940435432807
0.007245136020997814,0.0595906683932846,0.0052225038154495715,4.924509129865528e-6,4.988797087503739e-14,1.0000000000057425,2.16220549020818e-7,1.0251997790260904e-5,893,893,893,0.36866376189198324
0.007253249275220656,0.05964976161678313,0.005222990318604181,4.92450912986553e-6,5.054341917952744e-14,1.0000000000057843,2.244141725782356e-7,1.0273579884881344e-5,894,894,894,0.3724822434252544
0.007261362529443498,0.05970882857929986,0.005223477304793923,4.92450912986553e-6,5.125476706574727e-14,1.0000000000058198,2.164149321970399e-7,1.02951795994812e-5,895,895,895,0.37130907260392243
0.00726947578366634,0.059767869267455635,0.005223964773795842,4.92450912986553e-6,5.202200982080393e-14,1.000000000005852,2.232834788173932e-7,1.0316796912646128e-5,896,896,896,0.37498964559276493
0.007277589037889182,0.05982688366803207,0.0052244527253874394,4.92450912986553e-6,5.284367655717573e-14,1.0000000000058795,2.253706092858465e-7,1.0338431802984533e-5,897,897,897,0.3748281600384345
0.0072857022921120245,0.05988587176795413,0.005224941159345705,4.92450912986553e-6,5.372014941298978e-14,1.0000000000059046,2.2437101065975185e-7,1.0360084249126017e-5,898,898,898,0.3742573119364849
0.007293815546334867,0.059944833554279764,0.005225430075448155,4.924509129865531e-6,5.4651773657729424e-14,1.0000000000059266,2.714672859838174e-7,1.0381754229721946e-5,899,899,899,0.3669954953068614
0.007301928800557709,0.06000376901420437,0.0052259194734717695,4.92450912986553e-6,5.563793997101591e-14,1.0000000000059248,2.7422686343925307e-7,1.0403441723445871e-5,900,900,900,0.36789858745046783
0.007310042054780551,0.06006267813506197,0.005226409353193396,4.92450912986553e-6,5.6678278550699184e-14,1.0000000000059257,2.7425244297774043e-7,1.0425146708993806e-5,901,901,901,0.3678850384959858
0.007318155309003393,0.060121560904282334,0.005226899714390626,4.92450912986553e-6,5.777561680393817e-14,1.0000000000059304,2.7737412722217414e-7,1.0446869165074812e-5,902,902,902,0.37126369322108704
0.007326268563226235,0.06018041730963334,0.005227390556839813,4.924509129865531e-6,5.893049288543148e-14,1.0000000000059368,2.1361748281378823e-7,1.0468609070438375e-5,903,903,903,0.3687647016881303
0.007334381817449077,0.06023924733884866,0.005227881880343091,4.92450912986553e-6,5.886322128549345e-14,1.0000000000059388,2.050680478760114e-7,1.0490366403623189e-5,904,904,904,0.36861080690485576
0.007342495071671919,0.06029805098474051,0.00522837368471925,4.92450912986553e-6,5.807686667397855e-14,1.0000000000059428,2.045188907118245e-7,1.0512141142430353e-5,905,905,905,0.37288196531917916
0.0073506083258947615,0.06035682823402028,0.005228865969752119,4.92450912986553e-6,5.734545801058971e-14,1.00000000000589,2.73804531047972e-7,1.0533933266924069e-5,906,906,906,0.3709575729703148
0.007358721580117604,0.06041557908304097,0.0052293587353351495,4.92450912986553e-6,5.666642002505038e-14,1.0000000000059066,1.8690227321371822e-7,1.0555742756023775e-5,907,907,907,0.3611797431362888
0.007366834834340446,0.06047430351611455,0.005229851981244056,4.924509129865531e-6,5.603857036736681e-14,1.0000000000058882,2.408120778341072e-7,1.057756958864679e-5,908,908,908,0.37391304165229466
0.007374948088563288,0.06053300152721115,0.005230345707254744,4.924509129865531e-6,5.5462169019114976e-14,1.000000000005912,2.232647418054512e-7,1.0599413743719632e-5,909,909,909,0.3744579409127165
0.00738306134278613,0.060591673102995416,0.005230839913142842,4.924509129865531e-6,5.4933041257401547e-14,1.0000000000058686,2.3151194294968036e-7,1.0621275200177209e-5,910,910,910,0.37490066737414385
0.007391174597008972,0.060650318234170573,0.005231334598683642,4.92450912986553e-6,5.445152118404294e-14,1.0000000000058555,2.4860519332037256e-7,1.0643153936963114e-5,911,911,911,0.37471857691256194
0.007399287851231814,0.06070893690923193,0.005231829763653049,4.92450912986553e-6,5.401650560756831e-14,1.0000000000058111,2.128943243917547e-7,1.0665049933029984e-5,912,912,912,0.3735373567613433
0.007407401105454656,0.060767529118823174,0.005232325407826411,4.92450912986553e-6,5.3627167630899744e-14,1.0000000000057558,2.1488548895831627e-7,1.0686963167339787e-5,913,913,913,0.36786714321563874
0.0074155143596774985,0.0608260948522,0.0052328215309792704,4.92450912986553e-6,5.3282545920841825e-14,1.000000000005716,2.0300232606018653e-7,1.0708893618863499e-5,914,914,914,0.37102431689220594
0.007423627613900341,0.06088463409972582,0.005233318132886237,4.924509129865531e-6,5.298170722652866e-14,1.0000000000056624,2.2282009837226724e-7,1.0730841266580399e-5,915,915,915,0.3713851704282476
0.007431740868123183,0.06094314685093121,0.005233815213322973,4.92450912986553e-6,5.272545016490547e-14,1.0000000000056495,1.9508077286900516e-7,1.0752806089476721e-5,916,916,916,0.36769369562807064
0.007439854122346025,0.061001633096437705,0.00523431277206446,4.92450912986553e-6,5.2513524405793285e-14,1.0000000000056473,2.3323272202446788e-7,1.07747880665438e-5,917,917,917,0.37142694173215246
0.007447967376568867,0.061060092825390176,0.005234810808885638,4.92450912986553e-6,5.2343586284653824e-14,1.0000000000055917,2.0046850846000552e-7,1.0796787176775699e-5,918,918,918,0.37452679708328407
0.007456080630791709,0.06111852602895832,0.0052353093235617005,4.92450912986553e-6,5.2217788044843585e-14,1.0000000000055687,2.1422297891149356e-7,1.0818803399166247e-5,919,919,919,0.37280230102692413
0.007464193885014551,0.06117693269662046,0.005235808315867463,4.92450912986553e-6,5.2137044955093955e-14,1.000000000005563,2.1098678359976475e-7,1.0840836712708043e-5,920,920,920,0.37498145537576805
0.007472307139237393,0.06123531282088678,0.005236307785577826,4.924509129865531e-6,5.2102478356842444e-14,1.0000000000054734,1.9739792378459242e-7,1.0862887096380496e-5,921,921,921,0.37406557628606113
0.0074804203934602355,0.06129366638656389,0.005236807732467413,4.924509129865531e-6,5.2113772210345116e-14,1.0000000000054756,1.9930244121724172e-7,1.0884954529153616e-5,922,922,922,0.3730133622305406
0.007488533647683078,0.061351993390325654,0.005237308156310896,4.92450912986553e-6,5.2173920345993826e-14,1.0000000000054117,2.0797346067524813e-7,1.0907038990810163e-5,923,923,923,0.37188808519534133
0.00749664690190592,0.06141029382002776,0.00523780905688316,4.92450912986553e-6,5.2285074468624494e-14,1.000000000005411,2.0446719872779795e-7,1.0929140459448592e-5,924,924,924,0.3713369134849778
0.007504760156128762,0.0614685676661604,0.005238310433958691,4.924509129865531e-6,5.2450432164328793e-14,1.000000000005406,2.0995880589680382e-7,1.095125891398202e-5,925,925,925,0.37316042824336976
0.007512873410351604,0.061526814918048796,0.0052388122873118295,4.92450912986553e-6,5.2671556271681823e-14,1.0000000000053937,2.0786510290804472e-7,1.0973394332749462e-5,926,926,926,0.3724313011685527
0.007520986664574446,0.06158503556805714,0.005239314616717088,4.92450912986553e-6,5.2950512216362244e-14,1.0000000000053786,2.101353757666402e-7,1.0995546695187825e-5,927,927,927,0.3737285066004988
0.007529099918797288,0.06164322960702512,0.005239817421948626,4.924509129865531e-6,5.3291033892571536e-14,1.0000000000053588,2.0802648492690423e-7,1.1017715980166447e-5,928,928,928,0.37298983231201815
0.00753721317302013,0.06170139702609155,0.005240320702780698,4.924509129865531e-6,5.369524038830843e-14,1.0000000000053377,2.1270585293109434e-7,1.1039902166546206e-5,929,929,929,0.3742256744058725
0.0075453264272429725,0.06175953781639734,0.005240824458987652,4.924509129865531e-6,5.416538385350974e-14,1.0000000000053129,2.0919141974218292e-7,1.1062105233182957e-5,930,930,930,0.37370636932044965
0.007553439681465815,0.061817651969277375,0.005241328690343651,4.924509129865531e-6,5.470035680407475e-14,1.0000000000052875,2.0918182741525015e-7,1.1084325158928648e-5,931,931,931,0.3747668527348424
0.007561552935688657,0.06187573947615202,0.005241833396622365,4.92450912986553e-6,5.530371932690253e-14,1.0000000000052593,2.1014141537989417e-7,1.1106561922616221e-5,932,932,932,0.3738614041856011
0.007569666189911499,0.061933800328587404,0.005242338577597992,4.924509129865531e-6,5.597296244103969e-14,1.0000000000052314,1.9531949391193848e-7,1.112881550311343e-5,933,933,933,0.369096201907579
0.007577779444134341,0.061991834517266,0.005242844233044262,4.924509129865531e-6,5.671071561127673e-14,1.0000000000051426,1.946749428327621e-7,1.1151085879271485e-5,934,934,934,0.3693682642569362
0.007585892698357183,0.06204984203318089,0.005243350362734934,4.924509129865531e-6,5.751403829654283e-14,1.000000000005082,2.0699708613847179e-7,1.1173373029951617e-5,935,935,935,0.3749139996624603
0.007594005952580025,0.06210782286821999,0.005243856966443888,4.92450912986553e-6,5.838166483957825e-14,1.0000000000050564,2.0237225228925126e-7,1.1195676934027395e-5,936,936,936,0.3751778041413611
0.007602119206802867,0.0621657770137206,0.005244364043944681,4.92450912986553e-6,5.931401043201052e-14,1.0000000000050266,1.8987575955975444e-7,1.1217997570377924e-5,937,937,937,0.36876387470525585
0.0076102324610257096,0.06222370446133387,0.005244871595011227,4.92450912986553e-6,6.031155456519527e-14,1.0000000000050027,1.929001847145173e-7,1.1240334917875459e-5,938,938,938,0.3700656698195185
0.007618345715248552,0.06228160520255659,0.005245379619416706,4.924509129865531e-6,6.137338509585099e-14,1.000000000004978,1.9062182943230255e-7,1.1262688955382451e-5,939,939,939,0.36965519745630243
0.007626458969471394,0.062339479229130586,0.005245888116934763,4.924509129865531e-6,6.249887048688884e-14,1.0000000000049512,1.9518395788509224e-7,1.1285059661796187e-5,940,940,940,0.37244528940414867
0.007634572223694236,0.06239732653278167,0.005246397087339102,4.924509129865531e-6,6.368955508643201e-14,1.0000000000049274,1.9095121217560518e-7,1.1307447015999307e-5,941,941,941,0.3710519449585432
0.007642685477917078,0.06245514710527386,0.005246906530402678,4.92450912986553e-6,6.4944157010487e-14,1.0000000000049063,1.9283908869738298e-7,1.1329850996875804e-5,942,942,942,0.3703872168655106
0.00765079873213992,0.06251294093795176,0.0052474164458990715,4.924509129865531e-6,6.626350805317749e-14,1.0000000000048843,1.9429734443576763e-7,1.1352271583266085e-5,943,943,943,0.37073348051970584
0.007658911986362762,0.06257070802371614,0.005247926833601662,4.92450912986553e-6,6.765055652704501e-14,1.0000000000048856,2.338807334467674e-7,1.1374708754088474e-5,944,944,944,0.3678743699833326
0.0076670252405856044,0.06262844835186722,0.0052484376932835485,4.92450912986553e-6,6.79590082422939e-14,1.000000000004811,2.0609141060390357e-7,1.1397162488220771e-5,945,945,945,0.3710404089053961
0.007675138494808447,0.06268616191787438,0.005248949024718296,4.924509129865531e-6,6.707752854371111e-14,1.000000000004847,2.110382864017879e-7,1.1419632764550098e-5,946,946,946,0.3743372016704889
0.007683251749031289,0.06274384871395294,0.005249460827679148,4.924509129865531e-6,6.626028358055997e-14,1.0000000000048803,2.1704638086816885e-7,1.1442119561977909e-5,947,947,947,0.3751017785398461
0.007691365003254131,0.06280150873274651,0.005249973101939115,4.924509129865531e-6,6.550460808728229e-14,1.0000000000049112,2.1393843319117423e-7,1.1464622857913047e-5,948,948,948,0.36976239048352455
0.007699478257476973,0.06285914196880113,0.005250485847271683,4.92450912986553e-6,6.480984660748052e-14,1.0000000000049403,2.074603573376521e-7,1.1487142632768557e-5,949,949,949,0.365413035104678
0.007707591511699815,0.0629167484150202,0.005250999063449983,4.924509129865531e-6,6.417317969282566e-14,1.0000000000049099,2.1818227224912334e-7,1.1509678865491634e-5,950,950,950,0.3683326654015073
0.007715704765922657,0.06297432806558131,0.005251512750247321,4.92450912986553e-6,6.35939565253505e-14,1.0000000000049496,2.2987891590275922e-7,1.15322315350594e-5,951,951,951,0.375179536653815
0.007723818020145499,0.06303188091444963,0.005252026907436909,4.924509129865532e-6,6.306816557170022e-14,1.000000000004984,2.215344458988966e-7,1.1554800620458042e-5,952,952,952,0.36923118378803427
0.0077319312743683415,0.06308940695557112,0.005252541534792204,4.924509129865531e-6,6.259654422938906e-14,1.0000000000050144,2.228369488932458e-7,1.1577386100684018e-5,953,953,953,0.37078935617389736
0.007740044528591184,0.0631469061838373,0.005253056632086376,4.924509129865531e-6,6.217836031033769e-14,1.0000000000050409,2.202054201205783e-7,1.1599987954845617e-5,954,954,954,0.3695273480768801
0.007748157782814026,0.06320437859399601,0.005253572199093036,4.92450912986553e-6,6.181167178357565e-14,1.0000000000050642,2.185022829337413e-7,1.162260616202928e-5,955,955,955,0.3696437384906836
0.007756271037036868,0.06326182418091227,0.005254088235585659,4.924509129865531e-6,6.149563839053929e-14,1.0000000000050846,2.1395888349928782e-7,1.1645240701341382e-5,956,956,956,0.36944799870051914
0.00776438429125971,0.06331924293956541,0.0052546047413377876,4.924509129865531e-6,6.12302511710439e-14,1.000000000005101,2.1574400044244157e-7,1.1667891551909778e-5,957,957,957,0.3696832386299188
0.007772497545482552,0.06337663486509146,0.0052551217161229385,4.92450912986553e-6,6.101480520871466e-14,1.0000000000051168,2.1058370602844434e-7,1.1690558692890069e-5,958,958,958,0.3690013854428257
0.007780610799705394,0.06343399995266072,0.005255639159714487,4.924509129865531e-6,6.084941513828122e-14,1.0000000000051332,2.0834454161899885e-7,1.1713242103451193e-5,959,959,959,0.3695492913215867
0.007788724053928236,0.06349133819760018,0.005256157071886455,4.924509129865531e-6,6.073238195633349e-14,1.0000000000051505,2.0314955229139287e-7,1.173594176279466e-5,960,960,960,0.368152926990717
0.0077968373081510785,0.06354864959537071,0.005256675452412255,4.924509129865531e-6,6.06677678023362e-14,1.0000000000051696,2.0629887753642606e-7,1.175865765015192e-5,961,961,961,0.3709634238090738
0.007804950562373921,0.06360593414156539,0.005257194301065629,4.92450912986553e-6,6.065412447887395e-14,1.00000000000519,1.9798911399249164e-7,1.178138974478692e-5,962,962,962,0.368851656040382
0.007813063816596763,0.06366319183493607,0.005257713617713407,4.924509129865531e-6,6.069294830527268e-14,1.0000000000052116,2.2323540704860534e-7,1.180413802548956e-5,963,963,963,0.36966455521698544
0.007821177070819604,0.06372042267589814,0.0052582334022012135,4.924509129865531e-6,6.078394318759078e-14,1.0000000000051636,1.925267056890334e-7,1.1826902472257926e-5,964,964,964,0.3697161100357997
0.007829290325042445,0.06377762666223454,0.005258753654300434,4.924509129865531e-6,6.093365842727397e-14,1.0000000000051963,2.13459205866684e-7,1.1849683064557156e-5,965,965,965,0.3694636465794063
0.007837403579265287,0.06383480378909089,0.00525927437378288,4.924509129865531e-6,6.114271575541775e-14,1.0000000000052174,1.9897110981048627e-7,1.1872479781890983e-5,966,966,966,0.3710619698334301
0.007845516833488128,0.06389195405387717,0.005259795560420746,4.92450912986553e-6,6.14143690597268e-14,1.0000000000052436,2.0007383527698153e-7,1.1895292603801215e-5,967,967,967,0.3714082975558323
0.007853630087710969,0.0639490774556373,0.00526031721403649,4.924509129865532e-6,6.175590373529329e-14,1.0000000000052691,2.0075420259502152e-7,1.1918121509901274e-5,968,968,968,0.3707747369981523
0.00786174334193381,0.06400617399297952,0.005260839334433303,4.924509129865531e-6,6.21662766585855e-14,1.000000000005293,2.0889314811256554e-7,1.1940966479860843e-5,969,969,969,0.3722315192221266
0.007869856596156652,0.06406324366302357,0.0052613619213826915,4.92450912986553e-6,6.265192105331429e-14,1.0000000000053169,2.2423041201591332e-7,1.1963827493391328e-5,970,970,970,0.37352633508216704
0.007877969850379493,0.0641202864654534,0.0052618849746558964,4.92450912986553e-6,6.321582365749742e-14,1.0000000000052978,2.1429593388688772e-7,1.1986704529705078e-5,971,971,971,0.3701625178995077
0.007886083104602334,0.06417730239694779,0.005262408494024744,4.92450912986553e-6,6.385853398268355e-14,1.000000000005324,2.124061584396486e-7,1.2009597570275722e-5,972,972,972,0.3728994263233938
0.007894196358825175,0.06423429145426403,0.005262932479260551,4.924509129865531e-6,6.458322789900903e-14,1.0000000000053086,2.3545136684788304e-7,1.203250659383117e-5,973,973,973,0.374497074868374
0.007902309613048017,0.06429125363557824,0.005263456930134159,4.924509129865532e-6,6.539098229198886e-14,1.0000000000053455,1.9763803926764467e-7,1.2055431580297801e-5,974,974,974,0.37404412976307766
0.007910422867270858,0.06434818893909945,0.005263981846418359,4.92450912986553e-6,6.627961319671527e-14,1.0000000000053344,2.407032582141255e-7,1.2078372509642795e-5,975,975,975,0.3751713236928786
0.007918536121493699,0.06440509736243172,0.005264507227883404,4.924509129865531e-6,6.724908491197969e-14,1.000000000005373,2.3717392139133153e-7,1.2101329361887435e-5,976,976,976,0.3732693350791159
0.00792664937571654,0.06446197890479893,0.005265033074301344,4.924509129865531e-6,6.829648823842089e-14,1.0000000000054052,1.9957862207320431e-7,1.2124302117101924e-5,977,977,977,0.3738001617911294
0.007934762629939382,0.0645188335631685,0.005265559385443561,4.92450912986553e-6,6.942442386037477e-14,1.0000000000053852,2.0107177789441266e-7,1.2147290755394798e-5,978,978,978,0.3712608855353683
0.007942875884162223,0.06457566133846393,0.005266086161081174,4.92450912986553e-6,7.062835767570832e-14,1.0000000000054023,1.9134964901468265e-7,1.2170295256905988e-5,979,979,979,0.36172352571141314
0.007950989138385064,0.06463246222695072,0.005266613400985903,4.924509129865531e-6,7.190774024902876e-14,1.000000000005341,1.9218879998561533e-7,1.2193315601803578e-5,980,980,980,0.37266639518085576
0.007959102392607905,0.06468923623118507,0.00526714110492909,4.924509129865531e-6,7.326419584204051e-14,1.000000000005279,2.105411169850413e-7,1.2216351770268e-5,981,981,981,0.3724132603396312
0.007967215646830747,0.06474598334586196,0.005267669272682166,4.924509129865531e-6,7.469645546232723e-14,1.0000000000052414,2.0868346695124274e-7,1.2239403742490543e-5,982,982,982,0.37313261487691246
0.007975328901053588,0.06480270357933392,0.005268197904126983,4.92450912986553e-6,7.620540518689506e-14,1.0000000000052416,1.8729646455994953e-7,1.226247149875445e-5,983,983,983,0.37336095229147653
0.00798344215527643,0.0648593969334259,0.005268726999091384,4.924509129865531e-6,7.779235025066192e-14,1.000000000005214,2.1407515760074602e-7,1.2285555019386406e-5,984,984,984,0.3747247023709779
0.00799155540949927,0.06491606340837645,0.005269256557345598,4.92450912986553e-6,7.945800231126726e-14,1.0000000000052263,2.1748886780414978e-7,1.2308654284729199e-5,985,985,985,0.37094115250723647
0.007999668663722112,0.06497270300342294,0.005269786578660115,4.92450912986553e-6,8.120363360314434e-14,1.0000000000052507,2.0529488864440282e-7,1.2331769274592025e-5,986,986,986,0.3670291463997927
0.008007781917944953,0.06502931572002482,0.005270317062806509,4.924509129865531e-6,8.228042936876741e-14,1.0000000000052796,2.03791252317842e-7,1.2354899969930812e-5,987,987,987,0.3749220333132094
0.008015895172167794,0.06508590155900743,0.005270848009555204,4.92450912986553e-6,8.128970347205006e-14,1.0000000000053046,2.2353820838816318e-7,1.23780463511831e-5,988,988,988,0.37521878951712373
0.008024008426390635,0.06514246052068438,0.00527137941867726,4.92450912986553e-6,8.037650762500965e-14,1.0000000000052816,2.3175878993697552e-7,1.2401208398821908e-5,989,989,989,0.36796300531015064
0.008032121680613477,0.06519899260595019,0.005271911289943496,4.92450912986553e-6,7.953571455351938e-14,1.0000000000052136,2.3347457300815222e-7,1.242438609335484e-5,990,990,990,0.3662657004620199
0.008040234934836318,0.06525549781598122,0.005272443623125016,4.92450912986553e-6,7.876653156373131e-14,1.0000000000051579,2.3489796774356364e-7,1.2447579415321183e-5,991,991,991,0.36494254849882724
0.00804834818905916,0.06531197615146783,0.0052729764179925516,4.92450912986553e-6,7.806573262352184e-14,1.0000000000051117,2.256817843715453e-7,1.2470788345231445e-5,992,992,992,0.37323604805834404
0.008056461443282,0.06536842761389267,0.00527350967431789,4.92450912986553e-6,7.743425315440497e-14,1.00000000000511,2.2912587382961647e-7,1.249401286372928e-5,993,993,993,0.3750819334991244
0.008064574697504842,0.06542485220441822,0.005274043391871433,4.92450912986553e-6,7.686686686960559e-14,1.0000000000051168,2.236926199827849e-7,1.2517252951426829e-5,994,994,994,0.36804142905302983
0.008072687951727683,0.06548124992430196,0.005274577570424562,4.924509129865532e-6,7.636352523521991e-14,1.0000000000051184,2.2576722713552044e-7,1.2540508588929497e-5,995,995,995,0.36795048718134604
0.008080801205950524,0.06553762077505473,0.005275112209748552,4.92450912986553e-6,7.592390886479711e-14,1.0000000000051166,2.250396313741021e-7,1.2563779756860379e-5,996,996,996,0.36498344047310444
0.008088914460173366,0.06559396475847741,0.005275647309614873,4.92450912986553e-6,7.554484501111936e-14,1.0000000000051117,2.275764465764496e-7,1.2587066435848227e-5,997,997,997,0.36682249376135667
0.008097027714396207,0.06565028187663971,0.0052761828697942,4.924509129865531e-6,7.522580974000044e-14,1.0000000000051048,2.1875328215514855e-7,1.2610368606523954e-5,998,998,998,0.3613835557798525
0.008105140968619048,0.06570657213180081,0.005276718890058218,4.92450912986553e-6,7.496680828308533e-14,1.0000000000050964,2.244629371261908e-7,1.263368624951623e-5,999,999,999,0.36095594785550905
0.00811325422284189,0.06576283552626246,0.00527725537017805,4.92450912986553e-6,7.476488671602533e-14,1.0000000000050866,2.2265345123173574e-7,1.2657019345444332e-5,1000,1000,1000,0.3617753061816929
0.00812136747706473,0.06581907206245337,0.0052777923099250924,4.924509129865531e-6,7.461989315827505e-14,1.0000000000050757,2.207040772361779e-7,1.2680367874933782e-5,1001,1001,1001,0.3611123736455683
0.008129480731287572,0.06587528174233388,0.005278329709070978,4.92450912986553e-6,7.453165974360501e-14,1.000000000005064,2.335368343153732e-7,1.2703731816279512e-5,1002,1002,1002,0.3738155794265026
0.008137593985510413,0.06593146456942318,0.005278867567386547,4.924509129865531e-6,7.4501096078501e-14,1.0000000000049887,2.1509274361619646e-7,1.2727111152368604e-5,1003,1003,1003,0.3599028243437527
0.008145707239733254,0.06598762054419835,0.005279405884643452,4.92450912986553e-6,7.452678546987042e-14,1.0000000000049938,2.3527562120762013e-7,1.2750505863815267e-5,1004,1004,1004,0.37458884171317586
0.008153820493956096,0.06604374967013203,0.005279944660613381,4.924509129865531e-6,7.460842354957893e-14,1.000000000004931,2.162158878604714e-7,1.2773915931237007e-5,1005,1005,1005,0.3602795573519744
0.008161933748178937,0.06609985194900996,0.005280483895067478,4.924509129865531e-6,7.475069802482159e-14,1.000000000004945,2.3059851628204342e-7,1.279734133524983e-5,1006,1006,1006,0.37405447995135604
0.008170047002401778,0.06615592738380074,0.005281023587777937,4.92450912986553e-6,7.495310414573102e-14,1.0000000000049396,2.203066173933621e-7,1.2820782056435964e-5,1007,1007,1007,0.3623006307104507
0.00817816025662462,0.06621197597627274,0.005281563738515739,4.92450912986553e-6,7.521827518126993e-14,1.000000000004935,2.2747403960465817e-7,1.284423807543856e-5,1008,1008,1008,0.37463120174219683
0.00818627351084746,0.06626799772966284,0.0052821043470528415,4.92450912986553e-6,7.555130569349425e-14,1.0000000000049512,2.2487118656044913e-7,1.2867709372868259e-5,1009,1009,1009,0.3652106794282935
0.008194386765070302,0.06632399264585362,0.005282645413160879,4.924509129865531e-6,7.595782037369713e-14,1.000000000004937,2.1831878171951757e-7,1.2891195929330766e-5,1010,1010,1010,0.3618331483545829
0.008202500019293143,0.06637996072671429,0.005283186936611683,4.92450912986553e-6,7.644285368340262e-14,1.000000000004956,2.219762151867144e-7,1.2914697725416558e-5,1011,1011,1011,0.3631285622821455
0.008210613273515984,0.06643590197460095,0.0052837289171766616,4.924509129865531e-6,7.701251136638376e-14,1.0000000000049707,2.174155966372382e-7,1.2938214741723663e-5,1012,1012,1012,0.3616940285031735
0.008218726527738826,0.0664918163929179,0.005284271354628273,4.92450912986553e-6,7.7672635577244e-14,1.0000000000049816,2.2391834875179484e-7,1.2961746958877543e-5,1013,1013,1013,0.3674394379340227
0.008226839781961667,0.0665477039851325,0.005284814248738394,4.92450912986553e-6,7.842926532852631e-14,1.00000000000499,2.2749242489794597e-7,1.2985294357529801e-5,1014,1014,1014,0.37538492163560244
0.008234953036184508,0.06660356475546736,0.005285357599278744,4.92450912986553e-6,7.928837075553264e-14,1.0000000000050033,2.2343300543070654e-7,1.3008856918356292e-5,1015,1015,1015,0.37039212064092397
0.00824306629040735,0.0666593987069931,0.005285901406022029,4.92450912986553e-6,8.025172533530149e-14,1.0000000000050118,2.22276508310415e-7,1.3032434622057604e-5,1016,1016,1016,0.3743749628212418
0.00825117954463019,0.06671520584433466,0.005286445668740324,4.92450912986553e-6,8.132008285248481e-14,1.0000000000050469,2.1492030555236852e-7,1.3056027449360196e-5,1017,1017,1017,0.3646923692686988
0.008259292798853032,0.06677098617082043,0.005286990387206259,4.92450912986553e-6,8.249363875537683e-14,1.0000000000050517,2.2042021541324175e-7,1.3079635381017243e-5,1018,1018,1018,0.3736335084908619
0.008267406053075873,0.06682673969350553,0.005287535561192559,4.92450912986553e-6,8.3770934015434e-14,1.0000000000050846,2.1298447450135427e-7,1.3103258399025552e-5,1019,1019,1019,0.3688852275741659
0.008275519307298715,0.06688246641210542,0.00528808119047256,4.924509129865531e-6,8.515026157061773e-14,1.000000000005088,2.2599495608233156e-7,1.3126896482954495e-5,1020,1020,1020,0.3732344059902648
0.008283632561521556,0.06693816633436252,0.005288627274819919,4.92450912986553e-6,8.662911060603388e-14,1.0000000000051181,1.8641479471170896e-7,1.3150549613640587e-5,1021,1021,1021,0.3674415697426299
0.008291745815744397,0.06699383945945962,0.0052891738140076056,4.92450912986553e-6,8.820681341119706e-14,1.000000000005112,2.2658319664969895e-7,1.3174217771940556e-5,1022,1022,1022,0.3725860135626746
0.008299859069967238,0.06704948579665898,0.00528972080780966,4.92450912986553e-6,8.987994290091421e-14,1.0000000000051386,2.2641053476490924e-7,1.3197900938722635e-5,1023,1023,1023,0.366869100436367
0.00830797232419008,0.06710510534742524,0.005290268255999762,4.924509129865531e-6,9.164704656987237e-14,1.000000000005146,2.2936790244898475e-7,1.3221599094881476e-5,1024,1024,1024,0.37408556871420034
0.00831608557841292,0.06716069811841961,0.005290816158351907,4.92450912986553e-6,9.350961343855317e-14,1.0000000000051645,2.2850414893582638e-7,1.3245312221350197e-5,1025,1025,1025,0.37457404323268295
0.008324198832635762,0.06721626411417463,0.005291364514639979,4.92450912986553e-6,9.546631010803762e-14,1.0000000000051805,2.3030652940292384e-7,1.3269040299099433e-5,1026,1026,1026,0.3749896063413221
0.008332312086858603,0.06727180334067863,0.005291913324656461,4.924509129865531e-6,9.751876662088031e-14,1.0000000000051954,2.256103748266014e-7,1.3292783309142747e-5,1027,1027,1027,0.3738438257157378
0.008340425341081445,0.06732731580726185,0.00529246258825114,4.92450912986553e-6,9.967052548409161e-14,1.0000000000052096,2.0731212302393942e-7,1.3316541232605075e-5,1028,1028,1028,0.37004429034306535
0.008348538595304286,0.06738280152280407,0.0052930123052763005,4.924509129865532e-6,1.0192254627940881e-13,1.0000000000052083,2.206525628878353e-7,1.334031405064966e-5,1029,1029,1029,0.3744684892736089
0.008356651849527127,0.06743826050054735,0.005293562475623923,4.92450912986553e-6,1.0427646794019332e-13,1.0000000000052267,2.140517985083079e-7,1.3364101744643453e-5,1030,1030,1030,0.3722242628008331
0.008364765103749968,0.06749369274598066,0.005294113099064834,4.92450912986553e-6,1.067377257191081e-13,1.0000000000052265,2.0908412778908314e-7,1.338790429597584e-5,1031,1031,1031,0.3687426493029236
0.00837287835797281,0.06754909826544542,0.005294664175369955,4.924509129865531e-6,1.0654750340477821e-13,1.0000000000052296,2.1422268403625822e-7,1.3411721686101502e-5,1032,1032,1032,0.3726282769298932
0.008380991612195651,0.06760447706462615,0.005295215704310406,4.924509129865531e-6,1.0548448961892945e-13,1.0000000000052347,2.191343106971999e-7,1.3435553896486505e-5,1033,1033,1033,0.3749893839749359
0.008389104866418492,0.06765982915078658,0.00529576768565781,4.92450912986553e-6,1.0451231361503089e-13,1.0000000000052613,2.1988242338011332e-7,1.3459400908756603e-5,1034,1034,1034,0.3752492055365845
0.008397218120641333,0.06771515453039496,0.005296320119183377,4.92450912986553e-6,1.0363143574082693e-13,1.0000000000052844,2.1321238108384932e-7,1.348326270454813e-5,1035,1035,1035,0.3740645822852007
0.008405331374864175,0.06777045321039081,0.00529687300465847,4.92450912986553e-6,1.0283712049354074e-13,1.000000000005302,2.218257577624172e-7,1.350713926555171e-5,1036,1036,1036,0.3732429080925392
0.008413444629087016,0.0678257251971729,0.005297426341855196,4.92450912986553e-6,1.0212704262957374e-13,1.000000000005302,2.1108386150103797e-7,1.3531030573505668e-5,1037,1037,1037,0.3743629664794825
0.008421557883309857,0.06788097049772344,0.005297980130544808,4.92450912986553e-6,1.015017275196252e-13,1.0000000000053135,2.3474475696616537e-7,1.3554936608570834e-5,1038,1038,1038,0.37474576921064284
0.008429671137532698,0.06793618911986159,0.005298534370499417,4.924509129865531e-6,1.0095518156135058e-13,1.000000000005323,2.0893331509341806e-7,1.3578857354193792e-5,1039,1039,1039,0.3729143265531032
0.00843778439175554,0.0679913810720401,0.005299089061490715,4.924509129865531e-6,1.0048827545925172e-13,1.0000000000053255,1.9514967419809182e-7,1.3602792792280798e-5,1040,1040,1040,0.370643216010215
0.008445897645978381,0.06804654636152499,0.005299644203290842,4.924509129865532e-6,1.0009837811057608e-13,1.0000000000053013,2.0980790438329677e-7,1.3626742904820128e-5,1041,1041,1041,0.37102533903585144
0.008454010900201222,0.06810168499758248,0.005300199795671659,4.92450912986553e-6,9.978299046979339e-14,1.0000000000053082,2.134961540889435e-7,1.36507076738249e-5,1042,1042,1042,0.37239535333979445
0.008462124154424064,0.0681567969879469,0.005300755838405614,4.92450912986553e-6,9.954240432594925e-14,1.0000000000053297,2.5387510049768025e-7,1.3674687081346092e-5,1043,1043,1043,0.3751847399349011
0.008470237408646905,0.06821188234207047,0.005301312331265175,4.924509129865531e-6,9.937225535032416e-14,1.0000000000053217,2.0612889173321491e-7,1.369868110958034e-5,1044,1044,1044,0.3685919847746142
0.008478350662869746,0.06826694106793477,0.005301869274022376,4.92450912986553e-6,9.92729085554435e-14,1.0000000000053522,2.4919893348851474e-7,1.3722689740734461e-5,1045,1045,1045,0.3751024206171458
0.008486463917092587,0.06832197317458139,0.005302426666449723,4.92450912986553e-6,9.924123037482128e-14,1.0000000000053424,2.1584836318311318e-7,1.374671295705643e-5,1046,1046,1046,0.37539863263794715
0.008494577171315429,0.06837697867149727,0.005302984508319708,4.92450912986553e-6,9.927934359404063e-14,1.000000000005335,2.3551054439963082e-7,1.3770750740847049e-5,1047,1047,1047,0.37451293173416017
0.00850269042553827,0.06843195756605318,0.005303542799405554,4.92450912986553e-6,9.938200667779099e-14,1.0000000000053482,2.394815510342596e-7,1.3794803074452323e-5,1048,1048,1048,0.37309385370869713
0.008510803679761111,0.0684869098690012,0.0053041015394799185,4.924509129865531e-6,9.9549558202767e-14,1.0000000000053708,1.9461272771081894e-7,1.3818869940262031e-5,1049,1049,1049,0.371498859972327
0.008518916933983952,0.06854183558584673,0.0053046607283158955,4.92450912986553e-6,9.978096410448253e-14,1.000000000005342,1.857497711199585e-7,1.3842951320158085e-5,1050,1050,1050,0.3673096471252713
0.008527030188206794,0.06859673472919584,0.00530522036568637,4.92450912986553e-6,1.0007573797934664e-13,1.0000000000053704,1.973177621295008e-7,1.3867047197161236e-5,1051,1051,1051,0.37449289436040306
0.008535143442429635,0.06865160731307259,0.005305780451450927,4.92450912986553e-6,1.004342440253179e-13,1.0000000000053983,1.8855219252600364e-7,1.3891157553848858e-5,1052,1052,1052,0.3707653924372925
0.008543256696652476,0.06870645335464577,0.0053063409855050965,4.92450912986553e-6,1.0086076000892892e-13,1.0000000000054208,1.876225397268172e-7,1.3915282372919389e-5,1053,1053,1053,0.36893928836682394
0.008551369950875317,0.06876127286278716,0.005306901967621015,4.92450912986553e-6,1.0135792944785081e-13,1.000000000005361,1.9057679878642375e-7,1.3939421637111093e-5,1054,1054,1054,0.3735761002287524
0.008559483205098159,0.06881606584947905,0.0053074633975715635,4.924509129865531e-6,1.0193016776422944e-13,1.0000000000053857,1.8913652866103803e-7,1.3963575329221682e-5,1055,1055,1055,0.37479511575074165
0.008567596459321,0.0688708323249793,0.00530802527512927,4.92450912986553e-6,1.0258713442164269e-13,1.000000000005405,1.8163888171329745e-7,1.3987743432109222e-5,1056,1056,1056,0.36930664091622883
0.008575709713543841,0.06892557230224745,0.005308587600067032,4.924509129865531e-6,1.0333690925474512e-13,1.0000000000054223,2.0452901594580908e-7,1.4011925927623288e-5,1057,1057,1057,0.3666303223537289
0.008583822967766682,0.06898028578980635,0.005309150372157486,4.924509129865531e-6,1.0419337982580817e-13,1.0000000000054161,1.8487855690807464e-7,1.4036122799776108e-5,1058,1058,1058,0.36962354474147374
0.008591936221989524,0.06903497279969037,0.005309713591173989,4.92450912986553e-6,1.0516726316280662e-13,1.0000000000054265,2.0167382785984955e-7,1.4060334031623251e-5,1059,1059,1059,0.37251082518183154
0.008600049476212365,0.06908963334226814,0.005310277256889474,4.92450912986553e-6,1.0626856544163943e-13,1.0000000000054166,1.965442493201408e-7,1.4084559606227942e-5,1060,1060,1060,0.37126996446554744
0.008608162730435206,0.06914426742893737,0.005310841369077339,4.924509129865531e-6,1.0751033846918746e-13,1.0000000000054132,2.4133015585903195e-7,1.4108799506717977e-5,1061,1061,1061,0.3707810757804429
0.008616275984658047,0.06919887507058956,0.005311405927511441,4.92450912986553e-6,1.0890121129899638e-13,1.0000000000054048,2.390461162349311e-7,1.413305371625945e-5,1062,1062,1062,0.36374396819742694
0.008624389238880889,0.06925345627900328,0.0053119709319650035,4.924509129865531e-6,1.1044392955013478e-13,1.0000000000053944,2.461385761876045e-7,1.415732221805441e-5,1063,1063,1063,0.3674039933973488
0.00863250249310373,0.06930801106547788,0.005312536382211538,4.92450912986553e-6,1.1213821174461326e-13,1.0000000000053488,2.4775017593015036e-7,1.4181604995340196e-5,1064,1064,1064,0.3662012185573759
0.008640615747326571,0.06936253944728402,0.005313102278025225,4.92450912986553e-6,1.139812924498355e-13,1.0000000000053413,2.5722428631524963e-7,1.4205902033870472e-5,1065,1065,1065,0.3730940345090602
0.008648729001549412,0.0694170414293066,0.0053136686191800776,4.924509129865532e-6,1.1597189118925425e-13,1.0000000000053428,2.507314356137158e-7,1.4230213314466206e-5,1066,1066,1066,0.3665963867304482
0.008656842255772254,0.06947151702655463,0.005314235405450813,4.92450912986553e-6,1.1810430334604598e-13,1.0000000000053826,2.539767507414581e-7,1.4254538820476729e-5,1067,1067,1067,0.3680862187453274
0.008664955509995095,0.06952596625065223,0.005314802636611777,4.924509129865532e-6,1.2037271095036646e-13,1.0000000000054168,2.550121891431445e-7,1.4278878535273556e-5,1068,1068,1068,0.36428684483677776
0.008673068764217936,0.06958038911391241,0.005315370312437243,4.924509129865531e-6,1.2277406152005965e-13,1.0000000000054492,2.0377921572389823e-7,1.4303232442259285e-5,1069,1069,1069,0.3753335862079951
0.008681182018440778,0.06963478562868017,0.00531593843270182,4.92450912986553e-6,1.2530633336111262e-13,1.0000000000054596,2.0124053534686936e-7,1.4327600524408704e-5,1070,1070,1070,0.3710451965636729
0.008689295272663619,0.06968915580957506,0.005316506997179919,4.924509129865531e-6,1.2796698195026908e-13,1.000000000005474,2.3758597933465353e-7,1.4351982765685907e-5,1071,1071,1071,0.3721791004593929
0.00869740852688646,0.06974349966695675,0.005317076005646623,4.924509129865531e-6,1.3075901242096134e-13,1.00000000000543,2.518966368825204e-7,1.4376379149590981e-5,1072,1072,1072,0.3646836740904018
0.008705521781109301,0.06979781721510518,0.005317645457876409,4.92450912986553e-6,1.33684441304355e-13,1.0000000000054639,1.9603518808253284e-7,1.4400789659641442e-5,1073,1073,1073,0.36626582598313984
0.008713635035332143,0.06985210846660657,0.00531821535364446,4.92450912986553e-6,1.3674311454959683e-13,1.000000000005481,2.0011907508887816e-7,1.4425214279428368e-5,1074,1074,1074,0.37348321870568396
0.008721748289554984,0.06990637343449399,0.00531878569272608,4.92450912986553e-6,1.3993956152995477e-13,1.0000000000055007,1.925686206050159e-7,1.4449652992446333e-5,1075,1075,1075,0.3660706525292845
0.008729861543777825,0.06996061213315724,0.005319356474897008,4.92450912986553e-6,1.432775102037895e-13,1.0000000000055178,2.0156463165221794e-7,1.4474105782748272e-5,1076,1076,1076,0.3687783143706288
0.008737974798000666,0.07001482457586466,0.005319927699932583,4.92450912986553e-6,1.4676037930507868e-13,1.000000000005537,2.0688872837126837e-7,1.4498572633748363e-5,1077,1077,1077,0.367241804814012
0.008746088052223508,0.07006901077634496,0.005320499367609001,4.924509129865531e-6,1.5039258591863692e-13,1.0000000000055538,2.0038353198970071e-7,1.4523053529165028e-5,1078,1078,1078,0.36232307470783676
0.008754201306446349,0.07012317074864001,0.005321071477702844,4.924509129865531e-6,1.534973636246194e-13,1.000000000005573,2.124586728768918e-7,1.4547548452764137e-5,1079,1079,1079,0.36644834616198374
0.00876231456066919,0.07017730450687244,0.005321644029990468,4.92450912986553e-6,1.5214618135898837e-13,1.0000000000055895,2.021858236389562e-7,1.4572057388365665e-5,1080,1080,1080,0.37432480714901195
0.008770427814892031,0.07023141206574465,0.005322217024248735,4.92450912986553e-6,1.5092191411066325e-13,1.0000000000055727,2.1161934427027518e-7,1.4596580319830771e-5,1081,1081,1081,0.3639084236732948
0.008778541069114873,0.07028549343888393,0.005322790460255082,4.92450912986553e-6,1.4982367288667648e-13,1.0000000000055935,2.0095676234177517e-7,1.4621117231062095e-5,1082,1082,1082,0.3726463990068731
0.008786654323337714,0.07033954864111801,0.00532336433778684,4.92450912986553e-6,1.4884533933645355e-13,1.000000000005584,2.1009771700164492e-7,1.4645668105972018e-5,1083,1083,1083,0.37451864500336773
0.008794767577560555,0.07039357768761269,0.005323938656630081,4.92450912986553e-6,1.4798628215085069e-13,1.0000000000055755,2.071039340023617e-7,1.4670232925504527e-5,1084,1084,1084,0.3725757805015661
0.008802880831783396,0.07044758059906567,0.00532451341665963,4.92450912986553e-6,1.4724244062380924e-13,1.0000000000055906,2.0534365319235803e-7,1.4694811676658428e-5,1085,1085,1085,0.3743065268311383
0.008810994086006238,0.07050155739025579,0.005325088617652765,4.92450912986553e-6,1.466097702250591e-13,1.0000000000056117,2.1995578691758055e-7,1.471940434353015e-5,1086,1086,1086,0.3631491873262214
0.008819107340229079,0.07055550807542021,0.005325664259387047,4.92450912986553e-6,1.4608850251242924e-13,1.0000000000056106,2.1011219430988604e-7,1.4744010910184653e-5,1087,1087,1087,0.3724544580464298
0.00882722059445192,0.07060943266955656,0.0053262403416405564,4.92450912986553e-6,1.456728853224784e-13,1.000000000005633,2.1565345065255315e-7,1.4768631360747129e-5,1088,1088,1088,0.3744637843668697
0.008835333848674761,0.07066333118709493,0.005326816864190935,4.92450912986553e-6,1.4536290644306785e-13,1.0000000000056544,2.100832396934038e-7,1.4793265679376294e-5,1089,1089,1089,0.37343954164408194
0.008843447102897603,0.07071720364279403,0.005327393826816862,4.92450912986553e-6,1.45154231607592e-13,1.0000000000056721,2.2947137523487982e-7,1.4817913850266695e-5,1090,1090,1090,0.3653347971128262
0.008851560357120444,0.07077105005127692,0.005327971229300572,4.92450912986553e-6,1.450441989298915e-13,1.000000000005669,2.3117205927292162e-7,1.4842575857654008e-5,1091,1091,1091,0.3651789122034447
0.008859673611343285,0.07082487044005205,0.005328549071647913,4.92450912986553e-6,1.4502959642926747e-13,1.00000000000567,2.0280879198253388e-7,1.4867251685972236e-5,1092,1092,1092,0.3739716600504495
0.008867786865566126,0.0708786648241278,0.005329127353634073,4.92450912986553e-6,1.4510652188911413e-13,1.0000000000056908,2.3010748861906904e-7,1.4891941319675334e-5,1093,1093,1093,0.36472651474307793
0.008875900119788968,0.0709324332173897,0.005329706075034803,4.92450912986553e-6,1.4527434084668118e-13,1.0000000000056932,2.0663968314238446e-7,1.4916644743265003e-5,1094,1094,1094,0.37380067660202365
0.008884013374011809,0.07098617563499726,0.005330285235626553,4.924509129865528e-6,1.455275897095623e-13,1.000000000005711,2.3012223238083607e-7,1.4941361941280617e-5,1095,1095,1095,0.36839189054358706
0.00889212662823465,0.07103989209204628,0.005330864835184876,4.92450912986553e-6,1.4586504953003167e-13,1.0000000000057157,2.0411565770928064e-7,1.496609289833224e-5,1096,1096,1096,0.3705025259913706
0.008900239882457492,0.07109358260369548,0.005331444873486746,4.92450912986553e-6,1.4628113167262177e-13,1.0000000000057314,2.0890009722052127e-7,1.499083759853689e-5,1097,1097,1097,0.36969367739028003
0.008908353136680333,0.07114724718664124,0.005332025350308455,4.92450912986553e-6,1.4677407999900254e-13,1.000000000005744,2.0385049026572233e-7,1.5015596027239903e-5,1098,1098,1098,0.37368972343282925
0.008916466390903174,0.07120088585910163,0.005332606265426748,4.924509129865531e-6,1.4733966649348458e-13,1.000000000005729,2.062166402083676e-7,1.5040368169281264e-5,1099,1099,1099,0.3721537607316449
0.008924579645126015,0.07125449863708243,0.005333187618618651,4.924509129865531e-6,1.4797829607169604e-13,1.0000000000056712,1.9418888541622437e-7,1.5065154009568462e-5,1100,1100,1100,0.36665113750241335
0.008932692899348857,0.07130808552900185,0.0053337694096615125,4.92450912986553e-6,1.486846936455846e-13,1.0000000000057299,2.344163512191244e-7,1.5089953532912848e-5,1101,1101,1101,0.36669852662116736
0.008940806153571698,0.07136164655992656,0.00533435163833216,4.92450912986553e-6,1.494607764205901e-13,1.0000000000056832,2.090797757148266e-7,1.5114766724560487e-5,1102,1102,1102,0.3743436859326023
0.008948919407794539,0.07141518174443984,0.0053349343044083765,4.924509129865531e-6,1.5030904000747753e-13,1.0000000000056795,2.3916530977885486e-7,1.513959356964228e-5,1103,1103,1103,0.36963236724603094
0.00895703266201738,0.07146869109834245,0.005335517407667665,4.92450912986553e-6,1.512339907779438e-13,1.000000000005657,2.1058372823290483e-7,1.516443405334408e-5,1104,1104,1104,0.365982338313179
0.008965145916240222,0.07152217464075797,0.00533610094788777,4.92450912986553e-6,1.522464832476326e-13,1.000000000005655,2.1300667896184677e-7,1.5189288160899813e-5,1105,1105,1105,0.3643719812401259
0.008973259170463063,0.07157563238800665,0.005336684924847333,4.92450912986553e-6,1.5336512856409015e-13,1.000000000005657,2.011412334468332e-7,1.5214155877551925e-5,1106,1106,1106,0.3689773812844574
0.008981372424685904,0.07162906435750382,0.005337269338323836,4.92450912986553e-6,1.54611904780503e-13,1.0000000000056695,2.0007835388469175e-7,1.5239037188587407e-5,1107,1107,1107,0.3721840172348158
0.008989485678908745,0.07168247056668933,0.005337854188096289,4.92450912986553e-6,1.5601272279918116e-13,1.000000000005682,1.946038850064724e-7,1.5263932079410937e-5,1108,1108,1108,0.3694121885575864
0.008997598933131587,0.07173585103301344,0.0053384394739429,4.92450912986553e-6,1.5760018445214884e-13,1.0000000000057157,1.9947954399412993e-7,1.5288840535442114e-5,1109,1109,1109,0.37509420789241227
0.009005712187354428,0.07178920578008481,0.005339025195642759,4.92450912986553e-6,1.594025118761539e-13,1.0000000000057465,1.951082850837338e-7,1.531376254528293e-5,1110,1110,1110,0.37019695370467715
0.00901382544157727,0.07184253481709872,0.005339611352974749,4.92450912986553e-6,1.6143731124555082e-13,1.0000000000057767,2.191138825935468e-7,1.5338698091992973e-5,1111,1111,1111,0.37419492720198644
0.00902193869580011,0.07189583816398477,0.005340197945718265,4.92450912986553e-6,1.6372303351488968e-13,1.0000000000057725,1.9371402260048853e-7,1.5363647160432894e-5,1112,1112,1112,0.3680525485922372
0.009030051950022952,0.07194911583844443,0.005340784973652686,4.92450912986553e-6,1.6625939123403368e-13,1.0000000000058014,2.1100421321307294e-7,1.5388609736200846e-5,1113,1113,1113,0.3754216451530511
0.009038165204245793,0.07200236785778191,0.005341372436557541,4.92450912986553e-6,1.690457135811146e-13,1.000000000005828,1.9329648637267383e-7,1.5413585804929003e-5,1114,1114,1114,0.374622559288748
0.009046278458468634,0.07205559423921139,0.005341960334212949,4.924509129865531e-6,1.7207245617028243e-13,1.0000000000058502,2.1198199107175242e-7,1.543857535078795e-5,1115,1115,1115,0.36890227729134933
0.009054391712691475,0.07210879500099526,0.005342548666398777,4.92450912986553e-6,1.7532886281356786e-13,1.0000000000058684,1.9289010211309687e-7,1.546357836091384e-5,1116,1116,1116,0.37522713915934713
0.009062504966914317,0.0721619701722775,0.005343137433084044,4.92450912986553e-6,1.788042931807689e-13,1.0000000000058886,2.1247037551574977e-7,1.5488594821138116e-5,1117,1117,1117,0.36735751510749015
0.009070618221137158,0.07221511977556379,0.005343726634110224,4.924509129865531e-6,1.824895272899997e-13,1.0000000000059008,2.0547541623727739e-7,1.5513624717109148e-5,1118,1118,1118,0.36598248289431706
0.00907873147536,0.07226824382922198,0.005344316269255954,4.92450912986553e-6,1.8638065159097678e-13,1.0000000000059148,2.0843233983214304e-7,1.5538668034967692e-5,1119,1119,1119,0.3682572651229049
0.00908684472958284,0.07232134235252712,0.005344906338300514,4.92450912986553e-6,1.9047209271265643e-13,1.000000000005928,2.047949365646673e-7,1.556372476069032e-5,1120,1120,1120,0.36769268004927486
0.009094957983805682,0.07237441536497471,0.005345496841023241,4.924509129865531e-6,1.9476694414013225e-13,1.0000000000059426,2.1035515374023817e-7,1.558879488032391e-5,1121,1121,1121,0.3732281548922929
0.009103071238028523,0.07242746288590789,0.005346087777203638,4.92450912986553e-6,1.9926600525135393e-13,1.0000000000059561,1.9602666156970372e-7,1.5613878380003293e-5,1122,1122,1122,0.3654964017640888
0.009111184492251364,0.07248048493452275,0.0053466791466214815,4.92450912986553e-6,2.0397417365571887e-13,1.000000000005971,1.9808752682592967e-7,1.5638975245957353e-5,1123,1123,1123,0.36778705059967
0.009119297746474206,0.07253348152996957,0.005347270949056661,4.92450912986553e-6,2.0889423050268374e-13,1.000000000005985,1.815411039274295e-7,1.5664085464510504e-5,1124,1124,1124,0.37148965459296884
0.009127411000697047,0.07258645268988878,0.005347863184289522,4.92450912986553e-6,2.1402965238833856e-13,1.0000000000060076,1.8998411199788734e-7,1.568920902156398e-5,1125,1125,1125,0.37225435899905285
0.009135524254919888,0.07263939843552547,0.005348455852100564,4.924509129865531e-6,2.193828871297492e-13,1.0000000000060238,1.8959856440403655e-7,1.5714345904130333e-5,1126,1126,1126,0.366833373758474
0.00914363750914273,0.0726923187865242,0.005349048952270471,4.924509129865531e-6,2.2495903852124474e-13,1.0000000000060365,1.9044152566038974e-7,1.573949609881009e-5,1127,1127,1127,0.3616202823812979
0.00915175076336557,0.0727452137620835,0.005349642484579878,4.924509129865531e-6,2.3075789043682536e-13,1.0000000000060376,1.9853526023183576e-7,1.576465959231594e-5,1128,1128,1128,0.3741187581259674
0.009159864017588412,0.07279808338255851,0.005350236448810123,4.92450912986553e-6,2.3678102643923935e-13,1.000000000006048,2.0275886924991937e-7,1.5789836371405524e-5,1129,1129,1129,0.36853340034271787
0.009167977271811253,0.07285092766758679,0.0053508308447426465,4.92450912986553e-6,2.3586880630742675e-13,1.0000000000060503,1.962583837666898e-7,1.5815026422932568e-5,1130,1130,1130,0.3649819054918728
0.009176090526034094,0.07290374663755445,0.005351425672158901,4.92450912986553e-6,2.341553522155644e-13,1.000000000006057,2.1047866027856799e-7,1.584022973382071e-5,1131,1131,1131,0.3749829618921568
0.009184203780256936,0.07295654031528302,0.005352020930840772,4.92450912986553e-6,2.3263540970724573e-13,1.0000000000060645,2.0159873770353443e-7,1.5865446289165408e-5,1132,1132,1132,0.36723759485650026
0.009192317034479777,0.07300930872057768,0.005352616620570991,4.92450912986553e-6,2.313047526311503e-13,1.0000000000060745,2.0592039007283347e-7,1.589067607781095e-5,1133,1133,1133,0.3731408578103192
0.009200430288702618,0.07306205187362384,0.005353212741131768,4.92450912986553e-6,2.3015781623571476e-13,1.0000000000060514,2.0311397008754284e-7,1.5915919086866366e-5,1134,1134,1134,0.36669223033341664
0.00920854354292546,0.07311476979674487,0.0053538092923065776,4.924509129865531e-6,2.291886851973472e-13,1.0000000000060667,2.046163238844656e-7,1.594117530348725e-5,1135,1135,1135,0.363669783170219
0.0092166567971483,0.07316746251098873,0.0053544062738781475,4.92450912986553e-6,2.283913404749441e-13,1.0000000000060494,2.0650200838190358e-7,1.596644471490251e-5,1136,1136,1136,0.3657618759886478
0.009224770051371142,0.07322013003809187,0.005355003685630598,4.92450912986553e-6,2.2776167018968436e-13,1.0000000000060716,2.0984604987006605e-7,1.599172730838775e-5,1137,1137,1137,0.36766328615028415
0.009232883305593983,0.07327277239974057,0.005355601527347671,4.92450912986553e-6,2.2729295557102888e-13,1.0000000000060565,2.0877477879821527e-7,1.6017023071324937e-5,1138,1138,1138,0.36460931163642163
0.009240996559816824,0.07332538962122015,0.005356199798813649,4.924509129865531e-6,2.2698264253787397e-13,1.0000000000060807,1.8411489577374596e-7,1.6042331991211543e-5,1139,1139,1139,0.36250141346199255
0.009249109814039666,0.07337798172485292,0.005356798499870475,4.92450912986553e-6,2.2682297086984612e-13,1.0000000000060476,2.1490285462277825e-7,1.6067654055681987e-5,1140,1140,1140,0.3692557784270167
0.009257223068262507,0.07343054874080937,0.0053573976303595665,4.92450912986553e-6,2.2681072518128189e-13,1.0000000000060723,2.1327432975226657e-7,1.609298925262231e-5,1141,1141,1141,0.3683741375354402
0.009265336322485348,0.07348309069176277,0.005357997190064717,4.92450912986553e-6,2.2693850273226474e-13,1.0000000000060583,2.0859332039435685e-7,1.6118337569360157e-5,1142,1142,1142,0.36389893329107403
0.00927344957670819,0.07353560760136515,0.005358597178770672,4.92450912986553e-6,2.2720414024032098e-13,1.000000000006083,2.0387176391523099e-7,1.6143698994159487e-5,1143,1143,1143,0.36045145645808324
0.00928156283093103,0.07358809949151089,0.005359197596262113,4.92450912986553e-6,2.276004197690239e-13,1.0000000000060658,2.1415837636595825e-7,1.6169073514986596e-5,1144,1144,1144,0.3718957947622395
0.009289676085153872,0.07364056638622633,0.005359798442324657,4.92450912986553e-6,2.281202756740442e-13,1.0000000000060882,2.0558923097269144e-7,1.6194461119859728e-5,1145,1145,1145,0.36522647322683305
0.009297789339376713,0.07369300830807643,0.005360399716743723,4.92450912986553e-6,2.287580465294739e-13,1.000000000006106,2.07319317269139e-7,1.6219861796841123e-5,1146,1146,1146,0.36437083704770046
0.009305902593599555,0.07374542528066586,0.005361001419305649,4.924509129865531e-6,2.295080516523295e-13,1.0000000000061218,2.0824728608204168e-7,1.6245275535323264e-5,1147,1147,1147,0.37576084241888436
0.009314015847822396,0.07379781732578307,0.00536160354979687,4.924509129865531e-6,2.303628175402555e-13,1.0000000000061298,2.1068515820843459e-7,1.627070232213524e-5,1148,1148,1148,0.3742375968664935
0.009322129102045237,0.07385018446554151,0.005362206108003822,4.92450912986553e-6,2.3131351845302526e-13,1.000000000006136,2.0869146055702004e-7,1.6296142145387933e-5,1149,1149,1149,0.3630117758835096
0.009330242356268078,0.07390252672230388,0.00536280909371395,4.924509129865532e-6,2.323558312554755e-13,1.0000000000061398,2.1688340723358124e-7,1.6321594993239843e-5,1150,1150,1150,0.3705345520589396
0.00933835561049092,0.07395484412773455,0.005363412506860624,4.92450912986553e-6,2.3347935531202546e-13,1.0000000000061424,2.1622837209633872e-7,1.6347060854004044e-5,1151,1151,1151,0.37392077307812027
0.00934646886471376,0.07400713671193217,0.0053640163473454615,4.924509129865531e-6,2.3467597213189144e-13,1.0000000000061429,2.273287407206226e-7,1.6372539716145858e-5,1152,1152,1152,0.3687552927084406
0.009354582118936602,0.0740594044990638,0.0053646206149521175,4.92450912986553e-6,2.359389771296327e-13,1.0000000000061482,2.2038926772438572e-7,1.6398031568174992e-5,1153,1153,1153,0.3720261461616135
0.009362695373159443,0.07411164751717815,0.0053652253094653565,4.92450912986553e-6,2.3726217649614717e-13,1.0000000000061302,2.3534170168204582e-7,1.6423536402000134e-5,1154,1154,1154,0.37112367139077906
0.009370808627382285,0.0741638657821232,0.005365830430669918,4.92450912986553e-6,2.386457235210163e-13,1.0000000000061404,2.41792008637276e-7,1.6449054202948497e-5,1155,1155,1155,0.37552465324517603
0.009378921881605126,0.07421605932141007,0.005366435978350267,4.92450912986553e-6,2.4009677777422813e-13,1.000000000006145,2.3667325876886025e-7,1.6474584956260478e-5,1156,1156,1156,0.37050349600653965
0.009387035135827967,0.07426822815797199,0.005367041952291828,4.924509129865531e-6,2.416379831139132e-13,1.0000000000061486,2.160824408292683e-7,1.6500128654026185e-5,1157,1157,1157,0.368433957306253
0.009395148390050808,0.07432037231482158,0.0053676483522793845,4.92450912986553e-6,2.433056706329317e-13,1.0000000000061402,2.4319604108313797e-7,1.652568528502425e-5,1158,1158,1158,0.3722849000863078
0.00940326164427365,0.07437249181628622,0.005368255178098761,4.92450912986553e-6,2.45150594083168e-13,1.0000000000061426,2.325334520492106e-7,1.655125483807975e-5,1159,1159,1159,0.37201818108226353
0.009411374898496491,0.07442458668456987,0.005368862429535574,4.92450912986553e-6,2.472467581888584e-13,1.0000000000061409,2.4041160884280544e-7,1.6576837302080702e-5,1160,1160,1160,0.37005309819554405
0.009419488152719332,0.07447665694364566,0.005369470106375892,4.92450912986553e-6,2.4966787479570176e-13,1.0000000000061418,2.15124813962575e-7,1.660243266595249e-5,1161,1161,1161,0.3672699262331542
0.009427601406942173,0.07452870261579005,0.005370078208406094,4.92450912986553e-6,2.5248443041477965e-13,1.0000000000061362,2.4233770545833977e-7,1.6628040918638955e-5,1162,1162,1162,0.37150474478059653
0.009435714661165015,0.07458072372586524,0.0053706867354127935,4.92450912986553e-6,2.5573910938662397e-13,1.000000000006136,2.2238726415935162e-7,1.6653662049138914e-5,1163,1163,1163,0.3741757181317406
0.009443827915387856,0.07463272029686892,0.005371295687182873,4.924509129865531e-6,2.5945655329921383e-13,1.0000000000061087,2.391830804526762e-7,1.667929604649733e-5,1164,1164,1164,0.3720787214242043
0.009451941169610697,0.07468469235470439,0.00537190506350338,4.924509129865531e-6,2.6363126627299754e-13,1.000000000006111,2.3654938274830783e-7,1.6704942899837884e-5,1165,1165,1165,0.37446825832489467
0.009460054423833538,0.0747366399203616,0.005372514864161913,4.924509129865531e-6,2.6824595844450535e-13,1.000000000006114,2.2995916992840648e-7,1.6730602597730908e-5,1166,1166,1166,0.3685806748599806
0.00946816767805638,0.07478856302031789,0.005373125088945818,4.92450912986553e-6,2.732780925474135e-13,1.0000000000061102,2.1995845145283965e-7,1.6756275129885336e-5,1167,1167,1167,0.37372566272571106
0.009476280932279221,0.07484046167761173,0.0053737357376429954,4.92450912986553e-6,2.786984267051519e-13,1.0000000000061078,2.2563907009498507e-7,1.6781960485465895e-5,1168,1168,1168,0.3685975541481349
0.009484394186502062,0.0748923359166755,0.005374346810041949,4.924509129865531e-6,2.844873502679266e-13,1.000000000006105,2.239655287894493e-7,1.6807658653653794e-5,1169,1169,1169,0.3612991054875868
0.009492507440724903,0.07494418575961578,0.005374958305931064,4.92450912986553e-6,2.9063327873104295e-13,1.0000000000061091,2.1597497834591195e-7,1.683336962365883e-5,1170,1170,1170,0.3683104489403288
0.009500620694947745,0.07499601123071985,0.005375570225099345,4.92450912986553e-6,2.971253898453237e-13,1.0000000000060978,2.0856001725633178e-7,1.6859093384711956e-5,1171,1171,1171,0.3668931705740401
0.009508733949170586,0.07504781235310425,0.005376182567335704,4.92450912986553e-6,3.039657969213475e-13,1.000000000006102,2.0965629232705396e-7,1.688482992605105e-5,1172,1172,1172,0.36912798832248084
0.009516847203393427,0.0750995891521901,0.005376795332429991,4.92450912986553e-6,3.1114992430000103e-13,1.0000000000060936,2.1190587062847044e-7,1.691057923670257e-5,1173,1173,1173,0.3702694963136612
0.009524960457616269,0.07515134165364544,0.0053774085201710765,4.92450912986553e-6,3.1868354170098364e-13,1.0000000000060953,1.9942821438689862e-7,1.693634130634489e-5,1174,1174,1174,0.3690295522654148
0.00953307371183911,0.0752030698823438,0.005378022130349671,4.92450912986553e-6,3.2656723001415254e-13,1.0000000000060894,2.106165482018696e-7,1.6962116124359248e-5,1175,1175,1175,0.3753597278038235
0.009541186966061951,0.07525477386203495,0.00537863616275565,4.92450912986553e-6,3.347982286575863e-13,1.000000000006083,2.0411108181406235e-7,1.698790368012504e-5,1176,1176,1176,0.36703613299129095
0.009549300220284792,0.07530645361724539,0.005379250617179298,4.924509129865531e-6,3.433746335103611e-13,1.0000000000060854,1.9943504980801663e-7,1.7013703963129967e-5,1177,1177,1177,0.3699595472403233
0.009557413474507634,0.07535810917839621,0.005379865493530944,4.92450912986553e-6,3.5229148469452235e-13,1.0000000000060918,2.1396351002067604e-7,1.703951696292621e-5,1178,1178,1178,0.36489922504659855
0.009565526728730475,0.07540974058046279,0.005380480791770895,4.92450912986553e-6,3.615423758011143e-13,1.000000000006093,2.1658337345797918e-7,1.7065342669179002e-5,1179,1179,1179,0.37301225160974083
0.009573639982953316,0.07546134784720442,0.005381096511688033,4.92450912986553e-6,3.7111994679898956e-13,1.0000000000060851,2.3532329151976228e-7,1.709118107153526e-5,1180,1180,1180,0.37524991937573704
0.009581753237176157,0.0755129310043393,0.005381712653071532,4.92450912986553e-6,3.782987459445669e-13,1.000000000006091,2.1446341236242006e-7,1.7117032159679537e-5,1181,1181,1181,0.3692587849879453
0.009589866491398999,0.07556449007436332,0.005382329215711026,4.92450912986553e-6,3.75441209848592e-13,1.0000000000060976,2.400175418415529e-7,1.7142895922162728e-5,1182,1182,1182,0.37356530854911885
0.00959797974562184,0.07561602508610846,0.005382946199396493,4.92450912986553e-6,3.7291670139658713e-13,1.0000000000061122,1.884354929870824e-7,1.7168772349888752e-5,1183,1183,1183,0.3734130845321792
0.009606092999844681,0.07566753605899196,0.005383563603917896,4.924509129865531e-6,3.707105137409176e-13,1.0000000000061033,2.4290680755711946e-7,1.719466143265952e-5,1184,1184,1184,0.37377138078989763
0.009614206254067522,0.07571902302495614,0.00538418142906623,4.92450912986553e-6,3.688133049609259e-13,1.0000000000061096,2.396010074789956e-7,1.7220563162372182e-5,1185,1185,1185,0.37448647430194804
0.009622319508290364,0.07577048600936866,0.005384799674631816,4.92450912986553e-6,3.6721401004206e-13,1.0000000000061144,2.3617487698857076e-7,1.7246477526539172e-5,1186,1186,1186,0.3750043686340105
0.009630432762513205,0.07582192503594774,0.005385418340406493,4.92450912986553e-6,3.658989776365904e-13,1.0000000000061178,2.355152730615373e-7,1.7272404515730652e-5,1187,1187,1187,0.37380747600182535
0.009638546016736046,0.07587334013021553,0.005386037426181718,4.924509129865531e-6,3.6485758264839536e-13,1.000000000006119,2.3306008500867392e-7,1.7298344120104444e-5,1188,1188,1188,0.3751800857913176
0.009646659270958887,0.0759247313176468,0.005386656931749536,4.92450912986553e-6,3.640809413820403e-13,1.0000000000061195,2.2393942344933748e-7,1.732429632987609e-5,1189,1189,1189,0.3691028625824975
0.009654772525181729,0.0759760986243878,0.005387276856902253,4.92450912986553e-6,3.6355742860512715e-13,1.0000000000061187,2.1497821478533297e-7,1.7350261135303117e-5,1190,1190,1190,0.36853096908051225
0.00966288577940457,0.07602744207528625,0.005387897201432652,4.92450912986553e-6,3.632773989504993e-13,1.000000000006118,2.304849147094501e-7,1.7376238526269768e-5,1191,1191,1191,0.3644094476213878
0.009670999033627411,0.07607876169638271,0.005388517965133783,4.92450912986553e-6,3.6323390005535177e-13,1.0000000000061253,2.197110049451112e-7,1.740222849328015e-5,1192,1192,1192,0.3760285505795905
0.009679112287850252,0.07613005751576352,0.0053891391477990025,4.92450912986553e-6,3.6341581881770687e-13,1.000000000006117,2.2580289282814192e-7,1.7428231027138863e-5,1193,1193,1193,0.3623507192074171
0.009687225542073094,0.07618132956207888,0.005389760749258845,4.92450912986553e-6,3.6381156719679153e-13,1.0000000000061249,2.3406103366596653e-7,1.7454246118440623e-5,1194,1194,1194,0.3677101887602892
0.009695338796295935,0.07623257786755269,0.005390382769393827,4.92450912986553e-6,3.6441463223825117e-13,1.0000000000061307,2.314935727554257e-7,1.7480273757937433e-5,1195,1195,1195,0.3673442378198389
0.009703452050518776,0.07628380245942779,0.0053910052079964325,4.924509129865531e-6,3.652134334464471e-13,1.0000000000061329,2.355155572786316e-7,1.750631393648085e-5,1196,1196,1196,0.37124323736867165
0.009711565304741617,0.07633500337087251,0.0053916280648599445,4.924509129865531e-6,3.661965960899948e-13,1.0000000000061364,2.2668062626962637e-7,1.7532366648513787e-5,1197,1197,1197,0.3665748211985448
0.009719678558964459,0.07638618062062166,0.005392251339777738,4.92450912986553e-6,3.673546759635505e-13,1.0000000000061373,2.3245205227340193e-7,1.7558431881696198e-5,1198,1198,1198,0.3694045252031595
0.0097277918131873,0.07643733424097572,0.005392875032543382,4.92450912986553e-6,3.686737396210927e-13,1.0000000000061402,2.2478920413959713e-7,1.7584509624174153e-5,1199,1199,1199,0.36797293622956934
0.009735905067410141,0.07648846425707043,0.005393499142951038,4.92450912986553e-6,3.7014125320767216e-13,1.0000000000061404,2.266972813913526e-7,1.7610599870023733e-5,1200,1200,1200,0.37001851827224835
0.009744018321632983,0.07653957069642796,0.005394123670795736,4.924509129865531e-6,3.717434592910036e-13,1.0000000000061449,2.1307138808879245e-7,1.7636702610581815e-5,1201,1201,1201,0.3637763365671918
0.009752131575855824,0.07659065358674937,0.005394748615872897,4.92450912986553e-6,3.7346081238607684e-13,1.0000000000061557,2.21033985781105e-7,1.7662817837296293e-5,1202,1202,1202,0.3702702877476757
0.009760244830078665,0.07664171295529541,0.005395373977978774,4.92450912986553e-6,3.752738356605608e-13,1.000000000006167,2.2099530383457022e-7,1.7688945541718477e-5,1203,1203,1203,0.3743240680776901
0.009768358084301506,0.07669274882967363,0.005395999756909894,4.92450912986553e-6,3.771640387109478e-13,1.0000000000061473,2.138973371756947e-7,1.771508571549733e-5,1204,1204,1204,0.3693562015776778
0.009776471338524348,0.07674376123660534,0.005396625952463619,4.92450912986553e-6,3.791083830437062e-13,1.0000000000061506,2.196600235038204e-7,1.7741238350372474e-5,1205,1205,1205,0.3713006144442659
0.009784584592747189,0.07679475020273119,0.005397252564437587,4.92450912986553e-6,3.810861459459113e-13,1.0000000000061606,2.125416784792833e-7,1.776740343784986e-5,1206,1206,1206,0.367829790892867
0.00979269784697003,0.07684571575453673,0.005397879592629546,4.92450912986553e-6,3.8307558579640335e-13,1.0000000000061637,2.2065189853037737e-7,1.77935809700743e-5,1207,1207,1207,0.3686842162650974
0.009800811101192871,0.07689665792960762,0.005398507036979824,4.92450912986553e-6,3.850687084416646e-13,1.0000000000061708,2.0099139419471612e-7,1.781977093915065e-5,1208,1208,1208,0.3657456052325865
0.009808924355415713,0.07694757676454195,0.005399134897435272,4.92450912986553e-6,3.8707458229477067e-13,1.0000000000061724,2.134404155640368e-7,1.7845973337346512e-5,1209,1209,1209,0.3648406274238761
0.009817037609638554,0.07699847228762062,0.005399763173790727,4.92450912986553e-6,3.891371907158106e-13,1.000000000006179,2.258625215745269e-7,1.7872188156984176e-5,1210,1210,1210,0.37440720303101377
0.009825150863861395,0.07704934452629694,0.005400391865841459,4.92450912986553e-6,3.9134485293396843e-13,1.0000000000061842,2.1899852953310983e-7,1.7898415390451762e-5,1211,1211,1211,0.37350918208044115
0.009833264118084236,0.07710019350875535,0.005401020973382863,4.924509129865531e-6,3.9383985237989357e-13,1.000000000006128,2.062012924852752e-7,1.792465503016362e-5,1212,1212,1212,0.37041703556433425
0.009841377372307078,0.07715101926237572,0.005401650496210587,4.92450912986553e-6,3.9680416547535656e-13,1.000000000006142,2.1675379180408072e-7,1.7950907068554747e-5,1213,1213,1213,0.37100456315454367
0.009849490626529919,0.07720182181712029,0.005402280434120756,4.92450912986553e-6,4.004181047901502e-13,1.0000000000061575,2.2044321212888462e-7,1.797717149816592e-5,1214,1214,1214,0.3712447975047105
0.00985760388075276,0.0772526012016399,0.005402910786909239,4.92450912986553e-6,4.048227556833474e-13,1.0000000000061393,2.1278747652786478e-7,1.8003448311630146e-5,1215,1215,1215,0.368191874332969
0.009865717134975601,0.0773033574454688,0.005403541554373151,4.924509129865531e-6,4.100880493811979e-13,1.000000000006162,2.1801700356149922e-7,1.802973750162366e-5,1216,1216,1216,0.3751417942722726
0.009873830389198443,0.07735409057655777,0.005404172736308443,4.924509129865531e-6,4.1621913352272187e-13,1.0000000000061804,2.028563983458298e-7,1.8056039060708767e-5,1217,1217,1217,0.36764758542959264
0.009881943643421284,0.07740480062444605,0.005404804332512491,4.924509129865528e-6,4.2318066894073016e-13,1.000000000006194,2.0630590569226115e-7,1.8082352981750017e-5,1218,1218,1218,0.3736243771807194
0.009890056897644125,0.07745548761785717,0.005405436342782457,4.92450912986553e-6,4.309172949793844e-13,1.0000000000062128,1.90952475165318e-7,1.8108679257476743e-5,1219,1219,1219,0.3677573812355097
0.009898170151866966,0.07750615158649045,0.005406068766915803,4.92450912986553e-6,4.393730352673913e-13,1.0000000000062328,2.2082176087678818e-7,1.813501787715059e-5,1220,1220,1220,0.3659499017165312
0.009906283406089808,0.07755679255862605,0.005406701604710368,4.924509129865531e-6,4.4850256898092766e-13,1.0000000000062108,1.821375050781171e-7,1.8161368837137872e-5,1221,1221,1221,0.3683486571763232
0.009914396660312649,0.07760741056377153,0.005407334855964583,4.92450912986553e-6,4.582735935043693e-13,1.0000000000062357,2.185153391565109e-7,1.8187732130367803e-5,1222,1222,1222,0.36560716806200644
0.00992250991453549,0.07765800563029474,0.005407968520476728,4.92450912986553e-6,4.686671393704682e-13,1.0000000000062177,1.7494725668143474e-7,1.821410774983209e-5,1223,1223,1223,0.36906392865516047
0.009930623168758331,0.07770857778839352,0.005408602598045294,4.92450912986553e-6,4.796720419889093e-13,1.0000000000062428,2.1745307776654954e-7,1.8240495691124162e-5,1224,1224,1224,0.36867434561970075
0.009938736422981173,0.07775912706513145,0.00540923708847001,4.92450912986553e-6,4.912768548994577e-13,1.000000000006233,1.7531655771563237e-7,1.8266895944611708e-5,1225,1225,1225,0.3686488264702303
0.009946849677204014,0.07780965348983383,0.005409871991549977,4.924509129865531e-6,5.034722887359002e-13,1.0000000000062517,2.155893241706508e-7,1.82933085032775e-5,1226,1226,1226,0.3751649037912616
0.009954962931426855,0.07786015709163578,0.005410507307085294,4.92450912986553e-6,5.162409527085407e-13,1.000000000006253,1.7594210532934085e-7,1.8319733360116136e-5,1227,1227,1227,0.3677543570940157
0.009963076185649697,0.07791063789861351,0.005411143034876515,4.92450912986553e-6,5.29562711402133e-13,1.000000000006259,2.040154640781111e-7,1.8346170507549672e-5,1228,1228,1228,0.3656498246980893
0.009971189439872538,0.07796109594026945,0.005411779174723893,4.92450912986553e-6,5.43415158296545e-13,1.0000000000062708,1.7570575749914497e-7,1.8372619939050293e-5,1229,1229,1229,0.36749330904567584
0.009979302694095379,0.0780115312450109,0.005412415726428645,4.924509129865531e-6,5.577735872290005e-13,1.000000000006269,1.8923851285990168e-7,1.8399081647495542e-5,1230,1230,1230,0.3737157556045546
0.00998741594831822,0.07806194384077993,0.005413052689791967,4.924509129865532e-6,5.726110865871243e-13,1.0000000000062783,1.8390806388879355e-7,1.8425555625717145e-5,1231,1231,1231,0.367549538430081
0.009995529202541062,0.07811233375478091,0.00541369006461561,4.92450912986553e-6,5.879036141128729e-13,1.0000000000062865,1.9143963925216667e-7,1.845204186651133e-5,1232,1232,1232,0.3701333397628887
0.010003642456763903,0.07816270101440952,0.005414327850701501,4.92450912986553e-6,6.003084320382261e-13,1.00000000000629,1.9180665589146884e-7,1.8478540362651355e-5,1233,1233,1233,0.3680805603603078
0.010011755710986744,0.07821304564656145,0.00541496604785171,4.92450912986553e-6,5.956378270323095e-13,1.000000000006299,1.9545321094938117e-7,1.8505051106888937e-5,1234,1234,1234,0.3695621763652539
0.010019868965209585,0.07826336767750222,0.00541560465586867,4.92450912986553e-6,5.915354604881207e-13,1.0000000000063085,1.917118908068005e-7,1.8531574091931555e-5,1235,1235,1235,0.3679113765206066
0.010027982219432427,0.0783136671344436,0.005416243674555047,4.92450912986553e-6,5.879706540381615e-13,1.0000000000063192,1.9812165419352823e-7,1.8558109310484757e-5,1236,1236,1236,0.37258536903803713
0.010036095473655268,0.07836394405668794,0.005416883103911381,4.924509129865531e-6,5.849207942206966e-13,1.0000000000063283,1.859991272112893e-7,1.858465675541302e-5,1237,1237,1237,0.3654532037233541
0.010044208727878109,0.0784141984798512,0.005417522943871848,4.92450912986553e-6,5.823609234195784e-13,1.0000000000063378,1.9741648316085048e-7,1.861121641967405e-5,1238,1238,1238,0.3708732539164243
0.01005232198210095,0.07846443043411525,0.005418163194237802,4.92450912986553e-6,5.802695212161016e-13,1.0000000000063458,1.8794938938526684e-7,1.8637788298357608e-5,1239,1239,1239,0.3647531502418012
0.010060435236323792,0.07851463994447343,0.00541880385481135,4.92450912986553e-6,5.786237173637111e-13,1.0000000000063545,1.9863883693460593e-7,1.8664372382360468e-5,1240,1240,1240,0.3667944614375947
0.010068548490546633,0.07856482703934128,0.005419444925394365,4.924509129865531e-6,5.774038879346588e-13,1.0000000000063618,2.014753306411876e-7,1.8690968664797793e-5,1241,1241,1241,0.37067002010669103
0.010076661744769474,0.07861499174868194,0.005420086405789186,4.92450912986553e-6,5.765932095339316e-13,1.000000000006333,2.0821434532081184e-7,1.8717577138850298e-5,1242,1242,1242,0.3745897945508431
0.010084774998992315,0.07866513410106776,0.005420728295798414,4.92450912986553e-6,5.761722028047655e-13,1.000000000006354,1.956252475565634e-7,1.8744197797738348e-5,1243,1243,1243,0.3668240178652804
0.010092888253215157,0.07871525412433503,0.005421370595225835,4.92450912986553e-6,5.761238806528341e-13,1.0000000000063658,1.9171157816799678e-7,1.8770830633906717e-5,1244,1244,1244,0.3671319845557277
0.010101001507437998,0.07876535184731556,0.005422013303874959,4.92450912986553e-6,5.764316719205484e-13,1.00000000000637,1.9562644837378684e-7,1.8797475641469333e-5,1245,1245,1245,0.3699513720745966
0.01010911476166084,0.07881542729870217,0.005422656421549592,4.924509129865531e-6,5.77077677600097e-13,1.0000000000063693,1.959233664194926e-7,1.882413281382283e-5,1246,1246,1246,0.36660474167079043
0.01011722801588368,0.07886548051136687,0.005423299948121865,4.924509129865528e-6,5.780453085473079e-13,1.0000000000063747,2.036697033247492e-7,1.885080214438838e-5,1247,1247,1247,0.37171242670380045
0.010125341270106522,0.07891551151966415,0.005423943883461228,4.92450912986553e-6,5.793171675348958e-13,1.0000000000063787,1.9694068598141712e-7,1.887748362573907e-5,1248,1248,1248,0.36724216550643807
0.010133454524329363,0.07896552035026294,0.005424588227371434,4.924509129865531e-6,5.808766550724488e-13,1.0000000000063807,2.0855166482647292e-7,1.890417725225064e-5,1249,1249,1249,0.37448824152268
0.010141567778552204,0.07901550703247044,0.0054252329796561005,4.92450912986553e-6,5.827021561839169e-13,1.000000000006382,1.964242102303615e-7,1.893088301747981e-5,1250,1250,1250,0.36401073729461086
0.010149681032775046,0.07906547159397519,0.005425878140119461,4.92450912986553e-6,5.847732827409149e-13,1.000000000006382,2.47319860591233e-7,1.8957600914643798e-5,1251,1251,1251,0.3695907442063622
0.010157794286997887,0.0791154140636397,0.005426523708565415,4.92450912986553e-6,5.870655974487495e-13,1.00000000000637,2.0029018443779023e-7,1.898433093789497e-5,1252,1252,1252,0.3621403393592641
0.010165907541220728,0.0791653344719784,0.005427169684799672,4.92450912986553e-6,5.895507600615305e-13,1.0000000000063665,1.9903012571376166e-7,1.90110730810237e-5,1253,1253,1253,0.37101474290630587
0.01017402079544357,0.07921523284685264,0.005427816068627085,4.92450912986553e-6,5.921981855797617e-13,1.0000000000063707,1.9352235369751725e-7,1.9037827337873318e-5,1254,1254,1254,0.37527090922317
0.01018213404966641,0.0792651092179503,0.005428462859853605,4.92450912986553e-6,5.949694518635743e-13,1.0000000000063893,2.1128414573468035e-7,1.9064593702346335e-5,1255,1255,1255,0.3747606327705479
0.010190247303889252,0.07931496361317644,0.005429110058286078,4.92450912986553e-6,5.978240353165766e-13,1.0000000000063864,1.9649472449145833e-7,1.909137216840083e-5,1256,1256,1256,0.37465095839767204
0.010198360558112093,0.07936479606139014,0.005429757663731336,4.92450912986553e-6,6.007137144205339e-13,1.000000000006398,1.865385144128595e-7,1.911816273000666e-5,1257,1257,1257,0.3596037513388296
0.010206473812334934,0.07941460658900178,0.005430405675997118,4.92450912986553e-6,6.035864140943625e-13,1.0000000000063787,2.06158290438907e-7,1.9144965381114944e-5,1258,1258,1258,0.37562976425473066
0.010214587066557776,0.07946439522593762,0.00543105409489205,4.924509129865531e-6,6.06384663635955e-13,1.0000000000064004,2.2856525561110175e-7,1.917178011572874e-5,1259,1259,1259,0.3701173194400538
0.010222700320780617,0.07951416200234934,0.005431702920224181,4.92450912986553e-6,6.090531762987383e-13,1.0000000000063947,2.1210402678661922e-7,1.9198606923881806e-5,1260,1260,1260,0.376307469734415
0.010230813575003458,0.07956390694647204,0.005432352151802912,4.92450912986553e-6,6.115568486638458e-13,1.0000000000064158,1.988852602607949e-7,1.9225445803710302e-5,1261,1261,1261,0.36267177914884535
0.0102389268292263,0.07961363008531849,0.005433001789438283,4.924509129865531e-6,6.139130509983264e-13,1.000000000006411,2.1611570133472924e-7,1.9252296749515522e-5,1262,1262,1262,0.3635818042720619
0.01024704008344914,0.07966333145749091,0.005433651833047784,4.92450912986553e-6,6.162177232754116e-13,1.000000000006419,2.436607360323251e-7,1.927915975908091e-5,1263,1263,1263,0.3717431973947465
0.010255153337671982,0.07971301110070204,0.005434302282651787,4.924509129865532e-6,6.187065126844537e-13,1.0000000000064146,2.22004501893025e-7,1.9306034823702242e-5,1264,1264,1264,0.36279080932523605
0.010263266591894823,0.0797626690438797,0.005434953138056654,4.92450912986553e-6,6.217426531481151e-13,1.0000000000064244,2.1349304546447456e-7,1.9332921937861252e-5,1265,1265,1265,0.3646933257986573
0.010271379846117664,0.07981230531522852,0.0054356043990685665,4.924509129865531e-6,6.257545343947736e-13,1.0000000000064222,2.295177807809523e-7,1.9359821096583343e-5,1266,1266,1266,0.3648654746704912
0.010279493100340506,0.07986191994468858,0.005436256065494485,4.924509129865531e-6,6.311105604626106e-13,1.0000000000064295,2.44246891156763e-7,1.9386732294719503e-5,1267,1267,1267,0.3707488945060981
0.010287606354563347,0.07991151296060402,0.005436908137141397,4.924509129865531e-6,6.380243568682806e-13,1.0000000000064284,2.3179680397333868e-7,1.941365552720033e-5,1268,1268,1268,0.36463845314938464
0.010295719608786188,0.07996108439208459,0.005437560613816387,4.924509129865532e-6,6.46546290172492e-13,1.0000000000064366,2.433302910276325e-7,1.944059078903798e-5,1269,1269,1269,0.3695374461841051
0.01030383286300903,0.08001063426660024,0.0054382134953269564,4.92450912986553e-6,6.56617497569498e-13,1.0000000000064386,2.355566834921774e-7,1.9467538075313586e-5,1270,1270,1270,0.3637820605968377
0.01031194611723187,0.08006016261220637,0.005438866781480955,4.92450912986553e-6,6.681223889726236e-13,1.0000000000064462,2.238096783457877e-7,1.9494497381114834e-5,1271,1271,1271,0.3696070838937909
0.010320059371454712,0.08010966945567151,0.005439520472085913,4.92450912986553e-6,6.809445605988599e-13,1.0000000000064602,2.2996946569264765e-7,1.9521468701541393e-5,1272,1272,1272,0.3632470939307832
0.010328172625677553,0.0801591548285535,0.0054401745669499365,4.92450912986553e-6,6.949899213373529e-13,1.0000000000064702,2.396409755078821e-7,1.9548452031790542e-5,1273,1273,1273,0.36726988204331606
0.010336285879900394,0.0802086187607268,0.005440829065880927,4.924509129865531e-6,7.101893224018321e-13,1.0000000000064537,2.0474817219451324e-7,1.9575447367207828e-5,1274,1274,1274,0.3722945069276356
0.010344399134123236,0.08025806128257726,0.00544148396868802,4.92450912986553e-6,7.264897002200188e-13,1.0000000000064777,2.1539636918532779e-7,1.960245470298429e-5,1275,1275,1275,0.36775820167245354
0.010352512388346077,0.08030748242236178,0.005442139275179522,4.924509129865531e-6,7.438484993806446e-13,1.0000000000064733,2.0730936967083835e-7,1.9629474033968584e-5,1276,1276,1276,0.37166946597372785
0.010360625642568918,0.08035688221013924,0.005442794985165083,4.924509129865531e-6,7.622176930280144e-13,1.0000000000064986,2.133573957507906e-7,1.9656505356889906e-5,1277,1277,1277,0.3652150572707507
0.01036873889679176,0.08040626067732251,0.005443451098454245,4.924509129865531e-6,7.815491233539793e-13,1.00000000000649,2.1061840982383728e-7,1.9683548666625833e-5,1278,1278,1278,0.37284115165812864
0.0103768521510146,0.08045561785295276,0.00544410761485665,4.92450912986553e-6,8.017801777671577e-13,1.000000000006516,2.2827131118674515e-7,1.971060395873391e-5,1279,1279,1279,0.3704295927401555
0.010384965405237442,0.08050495376644046,0.005444764534182844,4.924509129865531e-6,8.22849144653606e-13,1.000000000006506,2.080949172977853e-7,1.973767122538361e-5,1280,1280,1280,0.3723747998757579
0.010393078659460283,0.08055426844745307,0.005445421856243368,4.92450912986553e-6,8.44687930296712e-13,1.0000000000065352,1.9974151044266364e-7,1.976475046552341e-5,1281,1281,1281,0.37242749884559406
0.010401191913683125,0.08060356192512921,0.005446079580849384,4.92450912986553e-6,8.672375302185352e-13,1.0000000000065634,2.100795555293189e-7,1.9791841674772583e-5,1282,1282,1282,0.3639607791007137
0.010409305167905966,0.0806528342277383,0.005446737707812901,4.92450912986553e-6,8.904395620942987e-13,1.0000000000065512,2.0413724044487935e-7,1.981894484873278e-5,1283,1283,1283,0.37257492534217385
0.010417418422128807,0.08070208538377019,0.005447396236945595,4.924509129865531e-6,9.142470642694177e-13,1.0000000000065752,2.1624577328793748e-7,1.9846059982927418e-5,1284,1284,1284,0.3717247420966869
0.010425531676351648,0.08075131541974731,0.005448055168060335,4.92450912986553e-6,9.287065999475633e-13,1.0000000000065774,2.0390880095533248e-7,1.987318707222543e-5,1285,1285,1285,0.37341979157413246
0.01043364493057449,0.08080052436756953,0.005448714500970414,4.92450912986553e-6,9.212894686839616e-13,1.0000000000065907,2.088782053988325e-7,1.990032611244255e-5,1286,1286,1286,0.3711619992517198
0.01044175818479733,0.08084971225684377,0.00544937423548893,4.92450912986553e-6,9.148029328126734e-13,1.0000000000066,2.0419834712015472e-7,1.9927477098888968e-5,1287,1287,1287,0.3736304094224059
0.010449871439020172,0.0808988791175233,0.005450034371430346,4.924509129865531e-6,9.091981029944333e-13,1.0000000000066074,1.9839423259782052e-7,1.9954640026887048e-5,1288,1288,1288,0.36713425802379923
0.010457984693243013,0.08094802497788225,0.005450694908608191,4.92450912986553e-6,9.044234942086701e-13,1.0000000000066203,2.021383487260664e-7,1.998181489178015e-5,1289,1289,1289,0.37353905003182436
0.010466097947465855,0.08099714986696985,0.005451355846837339,4.92450912986553e-6,9.004365486475849e-13,1.0000000000066238,2.0325967575729464e-7,2.000900168893657e-5,1290,1290,1290,0.36772875828409674
0.010474211201688696,0.08104625381258491,0.005452017185932736,4.92450912986553e-6,8.971932403210059e-13,1.0000000000066382,2.0785932974831667e-7,2.0036200413762794e-5,1291,1291,1291,0.3733138771366652
0.010482324455911537,0.0810953368433096,0.005452678925709424,4.92450912986553e-6,8.946573676744546e-13,1.0000000000066391,2.0624217889064766e-7,2.0063411061672525e-5,1292,1292,1292,0.36526237161788394
0.010490437710134378,0.08114439898757816,0.005453341066005557,4.924509129865531e-6,8.927925341340781e-13,1.0000000000066547,2.1391306859186443e-7,2.0090633628130334e-5,1293,1293,1293,0.37251205702037504
0.01049855096435722,0.08119344029311228,0.005454003606988503,4.92450912986553e-6,8.915685944428894e-13,1.000000000006651,2.0454913318701529e-7,2.0117868108872477e-5,1294,1294,1294,0.3633590285354854
0.010506664218580061,0.08124246078561406,0.005454666548471505,4.92450912986553e-6,8.909532754732855e-13,1.000000000006665,2.168125234902618e-7,2.0145114499534234e-5,1295,1295,1295,0.37167128597339055
0.010514777472802902,0.08129146049397908,0.0054553298902689775,4.92450912986553e-6,8.909191622101402e-13,1.0000000000066656,2.2598615601054917e-7,2.01723727957106e-5,1296,1296,1296,0.37479924943380616
0.010522890727025743,0.08134043944798991,0.005455993632194912,4.924509129865531e-6,8.914369972846424e-13,1.000000000006673,2.1746657807852898e-7,2.0199642993016027e-5,1297,1297,1297,0.3687796558700213
0.010531003981248585,0.08138939767860309,0.005456657774085443,4.92450912986553e-6,8.924757342053399e-13,1.0000000000066829,2.2048176617772697e-7,2.0226925087080262e-5,1298,1298,1298,0.3697235970228423
0.010539117235471426,0.08143833522235554,0.0054573223158772095,4.92450912986553e-6,8.940098175773193e-13,1.000000000006691,2.3669865356623632e-7,2.025421907354016e-5,1299,1299,1299,0.37212403598910937
0.010547230489694267,0.08148725210867655,0.005457987257383478,4.924509129865531e-6,8.960096026303231e-13,1.0000000000067002,2.3002684201856027e-7,2.0281524947952645e-5,1300,1300,1300,0.37111689186926217
0.010555343743917108,0.08153614836712184,0.005458652598417873,4.92450912986553e-6,8.984421718733904e-13,1.0000000000067129,1.9185982580438576e-7,2.0308842705956702e-5,1301,1301,1301,0.37363481340997645
0.01056345699813995,0.08158502403249486,0.005459318338794597,4.92450912986553e-6,9.012734471471403e-13,1.0000000000067346,2.0054553573345402e-7,2.033617234780809e-5,1302,1302,1302,0.3759192609990397
0.010571570252362791,0.08163387912728218,0.005459984478328532,4.92450912986553e-6,9.044649297662986e-13,1.000000000006753,1.9806130069355277e-7,2.0363513864940604e-5,1303,1303,1303,0.37258700510274023
0.010579683506585632,0.0816827136816149,0.0054606510168346625,4.92450912986553e-6,9.079777889414404e-13,1.00000000000677,2.0619150831180377e-7,2.039086725318252e-5,1304,1304,1304,0.37493294870568505
0.010587796760808474,0.08173152772533789,0.005461317954127789,4.92450912986553e-6,9.11760739583903e-13,1.0000000000067855,2.0482796969645278e-7,2.0418232508449932e-5,1305,1305,1305,0.3712475461794092
0.010595910015031315,0.08178032129126496,0.005461985290024076,4.92450912986553e-6,9.157590769236146e-13,1.0000000000068008,2.132365324314378e-7,2.0445609625163804e-5,1306,1306,1306,0.3743274976759608
0.010604023269254156,0.0818290944062762,0.00546265302433967,4.92450912986553e-6,9.19906235557208e-13,1.0000000000068154,2.0883214801870054e-7,2.0472998600439278e-5,1307,1307,1307,0.3696224844190521
0.010612136523476997,0.08187784710111158,0.005463321156891404,4.92450912986553e-6,9.24124524878073e-13,1.0000000000068296,2.3013097916191327e-7,2.0500399430692278e-5,1308,1308,1308,0.37359611882288507
0.010620249777699839,0.08192657940452848,0.005463989687496491,4.92450912986553e-6,9.283243154579194e-13,1.0000000000068274,2.1032819574884343e-7,2.0527812112061984e-5,1309,1309,1309,0.3664681747023655
0.01062836303192268,0.08197529134582211,0.005464658615972811,4.92450912986553e-6,9.323954432898995e-13,1.0000000000068465,2.1715872833283356e-7,2.0555236640717173e-5,1310,1310,1310,0.37292565626194457
0.010636476286145521,0.08202398295188616,0.00546532794213904,4.92450912986553e-6,9.362140910493678e-13,1.0000000000068632,1.9001423368081305e-7,2.0582673012874838e-5,1311,1311,1311,0.3735035564651367
0.010644589540368362,0.08207265425075529,0.005465997665814641,4.92450912986553e-6,9.39651040346435e-13,1.0000000000068412,2.1248575876597897e-7,2.061012122475418e-5,1312,1312,1312,0.36898185143757534
0.010652702794591204,0.08212130526826743,0.00546666778681911,4.92450912986553e-6,9.42585452600376e-13,1.0000000000068592,1.8597017970023444e-7,2.0637581273467977e-5,1313,1313,1313,0.36981998514026415
0.010660816048814045,0.0821699360329528,0.005467338304973531,4.92450912986553e-6,9.449664127273724e-13,1.0000000000068574,2.0446550763608684e-7,2.0665053154229346e-5,1314,1314,1314,0.36845829356993864
0.010668929303036886,0.08221854656932633,0.00546800922009846,4.92450912986553e-6,9.469049716573399e-13,1.0000000000068665,1.978917509859457e-7,2.0692536863042914e-5,1315,1315,1315,0.3724564131177193
0.010677042557259727,0.0822671369060711,0.005468680532014753,4.92450912986553e-6,9.48787772551458e-13,1.000000000006868,2.1089476831548382e-7,2.072003239590579e-5,1316,1316,1316,0.36863993660825617
0.010685155811482569,0.08231570708768306,0.0054693522408522394,4.92450912986553e-6,9.51340636303175e-13,1.0000000000068847,2.0942033529536275e-7,2.0747539749072066e-5,1317,1317,1317,0.37481099288752084
0.01069326906570541,0.08236425714723966,0.005470024346465607,4.92450912986553e-6,9.55477647893845e-13,1.0000000000068667,1.8523886069488071e-7,2.0775058913627252e-5,1318,1318,1318,0.37248088401742563
0.010701382319928251,0.08241278710904004,0.005470696848672739,4.92450912986553e-6,9.619763510707764e-13,1.0000000000068894,2.364835438584123e-7,2.0802589890819814e-5,1319,1319,1319,0.37607992051676453
0.010709495574151092,0.08246129700106829,0.005471369747291019,4.92450912986553e-6,9.712659801682778e-13,1.0000000000068736,2.1151542739517026e-7,2.0830132676915318e-5,1320,1320,1320,0.3721053481267762
0.010717608828373934,0.08250978684883235,0.005472043042139193,4.92450912986553e-6,9.834165048786612e-13,1.0000000000068954,2.308134128270467e-7,2.085768726797062e-5,1321,1321,1321,0.3732072988682968
0.010725722082596775,0.08255825668050996,0.005472716733034981,4.92450912986553e-6,9.982795533002798e-13,1.0000000000068967,2.1486199131004469e-7,2.0885253660427563e-5,1322,1322,1322,0.37416483453134824
0.010733835336819616,0.08260670652236772,0.005473390819797241,4.924509129865531e-6,1.0156302419051305e-12,1.000000000006877,2.2160548951433157e-7,2.0912831850544616e-5,1323,1323,1323,0.3705901702504286
0.010741948591042457,0.0826551364019818,0.005474065302244294,4.92450912986553e-6,1.0352539968139064e-12,1.0000000000068832,2.1543963413250822e-7,2.0940421834611468e-5,1324,1324,1324,0.37512230774186806
0.010750061845265299,0.08270354634613945,0.005474740180195212,4.92450912986553e-6,1.0569796484852195e-12,1.0000000000068694,2.1969181318581832e-7,2.0968023608970718e-5,1325,1325,1325,0.3706446516220199
0.01075817509948814,0.08275193638267236,0.005475415453468348,4.92450912986553e-6,1.0806649738664744e-12,1.0000000000068787,2.1333656974320547e-7,2.099563717005086e-5,1326,1326,1326,0.37522997948976405
0.010766288353710981,0.08280030653815615,0.005476091121882853,4.92450912986553e-6,1.1061906788664538e-12,1.000000000006869,2.1679618100733933e-7,2.1023262514354013e-5,1327,1327,1327,0.3711514572549066
0.010774401607933822,0.08284865683980146,0.0054767671852582875,4.92450912986553e-6,1.133429774760059e-12,1.0000000000068783,2.207764566719561e-7,2.1050899638396453e-5,1328,1328,1328,0.3730445997896056
0.010782514862156664,0.08289698731373911,0.0054774436434140645,4.92450912986553e-6,1.1622501349070211e-12,1.0000000000069016,2.190157459835973e-7,2.1078548538646116e-5,1329,1329,1329,0.37232342430391957
0.010790628116379505,0.08294529798964738,0.005478120496169811,4.92450912986553e-6,1.192507668820591e-12,1.0000000000069043,2.098463625088698e-7,2.11062092123271e-5,1330,1330,1330,0.37530138546306774
0.010798741370602346,0.08299358889542613,0.0054787977433460805,4.92450912986553e-6,1.2240575917777362e-12,1.0000000000068974,2.1818085826907918e-7,2.1133881655180943e-5,1331,1331,1331,0.37261329618846867
0.010806854624825188,0.08304186005901461,0.0054794753847629924,4.92450912986553e-6,1.2567559275205408e-12,1.0000000000069007,2.1861001187062357e-7,2.1161565863829436e-5,1332,1332,1332,0.3752458329017451
0.010814967879048029,0.08309011150685001,0.005480153420241641,4.92450912986553e-6,1.2904705908759462e-12,1.00000000000691,2.1805394823104507e-7,2.1189261834941817e-5,1333,1333,1333,0.37318444434991793
0.01082308113327087,0.0831383432660242,0.00548083184960343,4.924509129865528e-6,1.3250932266197572e-12,1.0000000000069167,2.2561926016351208e-7,2.121696956518964e-5,1334,1334,1334,0.3741325803493447
0.010831194387493711,0.083186555362948,0.005481510672670281,4.92450912986553e-6,1.3605327007519389e-12,1.0000000000069384,2.2560571011354114e-7,2.124468905125597e-5,1335,1335,1335,0.3735315819485785
0.010839307641716553,0.08323474782475625,0.0054821898892642535,4.92450912986553e-6,1.3967190550511039e-12,1.000000000006947,2.287732883132776e-7,2.1272420286906252e-5,1336,1336,1336,0.37450415530070896
0.010847420895939394,0.08328292067747595,0.005482869499208154,4.92450912986553e-6,1.389710459927967e-12,1.0000000000069607,2.2795201459757664e-7,2.1300163271748687e-5,1337,1337,1337,0.37242644167917816
0.010855534150162235,0.08333107394699701,0.005483549502325826,4.92450912986553e-6,1.3788851695210757e-12,1.000000000006974,2.341735907407383e-7,2.1327918002512366e-5,1338,1338,1338,0.37474273675208175
0.010863647404385076,0.08337920765896367,0.005484229898440926,4.924509129865528e-6,1.3695027444341544e-12,1.0000000000069862,2.2991541470673837e-7,2.135568447591092e-5,1339,1339,1339,0.37221196502895715
0.010871760658607918,0.08342732183698326,0.005484910687378034,4.924509129865531e-6,1.3614708361211426e-12,1.0000000000069984,2.3069728172231407e-7,2.1383462688174312e-5,1340,1340,1340,0.37379770184626865
0.010879873912830759,0.0834754165138872,0.00548559186896213,4.92450912986553e-6,1.3547103469395927e-12,1.0000000000070104,2.2677193101117155e-7,2.1411252641874904e-5,1341,1341,1341,0.3713275401540509
0.0108879871670536,0.08352349170365823,0.005486273443018514,4.92450912986553e-6,1.3491433608501575e-12,1.0000000000070228,2.2559316903425497e-7,2.1439054328055244e-5,1342,1342,1342,0.37222891489095716
0.010896100421276441,0.08357154743422746,0.0054869554093729825,4.92450912986553e-6,1.3447055300786132e-12,1.000000000007035,2.004845214287343e-7,2.1466867744418063e-5,1343,1343,1343,0.376098723666348
0.010904213675499283,0.08361958373567843,0.005487637767851592,4.92450912986553e-6,1.34133257558189e-12,1.0000000000070413,2.023510319304478e-7,2.1494692886369138e-5,1344,1344,1344,0.37467642439461946
0.010912326929722124,0.0836676006327331,0.005488320518281029,4.92450912986553e-6,1.3389680383532029e-12,1.0000000000070477,2.0149553847659263e-7,2.152252975062103e-5,1345,1345,1345,0.3710709027809087
0.010920440183944965,0.08371559815219243,0.005489003660487906,4.92450912986553e-6,1.3375590361201905e-12,1.0000000000070544,2.0321327554029267e-7,2.1550378333936254e-5,1346,1346,1346,0.3695282037368579
0.010928553438167806,0.08376357631958711,0.005489687194299482,4.92450912986553e-6,1.3370544570797613e-12,1.0000000000070626,1.9985205312877952e-7,2.157823863310377e-5,1347,1347,1347,0.36530893286424315
0.010936666692390648,0.0838115351757978,0.00549037111980353,4.92450912986553e-6,1.3374084479499085e-12,1.000000000007072,2.0051804483500746e-7,2.1606110645108184e-5,1348,1348,1348,0.37334515795767226
0.010944779946613489,0.08385947476531794,0.005491055437134266,4.92450912986553e-6,1.3385765506826162e-12,1.0000000000070672,2.0300259251371244e-7,2.1633994367095294e-5,1349,1349,1349,0.3742698167636761
0.01095289320083633,0.08390739511413903,0.005491740146113353,4.92450912986553e-6,1.3405114949820905e-12,1.0000000000070821,2.0422132962494288e-7,2.1661889796171502e-5,1350,1350,1350,0.3733760246841932
0.010961006455059171,0.08395529624904605,0.005492425246564172,4.92450912986553e-6,1.3431662246380544e-12,1.0000000000070965,2.1609189815308127e-7,2.16897969294771e-5,1351,1351,1351,0.3758290037599816
0.010969119709282013,0.08400317819577745,0.005493110738310177,4.92450912986553e-6,1.3464887601465235e-12,1.0000000000071088,2.1237562464193616e-7,2.1717715764175352e-5,1352,1352,1352,0.37348588655761034
0.010977232963504854,0.08405104098156921,0.005493796621174558,4.92450912986553e-6,1.3504264169702055e-12,1.0000000000071188,2.1639818470475802e-7,2.174564629741965e-5,1353,1353,1353,0.37557303551246196
0.010985346217727695,0.08409888463620825,0.005494482894981432,4.92450912986553e-6,1.354920489430661e-12,1.000000000007128,2.1119035409356002e-7,2.1773588526460784e-5,1354,1354,1354,0.3732511788953042
0.010993459471950537,0.08414670918979225,0.005495169559554878,4.92450912986553e-6,1.3599065005202518e-12,1.000000000007137,2.307666058243285e-7,2.1801542448706013e-5,1355,1355,1355,0.37350827542145715
0.011001572726173378,0.08419451467048375,0.005495856614719846,4.92450912986553e-6,1.3653122758693311e-12,1.0000000000070954,2.309316293747088e-7,2.182950806115957e-5,1356,1356,1356,0.3749224342016136
0.011009685980396219,0.08424230110797709,0.005496544060301134,4.92450912986553e-6,1.3710519748193525e-12,1.0000000000071063,2.273148780318479e-7,2.1857485361570285e-5,1357,1357,1357,0.3734137395548246
0.01101779923461906,0.08429006852963851,0.005497231896124511,4.92450912986553e-6,1.37702815809392e-12,1.0000000000071316,2.2139179378655172e-7,2.188547434641573e-5,1358,1358,1358,0.3718333786280813
0.011025912488841902,0.08433781696641274,0.005497920122015947,4.92450912986553e-6,1.3831210323712985e-12,1.0000000000071554,2.195828194828664e-7,2.191347501615675e-5,1359,1359,1359,0.37192805366101134
0.011034025743064743,0.08438554644644417,0.005498608737801778,4.92450912986553e-6,1.3891856503733704e-12,1.0000000000071765,2.099436606783911e-7,2.1941487366467342e-5,1360,1360,1360,0.370097963263528
0.011042138997287584,0.08443325699984595,0.005499297743309779,4.92450912986553e-6,1.3950429224048327e-12,1.000000000007197,2.0443906478817553e-7,2.1969511397060037e-5,1361,1361,1361,0.37064816502602754
0.011050252251510425,0.08448094865605586,0.00549998713836746,4.924509129865531e-6,1.4004802993544565e-12,1.0000000000072164,1.9637498382962804e-7,2.199754710138528e-5,1362,1362,1362,0.36947229606082455
0.011058365505733267,0.08452862143947605,0.00550067692280356,4.92450912986553e-6,1.4052426618340254e-12,1.0000000000072349,1.9233721104683354e-7,2.2025594479414338e-5,1363,1363,1363,0.3658165933735109
0.011066478759956108,0.0845762753759914,0.005501367096447554,4.92450912986553e-6,1.4090452535026412e-12,1.0000000000072544,1.851072397585085e-7,2.2053653528859007e-5,1364,1364,1364,0.37027283694487095
0.011074592014178949,0.08462391049137567,0.0055020576591294276,4.92450912986553e-6,1.4116261252315905e-12,1.0000000000072704,1.7684556041785982e-7,2.2081724247414873e-5,1365,1365,1365,0.3658002448368442
0.01108270526840179,0.08467152681107229,0.005502748610679826,4.92450912986553e-6,1.4128795046273284e-12,1.0000000000072862,1.838033654166793e-7,2.2109806632770203e-5,1366,1366,1366,0.36817679034458983
0.011090818522624632,0.08471912436008615,0.005503439950930512,4.92450912986553e-6,1.4130967709244327e-12,1.000000000007301,1.831711671229641e-7,2.2137900682533423e-5,1367,1367,1367,0.3634029483698728
0.011098931776847473,0.08476670316273302,0.005504131679712722,4.92450912986553e-6,1.4132675172401079e-12,1.0000000000073157,1.913699350097886e-7,2.2166006394248603e-5,1368,1368,1368,0.36969358549236186
0.011107045031070314,0.0848142632623838,0.005504823797197932,4.92450912986553e-6,1.415062467878571e-12,1.0000000000073306,1.9040982124352013e-7,2.219412376555633e-5,1369,1369,1369,0.36459581716670997
0.011115158285293155,0.08486180468548885,0.005505516303243816,4.924509129865532e-6,1.420239326519967e-12,1.0000000000073483,2.029773611411656e-7,2.2222252793947344e-5,1370,1370,1370,0.37631134807991073
0.011123271539515997,0.08490932745833339,0.0055062091976773135,4.92450912986553e-6,1.42995486363284e-12,1.0000000000073674,1.9955113828018511e-7,2.2250393476944128e-5,1371,1371,1371,0.36834128376044595
0.011131384793738838,0.08495683160761232,0.00550690248032662,4.924509129865531e-6,1.4445751888884894e-12,1.000000000007384,2.400061447360713e-7,2.2278545812124954e-5,1372,1372,1372,0.3755105911982033
0.01113949804796168,0.08500431716119719,0.005507596151019891,4.92450912986553e-6,1.4639250142949995e-12,1.0000000000073654,2.0185098037472926e-7,2.230670979119557e-5,1373,1373,1373,0.36988770158124645
0.01114761130218452,0.0850517841431661,0.005508290209584923,4.92450912986553e-6,1.487617898126381e-12,1.0000000000073859,2.2909647157121071e-7,2.2334885417225947e-5,1374,1374,1374,0.37057632365146814
0.011155724556407362,0.0850992325781206,0.0055089846558503556,4.92450912986553e-6,1.5152518912188519e-12,1.0000000000073712,1.9944098994528758e-7,2.2363072687908934e-5,1375,1375,1375,0.3662016640925457
0.011163837810630203,0.08514666249106768,0.005509679489645215,4.92450912986553e-6,1.5464786963092438e-12,1.0000000000073925,2.2040156011371437e-7,2.2391271600691474e-5,1376,1376,1376,0.3710895455632174
0.011171951064853044,0.08519407390571761,0.005510374710796998,4.92450912986553e-6,1.5810015845606871e-12,1.0000000000073794,2.3282051841988505e-7,2.241948215294685e-5,1377,1377,1377,0.3732272111634455
0.011180064319075885,0.08524146684656365,0.00551107031913522,4.92450912986553e-6,1.6185497810239663e-12,1.0000000000073845,2.1247279136105135e-7,2.2447704342014594e-5,1378,1378,1378,0.372728503239091
0.011188177573298727,0.08528884133713409,0.005511766314487732,4.92450912986553e-6,1.6588407983623131e-12,1.000000000007407,2.353254480169653e-7,2.2475938165185377e-5,1379,1379,1379,0.3700680147895588
0.011196290827521568,0.08533619741108651,0.005512462696683805,4.924509129865531e-6,1.7015768460957648e-12,1.0000000000074103,2.1154629337161168e-7,2.2504183626110624e-5,1380,1380,1380,0.36721461534217537
0.01120440408174441,0.08538353507779457,0.005513159465552317,4.92450912986553e-6,1.7464550323257292e-12,1.0000000000074283,2.402317456073888e-7,2.253244071561139e-5,1381,1381,1381,0.3679747997193141
0.01121251733596725,0.08543085436534686,0.005513856620922619,4.924509129865531e-6,1.7931785075691186e-12,1.000000000007431,2.4541151333323796e-7,2.2560709430866047e-5,1382,1382,1382,0.37357482148694304
0.011220630590190092,0.08547815529551168,0.005514554162624138,4.92450912986553e-6,1.8414834220614517e-12,1.0000000000074356,2.3798367720928582e-7,2.2588989768848543e-5,1383,1383,1383,0.3677504642818905
0.011228743844412933,0.0855254378929262,0.005515252090486716,4.924509129865531e-6,1.8911396402197013e-12,1.0000000000074416,2.408055088665151e-7,2.26172817264969e-5,1384,1384,1384,0.372758381851406
0.011236857098635774,0.08557270218210306,0.005515950404340767,4.92450912986553e-6,1.9419620759081485e-12,1.0000000000074578,2.35797337211352e-7,2.2645585300574718e-5,1385,1385,1385,0.3703811720861933
0.011244970352858616,0.08561994818790367,0.0055166491040171345,4.924509129865531e-6,1.993812056285973e-12,1.000000000007472,2.3586279596088389e-7,2.2673900487850327e-5,1386,1386,1386,0.37446299174055925
0.011253083607081457,0.0856671759349331,0.005517348189347409,4.92450912986553e-6,2.0451460824009616e-12,1.0000000000074833,2.2749331307636567e-7,2.2702227285092335e-5,1387,1387,1387,0.36857332148969774
0.011261196861304298,0.08571438544660812,0.005518047660163772,4.92450912986553e-6,2.0264722092586782e-12,1.0000000000074962,2.460008161619953e-7,2.273056568910226e-5,1388,1388,1388,0.3739117865125479
0.01126931011552714,0.08576157674530674,0.005518747516298826,4.92450912986553e-6,2.010185470196797e-12,1.00000000000748,2.217538153104215e-7,2.2758915696735293e-5,1389,1389,1389,0.36760451891566126
0.01127742336974998,0.08580874985432937,0.0055194477575863385,4.92450912986553e-6,1.9961170885189857e-12,1.0000000000074916,2.390974955801539e-7,2.2787277304918947e-5,1390,1390,1390,0.36791618219188055
0.011285536623972822,0.08585590479596389,0.005520148383860065,4.92450912986553e-6,1.9841135931198232e-12,1.0000000000074967,2.2298724999814112e-7,2.2815650508078408e-5,1391,1391,1391,0.37562958107894323
0.011293649878195663,0.08590304159211203,0.005520849394955104,4.92450912986553e-6,1.9740405904899234e-12,1.0000000000074933,2.3063853049620775e-7,2.2844035305185472e-5,1392,1392,1392,0.37583908061933324
0.011301763132418504,0.08595016026591248,0.005521550790706889,4.92450912986553e-6,1.965775491173899e-12,1.0000000000075013,2.174259439158277e-7,2.28724316936676e-5,1393,1393,1393,0.37233527292206625
0.011309876386641346,0.08599726084155004,0.00552225257095063,4.92450912986553e-6,1.959210745940575e-12,1.0000000000075147,2.2907791219495266e-7,2.2900839673261237e-5,1394,1394,1394,0.37111178538645334
0.011317989640864187,0.08604434333900358,0.005522954735523096,4.92450912986553e-6,1.9542436835400377e-12,1.0000000000075182,2.15657113500356e-7,2.2929259238232714e-5,1395,1395,1395,0.3705938029311926
0.011326102895087028,0.08609140777819695,0.005523657284259952,4.92450912986553e-6,1.9507851482087453e-12,1.0000000000075315,2.2014197043063177e-7,2.2957690385675885e-5,1396,1396,1396,0.375694991855787
0.01133421614930987,0.0861384541835095,0.00552436021706114,4.92450912986553e-6,1.94874690501154e-12,1.000000000007543,2.0443010662063443e-7,2.29861331126688e-5,1397,1397,1397,0.36573276453843784
0.01134232940353271,0.08618548258406243,0.005525063533860758,4.924509129865531e-6,1.9480533906167058e-12,1.0000000000075564,2.3088695400019787e-7,2.3014587416356334e-5,1398,1398,1398,0.37177728424707757
0.011350442657755552,0.0862324930028126,0.005525767234493041,4.92450912986553e-6,1.9486226070944172e-12,1.0000000000075484,2.426853384918104e-7,2.3043053293900217e-5,1399,1399,1399,0.3769645989922507
0.011358555911978393,0.08627948546331983,0.005526471318792672,4.92450912986553e-6,1.950378848467317e-12,1.0000000000075127,2.15351636967398e-7,2.3071530742548404e-5,1400,1400,1400,0.37707998804869214
0.011366669166201234,0.0863264600094034,0.005527175786971387,4.92450912986553e-6,1.9532515826541006e-12,1.0000000000075395,2.407491095368641e-7,2.310001975985409e-5,1401,1401,1401,0.3763700851801024
0.011374782420424076,0.08637341666874303,0.00552788063894208,4.92450912986553e-6,1.9571660847284627e-12,1.000000000007526,2.1932268623459095e-7,2.3128520343394494e-5,1402,1402,1402,0.366794308064492
0.011382895674646917,0.08642035546353122,0.0055285858745356235,4.92450912986553e-6,1.9620430748816988e-12,1.000000000007522,2.3705650775696085e-7,2.315703249066871e-5,1403,1403,1403,0.37697032727972873
0.011391008928869758,0.08646727641769111,0.005529291493584248,4.924509129865531e-6,1.9677999199773413e-12,1.0000000000075466,2.0452342042176497e-7,2.3185556199446555e-5,1404,1404,1404,0.37548075864830116
0.0113991221830926,0.0865141795542783,0.005529997495920078,4.92450912986553e-6,1.9743496307347723e-12,1.00000000000753,2.3218458267137976e-7,2.3214091467634544e-5,1405,1405,1405,0.37652228130974214
0.01140723543731544,0.08656106489714106,0.005530703881375824,4.92450912986553e-6,1.9815943933261953e-12,1.0000000000075444,2.0895001284770842e-7,2.324263829327347e-5,1406,1406,1406,0.37662637970419155
0.011415348691538282,0.08660793246827696,0.005531410649784298,4.92450912986553e-6,1.9894226907298266e-12,1.0000000000075322,2.2131407817482796e-7,2.327119667446798e-5,1407,1407,1407,0.3705705178551051
0.011423461945761123,0.08665478229132197,0.005532117800979529,4.92450912986553e-6,1.9977078092329043e-12,1.000000000007545,2.0186554650081234e-7,2.3299766609195796e-5,1408,1408,1408,0.3708904468000589
0.011431575199983965,0.08670161439241096,0.005532825334794982,4.924509129865531e-6,2.0062916711050574e-12,1.0000000000075382,2.1494651036846335e-7,2.332834809534281e-5,1409,1409,1409,0.3743913534101924
0.011439688454206806,0.08674842880018219,0.005533533251065621,4.924509129865531e-6,2.014985646836993e-12,1.0000000000075562,1.971008316559164e-7,2.335694113117056e-5,1410,1410,1410,0.36809868639258053
0.011447801708429647,0.08679522553999346,0.005534241549626115,4.92450912986553e-6,2.023556223656052e-12,1.0000000000075555,1.8272070434477428e-7,2.338554571481391e-5,1411,1411,1411,0.3736796141846738
0.011455914962652488,0.08684200463822858,0.005534950230312631,4.92450912986553e-6,2.0317055297765616e-12,1.0000000000075195,1.9557155894744938e-7,2.3414161844074448e-5,1412,1412,1412,0.37677345371750276
0.01146402821687533,0.08688876611843052,0.005535659292961284,4.92450912986553e-6,2.0390600876127196e-12,1.0000000000075238,1.8491365239015067e-7,2.344278951768652e-5,1413,1413,1413,0.37296078967971824
0.01147214147109817,0.08693551000537159,0.005536368737409739,4.92450912986553e-6,2.0451528746772833e-12,1.0000000000075109,1.9851800914238993e-7,2.3471428734010417e-5,1414,1414,1414,0.3723019077170422
0.011480254725321012,0.08698223632203696,0.005537078563495633,4.924509129865531e-6,2.0494268293688266e-12,1.0000000000075149,1.8723892480920767e-7,2.350007949147696e-5,1415,1415,1415,0.3727233345892431
0.011488367979543853,0.08702894509886232,0.00553778877105834,4.92450912986553e-6,2.0513078484890133e-12,1.0000000000074998,1.9801298378752108e-7,2.3528741784900153e-5,1416,1416,1416,0.3686591901278328
0.011496481233766695,0.08707563635839191,0.005538499359936697,4.92450912986553e-6,2.050431727573244e-12,1.0000000000075209,1.907130382505784e-7,2.3557415616116608e-5,1417,1417,1417,0.373785136215272
0.011504594487989536,0.08712231012585801,0.005539210329971428,4.92450912986553e-6,2.047163489770747e-12,1.0000000000075064,2.040319913021449e-7,2.35861009836559e-5,1418,1418,1418,0.37131926959863554
0.011512707742212377,0.08716896643995062,0.005539921681100686,4.92450912986553e-6,2.0432948784054847e-12,1.0000000000075395,1.9759198721658322e-7,2.361479789313325e-5,1419,1419,1419,0.37599673669954603
0.011520820996435218,0.08721560532612738,0.005540633413457894,4.92450912986553e-6,2.0420124141258193e-12,1.000000000007516,1.9452262023378353e-7,2.3643506336341697e-5,1420,1420,1420,0.3713754697870691
0.01152893425065806,0.08726222681179045,0.005541345526878236,4.92450912986553e-6,2.0465395128252496e-12,1.0000000000075076,1.9523530170317827e-7,2.3672226311955307e-5,1421,1421,1421,0.3745160541537745
0.011537047504880901,0.08730883092074652,0.0055420580211976355,4.92450912986553e-6,2.058731526477641e-12,1.0000000000075013,2.0717169491035747e-7,2.3700957818488345e-5,1422,1422,1422,0.37536420719167424
0.011545160759103742,0.08735541767499044,0.0055427708962523005,4.92450912986553e-6,2.078965876680252e-12,1.0000000000074902,1.9580428300969288e-7,2.3729700854347498e-5,1423,1423,1423,0.376353114136332
0.011553274013326583,0.08740198710053426,0.0055434841518789725,4.924509129865531e-6,2.1067947213452827e-12,1.0000000000075029,2.2241763986130536e-7,2.375845541796731e-5,1424,1424,1424,0.36606004430377
0.011561387267549425,0.08744853922003808,0.005544197787914342,4.924509129865531e-6,2.141517413303615e-12,1.000000000007505,1.920902974461569e-7,2.378722150778861e-5,1425,1425,1425,0.37560281500076753
0.011569500521772266,0.0874950740586552,0.0055449118041954225,4.92450912986553e-6,2.1824542792777806e-12,1.0000000000075033,1.9475923096479164e-7,2.3815999122132906e-5,1426,1426,1426,0.37070312840506897
0.011577613775995107,0.08754159164278981,0.005545626200558919,4.92450912986553e-6,2.229005712624029e-12,1.0000000000075489,2.0634254127571694e-7,2.384478825686259e-5,1427,1427,1427,0.36720164088622914
0.011585727030217948,0.08758809199412299,0.005546340976841801,4.92450912986553e-6,2.2806155256511053e-12,1.0000000000075306,2.2740023553069477e-7,2.3873588912725406e-5,1428,1428,1428,0.3711075660611636
0.01159384028444079,0.08763457513401993,0.00554705613288072,4.92450912986553e-6,2.3367221263532883e-12,1.0000000000075289,2.1138424699529423e-7,2.3902401088035508e-5,1429,1429,1429,0.3658101605881958
0.011601953538663631,0.08768104108569814,0.005547771668512523,4.92450912986553e-6,2.3967480729725464e-12,1.0000000000075167,2.2478321426433467e-7,2.3931224781062807e-5,1430,1430,1430,0.3684335234904125
0.011610066792886472,0.08772748987167378,0.005548487583574359,4.92450912986553e-6,2.460110506178846e-12,1.000000000007524,2.0907312858753357e-7,2.3960059990037302e-5,1431,1431,1431,0.3772639822554355
0.011618180047109313,0.08777392151503244,0.0055492038779030904,4.92450912986553e-6,2.526259124597309e-12,1.0000000000075446,2.229973574685573e-7,2.3988906713150882e-5,1432,1432,1432,0.36548138115115875
0.011626293301332155,0.08782033603708608,0.005549920551336248,4.92450912986553e-6,2.5947061503958134e-12,1.0000000000075469,2.0780800724651272e-7,2.4017764948491493e-5,1433,1433,1433,0.3738240241157487
0.011634406555554996,0.0878667334601335,0.005550637603711696,4.924509129865532e-6,2.6650474076385092e-12,1.000000000007565,2.2366983642996274e-7,2.4046634694197298e-5,1434,1434,1434,0.3672135445802657
0.011642519809777837,0.08791311380037196,0.005551355034867872,4.92450912986553e-6,2.736965724257737e-12,1.000000000007565,1.9727765732113767e-7,2.40755159466539e-5,1435,1435,1435,0.3753670500237389
0.011650633064000679,0.08795947708176347,0.005552072844643821,4.924509129865531e-6,2.8102314845783354e-12,1.0000000000075795,2.1455825560678932e-7,2.4104408705225176e-5,1436,1436,1436,0.3621829257047613
0.01165874631822352,0.08800582332354523,0.005552791032878684,4.924509129865531e-6,2.8846833123939998e-12,1.0000000000075986,1.9676807028190524e-7,2.413331296743752e-5,1437,1437,1437,0.37059064296112565
0.011666859572446361,0.08805215254726628,0.0055535095994132,4.92450912986553e-6,2.884419823990794e-12,1.0000000000076068,2.1247112869104967e-7,2.416222873070549e-5,1438,1438,1438,0.36242472535273496
0.011674972826669202,0.0880984647738603,0.005554228544088398,4.92450912986553e-6,2.8591629885426145e-12,1.0000000000076223,1.9508786408550804e-7,2.419115599243136e-5,1439,1439,1439,0.3720769562928419
0.011683086080892044,0.08814476002440173,0.005554947866746919,4.92450912986553e-6,2.837322057622367e-12,1.0000000000076266,2.0702914582670928e-7,2.4220094749997424e-5,1440,1440,1440,0.36473243101114433
0.011691199335114885,0.08819103831802373,0.005555667567230772,4.924509129865531e-6,2.8186457610336546e-12,1.0000000000076399,1.9019864794245223e-7,2.424904500081286e-5,1441,1441,1441,0.3728401637208435
0.011699312589337726,0.08823729967441403,0.00555638764538446,4.92450912986553e-6,2.8029084798133698e-12,1.0000000000076417,2.0054581995054832e-7,2.4278006742097003e-5,1442,1442,1442,0.3658758962158673
0.011707425843560567,0.0882835441104939,0.005557108101051016,4.92450912986553e-6,2.78991223430959e-12,1.0000000000076539,1.9667130857214943e-7,2.430697996872948e-5,1443,1443,1443,0.37080670091963014
0.011715539097783409,0.08832977164673682,0.00555782893407572,4.924509129865528e-6,2.7794787140917765e-12,1.000000000007654,2.1182127341035084e-7,2.4335964680108707e-5,1444,1444,1444,0.3766132466789178
0.01172365235200625,0.08837598230807131,0.00555855014440626,4.924509129865528e-6,2.7714445726910735e-12,1.00000000000764,1.9946800478010118e-7,2.436496087333069e-5,1445,1445,1445,0.36762181987324655
0.011731765606229091,0.08842217611925526,0.00555927173195241,4.924509129865528e-6,2.7656630882434883e-12,1.0000000000076437,2.04884642585057e-7,2.439396854538956e-5,1446,1446,1446,0.3741896648441203
0.011739878860451932,0.08846835310053336,0.005559993696555692,4.92450912986553e-6,2.7619922360935786e-12,1.0000000000076599,1.9269475615146803e-7,2.442298769325876e-5,1447,1447,1447,0.37718342954264816
0.011747992114674774,0.08851451327112779,0.005560716038058527,4.924509129865528e-6,2.76029967655933e-12,1.000000000007604,2.0814905354882285e-7,2.445201831393282e-5,1448,1448,1448,0.3724234792763606
0.011756105368897615,0.08856065664882673,0.005561438756302676,4.924509129865531e-6,2.7604612549820237e-12,1.0000000000076328,1.9183784161214135e-7,2.4481060404540922e-5,1449,1449,1449,0.3755573688855079
0.011764218623120456,0.08860678325365925,0.005562161851130915,4.92450912986553e-6,2.762355416933191e-12,1.0000000000076323,2.2040502756226488e-7,2.451011396217745e-5,1450,1450,1450,0.3737389325739335
0.011772331877343297,0.08865289310667121,0.005562885322385727,4.92450912986553e-6,2.765867624909834e-12,1.0000000000076417,1.8449686933763587e-7,2.4539178983970663e-5,1451,1451,1451,0.3740712031972378
0.011780445131566139,0.08869898625079317,0.00556360917027512,4.92450912986553e-6,2.7708888474017028e-12,1.0000000000076383,2.221892003717585e-7,2.4568255467507608e-5,1452,1452,1452,0.3735313713280646
0.01178855838578898,0.08874506271483083,0.005564333394773377,4.92450912986553e-6,2.7773105261593408e-12,1.000000000007597,1.8358576880928013e-7,2.459734341059421e-5,1453,1453,1453,0.373648249511012
0.011796671640011821,0.08879112251987026,0.005565057995719829,4.92450912986553e-6,2.7850140947907453e-12,1.0000000000076024,2.322899206319562e-7,2.462644281120598e-5,1454,1454,1454,0.37387093370176383
0.011804784894234662,0.08883716568728109,0.00556578297295395,4.92450912986553e-6,2.7938791977829073e-12,1.0000000000075904,1.856291191870696e-7,2.465555366750577e-5,1455,1455,1455,0.374902216580989
0.011812898148457504,0.08888319224876164,0.005566508326315615,4.92450912986553e-6,2.8037722023961814e-12,1.0000000000075808,2.334935800263338e-7,2.468467598505628e-5,1456,1456,1456,0.37241363990482124
0.011821011402680345,0.08892920221037913,0.005567234055645673,4.92450912986553e-6,2.8145466140677646e-12,1.0000000000075904,1.8108039512299e-7,2.471380975517702e-5,1457,1457,1457,0.3770502758074898
0.011829124656903186,0.08897519559891524,0.005567960160784498,4.92450912986553e-6,2.826025355471302e-12,1.0000000000075684,2.2332606874897465e-7,2.474295497638148e-5,1458,1458,1458,0.3701015772074755
0.011837237911126028,0.08902117243436056,0.00556868664157344,4.92450912986553e-6,2.837998471139106e-12,1.0000000000075877,1.8097115628279425e-7,2.4772111647129648e-5,1459,1459,1459,0.37665928298200757
0.011845351165348869,0.08906713273604212,0.005569413497854177,4.92450912986553e-6,2.8502073393911472e-12,1.0000000000075608,2.2396183396722336e-7,2.480127976585541e-5,1460,1460,1460,0.3692245714632686
0.01185346441957171,0.08911307652316881,0.005570140729468932,4.924509129865531e-6,2.862321250580778e-12,1.0000000000075784,1.774903779505621e-7,2.4830459331017193e-5,1461,1461,1461,0.3735412873894305
0.011861577673794551,0.0891590038188985,0.005570868336261239,4.92450912986553e-6,2.8739142474956245e-12,1.0000000000075617,2.2769395968680328e-7,2.485965034552729e-5,1462,1462,1462,0.3654332938608105
0.011869690928017393,0.08920491464482742,0.005571596318074621,4.92450912986553e-6,2.8844309211615134e-12,1.0000000000075666,1.797129556280197e-7,2.4888852803344387e-5,1463,1463,1463,0.3680161449219472
0.011877804182240234,0.08925080902293339,0.00557232467475411,4.92450912986553e-6,2.8931465418628778e-12,1.0000000000075608,1.975084984451314e-7,2.491806670231833e-5,1464,1464,1464,0.3742463449712655
0.011885917436463075,0.08929668697211804,0.00557305340614536,4.92450912986553e-6,2.8991310155587998e-12,1.0000000000075762,1.8947635282984265e-7,2.4947292041511983e-5,1465,1465,1465,0.36453470333593707
0.011894030690685916,0.08934254851280374,0.005573782512094852,4.92450912986553e-6,2.9012737436930907e-12,1.0000000000075866,2.0364048225474107e-7,2.4976528819487138e-5,1466,1466,1466,0.37028296721315834
0.011902143944908758,0.0893883936654093,0.005574511992449683,4.92450912986553e-6,2.8985092133549436e-12,1.0000000000075895,2.2096290308581956e-7,2.5005777034798516e-5,1467,1467,1467,0.3757484169378154
0.011910257199131599,0.08943422245092159,0.005575241847057449,4.924509129865531e-6,2.8905667716675426e-12,1.0000000000075593,2.080833354511924e-7,2.5035036681290675e-5,1468,1468,1468,0.36679171696178425
0.01191837045335444,0.08948003490307516,0.005575972076077771,4.92450912986553e-6,2.8794322706819157e-12,1.0000000000075693,2.101489862127437e-7,2.5064307761993617e-5,1469,1469,1469,0.37181421159528916
0.011926483707577281,0.08952583105035736,0.005576702679455267,4.92450912986553e-6,2.8701842816073833e-12,1.0000000000075557,2.1260539995182626e-7,2.5093590275488412e-5,1470,1470,1470,0.36366298435374295
0.011934596961800123,0.08957161091686898,0.005577433657032714,4.924509129865528e-6,2.8688977634347023e-12,1.0000000000075662,1.99687253399361e-7,2.5122884220767736e-5,1471,1471,1471,0.3702080995975157
0.011942710216022964,0.08961737452458743,0.005578165008653439,4.92450912986553e-6,2.879399547854666e-12,1.0000000000075595,2.0075871987046412e-7,2.51521895966154e-5,1472,1472,1472,0.3742242072297776
0.011950823470245805,0.0896631218949939,0.005578896734161069,4.924509129865528e-6,2.902663715092537e-12,1.0000000000075662,1.865509346998806e-7,2.518150640180659e-5,1473,1473,1473,0.3663932340764417
0.011958936724468646,0.08970885305052644,0.0055796288333999815,4.924509129865528e-6,2.938039355704295e-12,1.0000000000075695,1.9822820718218281e-7,2.52108346350315e-5,1474,1474,1474,0.3722483406155
0.011967049978691488,0.08975456801532085,0.005580361306213864,4.924509129865528e-6,2.9843786061115854e-12,1.0000000000075684,1.8598539952563442e-7,2.5240174295045277e-5,1475,1475,1475,0.36392783232844134
0.011975163232914329,0.08980026681384828,0.005581094152446692,4.92450912986553e-6,3.0405304337952976e-12,1.0000000000075666,2.0228564778790314e-7,2.5269525380579307e-5,1476,1476,1476,0.37502185026915463
0.01198327648713717,0.08984594947062148,0.005581827371942303,4.92450912986553e-6,3.1054365426627627e-12,1.000000000007562,1.855194682320871e-7,2.5298887890786438e-5,1477,1477,1477,0.3649085783975587
0.011991389741360011,0.08989161600998585,0.00558256096454469,4.92450912986553e-6,3.178064492850855e-12,1.0000000000075582,2.244309627030816e-7,2.532826181824136e-5,1478,1478,1478,0.36549073406022403
0.011999502995582853,0.08993726645268409,0.005583294930097588,4.92450912986553e-6,3.2573715305502017e-12,1.000000000007567,1.8674820978503703e-7,2.535764716809074e-5,1479,1479,1479,0.3687823546296681
0.012007616249805694,0.08998290081958715,0.005584029268444679,4.92450912986553e-6,3.3422973992005393e-12,1.0000000000075704,2.2151134260184335e-7,2.538704393929408e-5,1480,1480,1480,0.36903979227718653
0.012015729504028535,0.09002851913122056,0.005584763979429831,4.92450912986553e-6,3.4318256744435072e-12,1.0000000000075773,1.91129956306213e-7,2.541645213081309e-5,1481,1481,1481,0.373341695435611
0.012023842758251376,0.09007412140766358,0.005585499062897709,4.92450912986553e-6,3.525048626871773e-12,1.000000000007584,2.196603787751883e-7,2.5445871741592287e-5,1482,1482,1482,0.37319126111692447
0.012031956012474218,0.09011970766936032,0.005586234518692284,4.92450912986553e-6,3.621206946961048e-12,1.0000000000075873,1.8975896409756388e-7,2.5475302770693837e-5,1483,1483,1483,0.37434718219834173
0.012040069266697059,0.09016527793653038,0.005586970346659511,4.924509129865531e-6,3.7197102885391496e-12,1.0000000000075955,2.212397447465264e-7,2.5504745217151976e-5,1484,1484,1484,0.3747400589797141
0.0120481825209199,0.0902108322290071,0.005587706546645065,4.92450912986553e-6,3.820127705815258e-12,1.0000000000076077,1.9143806184729328e-7,2.553419907998675e-5,1485,1485,1485,0.3730879956591864
0.012056295775142742,0.09025637056626624,0.005588443118495566,4.92450912986553e-6,3.92215678882076e-12,1.0000000000076066,2.1518822279631422e-7,2.556366435816904e-5,1486,1486,1486,0.37197050080548477
0.012064409029365583,0.09030189296695597,0.005589180062059047,4.924509129865531e-6,4.018468838927961e-12,1.0000000000076306,1.943372609503058e-7,2.559314105053507e-5,1487,1487,1487,0.3701350506870474
0.012072522283588424,0.09034739944961409,0.005589917377184104,4.92450912986553e-6,3.978188158477878e-12,1.0000000000076255,2.0565683200857166e-7,2.5622629155626536e-5,1488,1488,1488,0.36776275424801264
0.012080635537811265,0.09039289003386199,0.0055906550637208115,4.924509129865528e-6,3.9432193947946246e-12,1.0000000000076505,1.9623263369794586e-7,2.5652128671710827e-5,1489,1489,1489,0.3678035822048187
0.012088748792034107,0.09043836474052551,0.005591393121518928,4.924509129865532e-6,3.913137951633449e-12,1.0000000000076474,1.9933165873453618e-7,2.5681639596982433e-5,1490,1490,1490,0.3716229420421893
0.012096862046256948,0.09048382359027007,0.005592131550430118,4.92450912986553e-6,3.887571471529605e-12,1.000000000007673,2.0503109965375188e-7,2.5711161929602168e-5,1491,1491,1491,0.36806851549021624
0.012104975300479789,0.09052926660656813,0.005592870350417086,4.924509129865531e-6,3.866192295378978e-12,1.0000000000076696,1.9241043958118098e-7,2.574069566731035e-5,1492,1492,1492,0.3758757259233265
0.01211308855470263,0.09057469382246462,0.005593609521396732,4.924509129865528e-6,3.848703568448416e-12,1.0000000000076958,2.087116257598609e-7,2.5770240814070185e-5,1493,1493,1493,0.37129168050474476
0.012121201808925472,0.09062010524393752,0.005594349063217976,4.92450912986553e-6,3.834838158922532e-12,1.0000000000076905,2.2224759277378325e-7,2.5799797362804647e-5,1494,1494,1494,0.36833705525540994
0.012129315063148313,0.0906655008950718,0.005595088975730083,4.92450912986553e-6,3.8243460261309264e-12,1.0000000000076639,2.0445681059300114e-7,2.5829365311885732e-5,1495,1495,1495,0.3710791104869543
0.012137428317371154,0.09071088079280175,0.00559582925878173,4.92450912986553e-6,3.816993874124848e-12,1.0000000000076739,1.8853143757269208e-7,2.5858944658952305e-5,1496,1496,1496,0.37259782880601955
0.012145541571593995,0.09075624495691789,0.00559656991222261,4.92450912986553e-6,3.812565741620393e-12,1.000000000007708,1.9489564806463022e-7,2.588853540775775e-5,1497,1497,1497,0.369006004258854
0.012153654825816837,0.09080159340176276,0.00559731093590212,4.924509129865531e-6,3.810861524346237e-12,1.000000000007707,1.859843621332402e-7,2.591813755000642e-5,1498,1498,1498,0.3691928803330982
0.012161768080039678,0.09084692614453596,0.005598052329669603,4.92450912986553e-6,3.811691949955825e-12,1.000000000007737,1.865521070953946e-7,2.5947751083536332e-5,1499,1499,1499,0.366688617020049
0.01216988133426252,0.090892243201467,0.005598794093375303,4.92450912986553e-6,3.814881266066724e-12,1.0000000000077363,2.0747214080074627e-7,2.5977376006191744e-5,1500,1500,1500,0.3630968012915782
0.01217799458848536,0.09093754458992877,0.005599536226906356,4.924509129865531e-6,3.820266808649749e-12,1.0000000000077136,1.8754615638272298e-7,2.600701231579463e-5,1501,1501,1501,0.3654630995840597
0.012186107842708202,0.09098283035321213,0.00560027873061274,4.92450912986553e-6,3.827699201835448e-12,1.000000000007728,2.0383501464493747e-7,2.6036660010416487e-5,1502,1502,1502,0.36775557989675045
0.012194221096931043,0.0910281005117782,0.00560102160434037,4.92450912986553e-6,3.837024851122892e-12,1.0000000000077145,1.8451817851428132e-7,2.6066319088095435e-5,1503,1503,1503,0.36380451545886067
0.012202334351153884,0.09107335508805708,0.005601764847935671,4.9245091298655275e-6,3.848085755402518e-12,1.0000000000077343,1.9713599641590918e-7,2.6095989547107006e-5,1504,1504,1504,0.37776369968735213
0.012210447605376725,0.0911185941044139,0.005602508461245195,4.92450912986553e-6,3.860712408797243e-12,1.0000000000077498,1.8392167078218336e-7,2.6125671385958e-5,1505,1505,1505,0.36496466231424124
0.012218560859599567,0.09116381758304609,0.005603252444116258,4.92450912986553e-6,3.874723723594293e-12,1.0000000000077645,1.913870448788657e-7,2.615536460336977e-5,1506,1506,1506,0.3653666176267889
0.012226674113822408,0.09120902554591843,0.005603996796396174,4.92450912986553e-6,3.88991008636721e-12,1.0000000000077738,1.9702923736986122e-7,2.6185069198238076e-5,1507,1507,1507,0.36889052557597096
0.01223478736804525,0.09125421801438217,0.005604741517933469,4.924509129865528e-6,3.906018470275397e-12,1.0000000000077862,1.9190858324691362e-7,2.6214785169492994e-5,1508,1508,1508,0.37275180987480583
0.01224290062226809,0.09129939500938333,0.005605486608576379,4.92450912986553e-6,3.9227396279021665e-12,1.0000000000077962,2.0359624386401265e-7,2.6244512516057878e-5,1509,1509,1509,0.372282716919592
0.012251013876490932,0.09134455654517874,0.0056062320681743725,4.92450912986553e-6,3.9396751548214416e-12,1.0000000000078006,2.023204643819554e-7,2.6274251234619696e-5,1510,1510,1510,0.3697848124264396
0.012259127130713773,0.09138970264885737,0.005606977896576629,4.92450912986553e-6,3.956303194284943e-12,1.0000000000077867,2.0478054807426815e-7,2.6304001326192653e-5,1511,1511,1511,0.36961848483732357
0.012267240384936614,0.09143483333804335,0.005607724093634761,4.92450912986553e-6,3.971934916100102e-12,1.0000000000077924,2.0051457738645695e-7,2.6333762789846935e-5,1512,1512,1512,0.36904983808187347
0.012275353639159456,0.09147994863044502,0.005608470659199631,4.924509129865531e-6,3.985634501486124e-12,1.0000000000077818,2.0480612761275552e-7,2.6363535624576916e-5,1513,1513,1513,0.36667863618391905
0.012283466893382297,0.09152504854593486,0.005609217593123808,4.92450912986553e-6,3.996137793728764e-12,1.0000000000077875,2.0089157715119654e-7,2.6393319829380336e-5,1514,1514,1514,0.3682507800512332
0.012291580147605138,0.09157013310637509,0.005609964895260844,4.92450912986553e-6,4.001762658266372e-12,1.0000000000077918,2.0278054080336005e-7,2.642311540208454e-5,1515,1515,1515,0.3634565089768635
0.01229969340182798,0.09161520232769062,0.005610712565464439,4.92450912986553e-6,4.000439536838478e-12,1.000000000007804,2.0915109644192853e-7,2.6452922342513224e-5,1516,1516,1516,0.3688689146061828
0.01230780665605082,0.09166025623405463,0.005611460603727293,4.92450912986553e-6,3.990213487701449e-12,1.0000000000078153,2.1122434645803878e-7,2.6482740649624752e-5,1517,1517,1517,0.37732312644579036
0.012315919910273662,0.09170529486076355,0.00561220901019531,4.92450912986553e-6,3.971054530629507e-12,1.0000000000078113,2.127114413497111e-7,2.651257031647574e-5,1518,1518,1518,0.37113691976917607
0.012324033164496503,0.0917503182237823,0.0056129577847171186,4.92450912986553e-6,3.947974635946096e-12,1.000000000007819,2.104671779079581e-7,2.6542411347565254e-5,1519,1519,1519,0.3730586260495027
0.012332146418719344,0.0917953263407832,0.005613706927141916,4.92450912986553e-6,3.9311266014428426e-12,1.0000000000078237,2.037739079696621e-7,2.657226374263153e-5,1520,1520,1520,0.368647480775759
0.012340259672942186,0.09184031922888454,0.005614456437320018,4.924509129865531e-6,3.929677487025048e-12,1.0000000000078453,2.0980944981374705e-7,2.660212749953961e-5,1521,1521,1521,0.37100315406371986
0.012348372927165027,0.09188529690669708,0.005615206315101539,4.924509129865531e-6,3.947486912545032e-12,1.000000000007869,2.0133974487634987e-7,2.6632002617085678e-5,1522,1522,1522,0.36244726479465444
0.012356486181387868,0.09193025939471222,0.0056159565603369445,4.924509129865531e-6,3.9844593768918705e-12,1.0000000000078477,2.1012229467487487e-7,2.666188909408055e-5,1523,1523,1523,0.3739106799800845
0.01236459943561071,0.09197520671315354,0.005616707172876634,4.92450912986553e-6,4.038964014753883e-12,1.0000000000078737,1.8869678797273082e-7,2.6691786929003716e-5,1524,1524,1524,0.37178340790304837
0.01237271268983355,0.09202013888301015,0.00561745815257066,4.92450912986553e-6,4.109109508471023e-12,1.0000000000078462,1.9207051593639335e-7,2.6721696120646983e-5,1525,1525,1525,0.36582388651791814
0.012380825944056392,0.09206505592343434,0.005618209499269346,4.92450912986553e-6,4.193065798065545e-12,1.0000000000078741,1.986611835036456e-7,2.675161666844654e-5,1526,1526,1526,0.37104888991242135
0.012388939198279233,0.0921099578570937,0.005618961212822246,4.924509129865532e-6,4.289049568358906e-12,1.0000000000079,1.853712063848434e-7,2.6781548570619295e-5,1527,1527,1527,0.3647396618393411
0.012397052452502074,0.09215484470441022,0.005619713293079566,4.92450912986553e-6,4.395242309313899e-12,1.000000000007921,1.8908323795585602e-7,2.6811491819993353e-5,1528,1528,1528,0.3716932609509413
0.012405165706724916,0.09219971648807543,0.005620465739890904,4.924509129865531e-6,4.509830383961284e-12,1.000000000007906,1.7845276545358502e-7,2.6841446426050816e-5,1529,1529,1529,0.36692958152789695
0.012413278960947757,0.09224457322176743,0.00562121855310701,4.92450912986553e-6,4.631104631456075e-12,1.0000000000079254,1.921782395442051e-7,2.6871412383930176e-5,1530,1530,1530,0.3726696436296821
0.012421392215170598,0.09228941492588277,0.005621971732578248,4.924509129865531e-6,4.757576205085182e-12,1.000000000007928,1.7411769803743482e-7,2.6901389692989627e-5,1531,1531,1531,0.3693663174712703
0.01242950546939344,0.09233424161935665,0.005622725278156247,4.92450912986553e-6,4.888045939389564e-12,1.0000000000079476,1.92126675457871e-7,2.693137835270756e-5,1532,1532,1532,0.37489823807403544
0.01243761872361628,0.0923790533270373,0.005623479189692989,4.92450912986553e-6,5.0216177995099384e-12,1.0000000000079512,1.7432708609987912e-7,2.6961378369064407e-5,1533,1533,1533,0.37222623026452106
0.012445731977839122,0.09242385005995453,0.005624233467042281,4.92450912986553e-6,5.157659682547353e-12,1.0000000000079703,2.3104256285932934e-7,2.699138973509404e-5,1534,1534,1534,0.36855514860763994
0.012453845232061963,0.09246863183889051,0.0056249881100583505,4.92450912986553e-6,5.295751159928731e-12,1.0000000000079912,1.768239776822611e-7,2.7021412450429964e-5,1535,1535,1535,0.3754123801104553
0.012461958486284805,0.0925133986825533,0.005625743118596276,4.92450912986553e-6,5.432084748616715e-12,1.0000000000080016,2.3210216681945894e-7,2.7051446514660467e-5,1536,1536,1536,0.372550135735083
0.012470071740507646,0.09255815060767068,0.0056264984925125435,4.92450912986553e-6,5.374722724825511e-12,1.0000000000080185,1.892974665906877e-7,2.708149192734422e-5,1537,1537,1537,0.36857704180068485
0.012478184994730487,0.09260288763404587,0.005627254231715626,4.92450912986553e-6,5.32501757332887e-12,1.0000000000080136,2.2882549899350124e-7,2.711154868791475e-5,1538,1538,1538,0.3744894290702418
0.012486298248953328,0.09264760978732303,0.005628010336196246,4.92450912986553e-6,5.282343215010585e-12,1.0000000000080347,1.889118195208539e-7,2.7141616795638923e-5,1539,1539,1539,0.36981650889813983
0.01249441150317617,0.09269231708791016,0.00562876680580922,4.924509129865531e-6,5.2461427295459836e-12,1.0000000000080302,2.1668796534868306e-7,2.7171696249379797e-5,1540,1540,1540,0.3658283164292288
0.01250252475739901,0.09273700955935124,0.005629523640410194,4.92450912986553e-6,5.215924495402486e-12,1.000000000008019,1.8912640342705345e-7,2.7201787048710367e-5,1541,1541,1541,0.3726758900420979
0.012510638011621852,0.09278168722253177,0.005630280839854764,4.924509129865531e-6,5.191237338469715e-12,1.00000000000802,2.1686189199954242e-7,2.7231889191945078e-5,1542,1542,1542,0.36445324713133465
0.012518751265844693,0.09282635009811056,0.00563103840399852,4.924509129865531e-6,5.171665946190607e-12,1.000000000008015,1.9022285613345957e-7,2.7262002679415793e-5,1543,1543,1543,0.3766038432131912
0.012526864520067535,0.09287099820462526,0.005631796332697301,4.924509129865531e-6,5.156827736792411e-12,1.0000000000080171,2.140292281183065e-7,2.7292127510298953e-5,1544,1544,1544,0.361659270277221
0.012534977774290376,0.09291563156006669,0.005632554625806703,4.92450912986553e-6,5.146362697563816e-12,1.0000000000080158,1.928945891904732e-7,2.7322263683697632e-5,1545,1545,1545,0.36857126715826605
0.012543091028513217,0.09296025018222441,0.005633313283182668,4.92450912986553e-6,5.1399391680236225e-12,1.000000000008042,2.1081858392335562e-7,2.7352411198794034e-5,1546,1546,1546,0.3608417229526035
0.012551204282736058,0.09300485408881927,0.005634072304681604,4.92450912986553e-6,5.137252280241003e-12,1.0000000000080351,1.98388320882259e-7,2.7382570054831237e-5,1547,1547,1547,0.367945731879194
0.0125593175369589,0.09304944329923935,0.005634831690160581,4.92450912986553e-6,5.138031674861734e-12,1.0000000000080562,2.075328353612349e-7,2.741274025283163e-5,1548,1548,1548,0.37471593131370085
0.012567430791181741,0.09309401782907746,0.005635591439476434,4.924509129865531e-6,5.142025663128981e-12,1.0000000000080729,1.8605534535254264e-7,2.744292179016106e-5,1549,1549,1549,0.37688308252146163
0.012575544045404582,0.0931385777129971,0.00563635155284659,4.924509129865531e-6,5.149019502809215e-12,1.000000000008058,2.0638033504383202e-7,2.7473114666399022e-5,1550,1550,1550,0.37124558053150447
0.012583657299627423,0.09318312297822512,0.0056371120303391805,4.92450912986553e-6,5.158807571323099e-12,1.0000000000080842,1.8647829591600384e-7,2.7503318881216677e-5,1551,1551,1551,0.3757976799141697
0.012591770553850265,0.09322765364267706,0.005637872871806161,4.92450912986553e-6,5.171183245925529e-12,1.0000000000080644,2.1271056027671875e-7,2.7533534434136474e-5,1552,1552,1552,0.371475376502952
0.012599883808073106,0.09327216972811317,0.005638634077100864,4.92450912986553e-6,5.185949268685517e-12,1.0000000000081055,1.9999841782691874e-7,2.756376132468481e-5,1553,1553,1553,0.37751292801105324
0.012607997062295947,0.09331667125792732,0.005639395646076184,4.924509129865531e-6,5.202889606838351e-12,1.000000000008093,2.2462724302840797e-7,2.7593999552583442e-5,1554,1554,1554,0.37519876767001276
0.012616110316518788,0.0933611582553325,0.005640157578585699,4.924509129865531e-6,5.2217711726607435e-12,1.0000000000081224,2.2218138440166513e-7,2.7624249117747876e-5,1555,1555,1555,0.3734571151398664
0.01262422357074163,0.09340563073826393,0.005640919874483377,4.924509129865531e-6,5.2423217976093604e-12,1.0000000000081553,2.162270362759955e-7,2.765451002140224e-5,1556,1556,1556,0.36325119145595375
0.012632336824964471,0.09345008873131506,0.005641682533624139,4.92450912986553e-6,5.264207844492797e-12,1.000000000008133,2.0952164447862742e-7,2.768478226218699e-5,1557,1557,1557,0.3619843287711564
0.012640450079187312,0.09349453225291487,0.005642445555863107,4.924509129865531e-6,5.28701252788222e-12,1.0000000000081204,2.1507311487312109e-7,2.7715065839669665e-5,1558,1558,1558,0.3745087789388854
0.012648563333410153,0.09353896132182762,0.005643208941056107,4.92450912986553e-6,5.310185340993315e-12,1.0000000000081293,1.9738538981073361e-7,2.774536075326291e-5,1559,1559,1559,0.3652631064997297
0.012656676587632995,0.09358337595666055,0.005643972689060312,4.924509129865531e-6,5.332998227310667e-12,1.0000000000081388,2.2419150980113045e-7,2.7775667002371264e-5,1560,1560,1560,0.36126030119921854
0.012664789841855836,0.09362777617471542,0.005644736799733347,4.92450912986553e-6,5.354453240637939e-12,1.0000000000080898,2.0520687371572421e-7,2.78059845864265e-5,1561,1561,1561,0.368152531859114
0.012672903096078677,0.09367216199018748,0.00564550127293437,4.924509129865531e-6,5.373162716684048e-12,1.0000000000081046,2.028013312838084e-7,2.7836313504852394e-5,1562,1562,1562,0.3714254169170524
0.012681016350301519,0.09371653341648824,0.005646266108522839,4.924509129865532e-6,5.387178650177135e-12,1.0000000000080302,1.8114576505467994e-7,2.7866653756944932e-5,1563,1563,1563,0.3612978829388837
0.01268912960452436,0.09376089047155556,0.005647031306359005,4.92450912986553e-6,5.393785221825834e-12,1.000000000008051,2.2468763916094758e-7,2.7897005342700926e-5,1564,1564,1564,0.3725508872860291
0.012697242858747201,0.09380523319276146,0.005647796866695486,4.92450912986553e-6,5.389421950135338e-12,1.0000000000080278,2.2868427151934156e-7,2.7927368260590684e-5,1565,1565,1565,0.3749576922845067
0.012705356112970042,0.09384956159741868,0.00564856278944471,4.924509129865531e-6,5.370391588325173e-12,1.000000000008016,2.3629471712638406e-7,2.7957742510358652e-5,1566,1566,1566,0.37118291608449566
0.012713469367192884,0.09389387570617544,0.005649329074461585,4.924509129865531e-6,5.336092448513907e-12,1.0000000000079945,2.2588987746985367e-7,2.7988128084398926e-5,1567,1567,1567,0.3706541203503247
0.012721582621415725,0.09393817553388911,0.005650095721602102,4.92450912986553e-6,5.295153438972778e-12,1.000000000008017,1.9156924935259667e-7,2.8018524989331367e-5,1568,1568,1568,0.37142989200535437
0.012729695875638566,0.09398246110554376,0.005650862730722107,4.92450912986553e-6,5.2648806173451806e-12,1.0000000000080136,2.1638565783632657e-7,2.804893323280701e-5,1569,1569,1569,0.36627958196592403
0.012737809129861407,0.09402673242254096,0.005651630101677924,4.92450912986553e-6,5.259035099459028e-12,1.0000000000080291,1.849707942369605e-7,2.8079352806262456e-5,1570,1570,1570,0.36484537701076597
0.012745922384084249,0.09407098950110747,0.005652397834326015,4.924509129865531e-6,5.282100574398299e-12,1.0000000000080236,2.365922568969836e-7,2.8109783708864506e-5,1571,1571,1571,0.37436416806584344
0.01275403563830709,0.09411523235831944,0.005653165928522101,4.92450912986553e-6,5.333069230064185e-12,1.0000000000080602,2.204447753229033e-7,2.814022593989175e-5,1572,1572,1572,0.3710104603657219
0.012762148892529931,0.09415946101177224,0.005653934384123008,4.92450912986553e-6,5.409209571380597e-12,1.0000000000080544,1.9739987777711576e-7,2.8170679498209527e-5,1573,1573,1573,0.37788355879099556
0.012770262146752772,0.09420367547854762,0.005654703200983732,4.924509129865531e-6,5.5075586602020475e-12,1.0000000000080913,2.1867523258833899e-7,2.8201144382504684e-5,1574,1574,1574,0.3663018224950682
0.012778375400975614,0.0942478757794014,0.005655472378960666,4.92450912986553e-6,5.6251881257855925e-12,1.0000000000081064,2.1647696257787175e-7,2.823162059154499e-5,1575,1575,1575,0.3716802485364821
0.012786488655198455,0.0942920619342475,0.005656241917909188,4.92450912986553e-6,5.75912084276451e-12,1.0000000000081066,2.2983559233580309e-7,2.82621081243065e-5,1576,1576,1576,0.3681482827469186
0.012794601909421296,0.09433623396316784,0.005657011817685581,4.92450912986553e-6,5.9063604170701496e-12,1.0000000000081093,1.9749111146438736e-7,2.8292606974034347e-5,1577,1577,1577,0.37735916785963614
0.012802715163644137,0.09438039188634345,0.00565778207814651,4.92450912986553e-6,6.064045948364414e-12,1.0000000000081584,2.403395029659805e-7,2.832311714839776e-5,1578,1578,1578,0.3682695319078047
0.012810828417866979,0.09442453572073048,0.005658552699149336,4.92450912986553e-6,6.229668565733843e-12,1.0000000000081652,2.000122663048387e-7,2.8353638643640976e-5,1579,1579,1579,0.37145666960964735
0.01281894167208982,0.09446866548369312,0.005659323680551989,4.92450912986553e-6,6.4012156978209155e-12,1.000000000008159,2.438604624899199e-7,2.838417145915065e-5,1580,1580,1580,0.36774625275576367
0.012827054926312661,0.09451278119362314,0.005660095022214899,4.924509129865531e-6,6.577215336765684e-12,1.0000000000081652,2.0231292552352897e-7,2.841471559443979e-5,1581,1581,1581,0.3737549803209936
0.012835168180535502,0.09455688286644616,0.005660866723997163,4.92450912986553e-6,6.756649712760931e-12,1.000000000008191,2.4474826432197005e-7,2.8445271048983804e-5,1582,1582,1582,0.3684711122354742
0.012843281434758344,0.09460097051941356,0.005661638785761007,4.924509129865531e-6,6.938867518103017e-12,1.0000000000081866,2.0638761810687356e-7,2.8475837822373064e-5,1583,1583,1583,0.3783664195573184
0.012851394688981185,0.09464504417345918,0.005662411207460791,4.92450912986553e-6,7.123465220562368e-12,1.0000000000082148,2.386737065762645e-7,2.8506415914388912e-5,1584,1584,1584,0.37070819779660147
0.012859507943204026,0.0946891038429506,0.0056631839890577745,4.92450912986553e-6,7.1282859019889434e-12,1.0000000000082077,2.334562765327064e-7,2.8537005326184207e-5,1585,1585,1585,0.37167504851580646
0.012867621197426867,0.09473314955171265,0.005663957130411783,4.924509129865531e-6,7.055912467755437e-12,1.0000000000082212,2.3290687067856197e-7,2.856760605629654e-5,1586,1586,1586,0.37487372217351844
0.012875734451649709,0.09477718131577209,0.00566473063138375,4.92450912986553e-6,6.993693369168345e-12,1.0000000000082334,2.2542010214010588e-7,2.8598218105013193e-5,1587,1587,1587,0.37486183429935627
0.01288384770587255,0.09482119915266686,0.005665504491835043,4.92450912986553e-6,6.9407989319326595e-12,1.0000000000082425,2.2473952299151279e-7,2.8628841472230838e-5,1588,1588,1588,0.3732591677985121
0.012891960960095391,0.09486520308237505,0.005666278711627436,4.92450912986553e-6,6.896496217372657e-12,1.000000000008225,2.1891354151648557e-7,2.8659476157915622e-5,1589,1589,1589,0.37421546326092403
0.012900074214318233,0.09490919312511988,0.00566705329062187,4.924509129865531e-6,6.860108994408198e-12,1.0000000000082074,2.2052306292152934e-7,2.8690122161537205e-5,1590,1590,1590,0.3666424068413752
0.012908187468541074,0.09495316930028823,0.005667828228680308,4.924509129865531e-6,6.831003018534524e-12,1.000000000008161,2.1430635399610765e-7,2.872077948400829e-5,1591,1591,1591,0.36574448953440486
0.012916300722763915,0.09499713162578274,0.005668603525663976,4.92450912986553e-6,6.808580209964943e-12,1.0000000000081302,2.201436757331976e-7,2.8751448125517864e-5,1592,1592,1592,0.3742708832993291
0.012924413976986756,0.0950410801189032,0.005669379181434974,4.92450912986553e-6,6.792280380649133e-12,1.0000000000081002,2.084344430386409e-7,2.8782128085948786e-5,1593,1593,1593,0.3698982710482515
0.012932527231209598,0.09508501479778955,0.005670155195855499,4.92450912986553e-6,6.781595838004719e-12,1.000000000008094,1.8812560398373535e-7,2.8812819366133754e-5,1594,1594,1594,0.36200957609202405
0.012940640485432439,0.09512893567997747,0.005670931568787885,4.924509129865531e-6,6.7760711472480865e-12,1.0000000000080798,2.0742270123719209e-7,2.8843521966597364e-5,1595,1595,1595,0.3733230278938221
0.01294875373965528,0.09517284278248132,0.0056717083000963515,4.924509129865531e-6,6.775304532898433e-12,1.0000000000080973,1.871059751579196e-7,2.8874235887883718e-5,1596,1596,1596,0.362443965057364
0.012956866993878121,0.09521673612978655,0.005672485389802943,4.92450912986553e-6,6.77894812700115e-12,1.0000000000080904,2.080176102481346e-7,2.890496113248288e-5,1597,1597,1597,0.3737585791732093
0.012964980248100963,0.09526061576315062,0.005673262838216241,4.92450912986553e-6,6.7867090092903935e-12,1.0000000000081044,2.0898305308492127e-7,2.8935697699645254e-5,1598,1598,1598,0.3739644491317864
0.012973093502323804,0.09530448169908491,0.005674040645193952,4.92450912986553e-6,6.798304585228261e-12,1.0000000000081217,2.1354225054892595e-7,2.8966445590345068e-5,1599,1599,1599,0.3704023563255487
0.012981206756546645,0.09534833395579632,0.0056748188105947475,4.92450912986553e-6,6.813476558313255e-12,1.0000000000081384,2.2406555899578962e-7,2.8997204805222e-5,1600,1600,1600,0.37006089905526657
0.012989320010769486,0.09539217255158913,0.005675597334276933,4.92450912986553e-6,6.8319762784099325e-12,1.0000000000081517,2.3277557659184822e-7,2.9027975345739712e-5,1601,1601,1601,0.3689824452177467
0.012997433264992328,0.09543599751032678,0.0056763762160997626,4.924509129865531e-6,6.853543688268306e-12,1.0000000000081632,2.3556675898817048e-7,2.9058757212818257e-5,1602,1602,1602,0.3699659102799811
0.013005546519215169,0.09547980885549154,0.005677155455922919,4.92450912986553e-6,6.877898501280531e-12,1.0000000000081783,2.3556729900064965e-7,2.9089550407433856e-5,1603,1603,1603,0.37179420565905347
0.01301365977343801,0.09552360660970613,0.005677935053606452,4.924509129865531e-6,6.90471048102924e-12,1.000000000008203,2.353955181888523e-7,2.912035493104824e-5,1604,1604,1604,0.37650930021443396
0.013021773027660851,0.09556739080273008,0.005678715009011302,4.92450912986553e-6,6.933580645438195e-12,1.0000000000082179,2.0280045021081605e-7,2.9151170793642476e-5,1605,1605,1605,0.36568229179076617
0.013029886281883693,0.0956111614340938,0.005679495321999876,4.92450912986553e-6,6.963999231538685e-12,1.0000000000081735,2.0641044784497353e-7,2.9181997986803688e-5,1606,1606,1606,0.36845281896027987
0.013037999536106534,0.09565491852470889,0.005680275992434304,4.924509129865528e-6,6.99529011150403e-12,1.000000000008177,2.0711409831619676e-7,2.921283651101235e-5,1607,1607,1607,0.36867225478984816
0.013046112790329375,0.09569866209066331,0.005681057020178755,4.924509129865531e-6,7.0265392957905914e-12,1.000000000008193,2.103306826484186e-7,2.9243686366680388e-5,1608,1608,1608,0.36955082450897486
0.013054226044552216,0.09574239215005828,0.005681838405097974,4.924509129865531e-6,7.05647091689628e-12,1.0000000000082183,2.0886329821223626e-7,2.9274547558355758e-5,1609,1609,1609,0.37013841270238174
0.013062339298775058,0.09578610870788089,0.00568262014705769,4.924509129865531e-6,7.083274714473818e-12,1.0000000000082385,2.0737853390073724e-7,2.9305420083189546e-5,1610,1610,1610,0.37007337627709475
0.013070452552997899,0.09582981179505488,0.005683402246072394,4.92450912986553e-6,7.104333206107033e-12,1.0000000000082543,2.0441410697458196e-7,2.93363039403515e-5,1611,1611,1611,0.3705997135172533
0.01307856580722074,0.0958735014372843,0.005684184702323609,4.92450912986553e-6,7.1158197649624316e-12,1.0000000000082674,2.049817595661807e-7,2.936719912794346e-5,1612,1612,1612,0.3715844202969298
0.013086679061443581,0.09591717764606933,0.005684967515670873,4.924509129865531e-6,7.112297391694016e-12,1.0000000000082774,2.044105791298989e-7,2.9398105647582722e-5,1613,1613,1613,0.3776344054990797
0.013094792315666423,0.09596084043722464,0.005685750685975269,4.924509129865531e-6,7.087118844204333e-12,1.0000000000082316,2.107223764369337e-7,2.9429023499320117e-5,1614,1614,1614,0.37232908959715216
0.013102905569889264,0.0960044898285221,0.0056865342130983775,4.924509129865531e-6,7.036481931073842e-12,1.0000000000082538,2.0668373679200158e-7,2.945995267426887e-5,1615,1615,1615,0.37645170516270693
0.013111018824112105,0.09604812583213884,0.005687318096902007,4.92450912986553e-6,6.970345336352815e-12,1.0000000000082485,2.093691477966786e-7,2.949089318092122e-5,1616,1616,1616,0.37237476145650633
0.013119132078334947,0.0960917484617914,0.005688102337248298,4.924509129865531e-6,6.915538267017865e-12,1.0000000000082512,2.0809576284364084e-7,2.95218450192767e-5,1617,1617,1617,0.37341109902719855
0.013127245332557788,0.09613535773296092,0.005688886933998746,4.92450912986553e-6,6.894917229781938e-12,1.0000000000082614,2.1500934366258662e-7,2.9552808189722324e-5,1618,1618,1618,0.3761106939644132
0.013135358586780629,0.09617895366079007,0.005689671887015439,4.924509129865531e-6,6.915881491735404e-12,1.000000000008271,2.5026416494711157e-7,2.9583782692506477e-5,1619,1619,1619,0.37508020897885375
0.01314347184100347,0.09622253625829573,0.005690457196159702,4.924509129865531e-6,6.9769986715122235e-12,1.0000000000082456,2.5139357262560225e-7,2.9614768527772537e-5,1620,1620,1620,0.37784370078194873
0.013151585095226312,0.0962661055438725,0.005691242861292949,4.92450912986553e-6,7.074209635602088e-12,1.000000000008239,2.40801682593883e-7,2.9645765695371614e-5,1621,1621,1621,0.3694988848788181
0.013159698349449153,0.09630966153756151,0.005692028882276859,4.92450912986553e-6,7.203011240185075e-12,1.0000000000082356,2.407041677088273e-7,2.967677419485238e-5,1622,1622,1622,0.37371254912339974
0.013167811603671994,0.0963532042593377,0.005692815258972695,4.924509129865532e-6,7.358805966387816e-12,1.0000000000082467,2.2677485844724288e-7,2.970779402556467e-5,1623,1623,1623,0.36782616921233635
0.013175924857894835,0.09639673372958987,0.005693601991242726,4.924509129865528e-6,7.53689121503572e-12,1.0000000000082663,2.2510633357342158e-7,2.973882518149259e-5,1624,1624,1624,0.37294497374088187
0.013184038112117677,0.09644024996437016,0.00569438907894988,4.92450912986553e-6,7.73258078697244e-12,1.0000000000082816,2.1151933538021694e-7,2.9769867666851645e-5,1625,1625,1625,0.3679737270606105
0.013192151366340518,0.09648375297927697,0.005695176521957784,4.92450912986553e-6,7.941541112255212e-12,1.0000000000082956,2.1048535359113885e-7,2.980092148078605e-5,1626,1626,1626,0.3746381178900255
0.013200264620563359,0.0965272427880768,0.0056959643201312336,4.92450912986553e-6,8.160170884999531e-12,1.0000000000083085,2.0736273143029393e-7,2.9831986622235614e-5,1627,1627,1627,0.3696381323261681
0.0132083778747862,0.09657071940344883,0.005696752473335814,4.924509129865531e-6,8.385783845761451e-12,1.0000000000083282,2.1284573392676975e-7,2.9863063091385715e-5,1628,1628,1628,0.3773143969857327
0.013216491129009042,0.0966141828431134,0.0056975409814827875,4.92450912986553e-6,8.616553441692023e-12,1.0000000000083469,2.0934736255640018e-7,2.9894150886168193e-5,1629,1629,1629,0.372826626816124
0.013224604383231883,0.09665763312674322,0.005698329844593463,4.924509129865531e-6,8.851312256067587e-12,1.0000000000083655,2.0118903876209515e-7,2.9925250005895335e-5,1630,1630,1630,0.3754474748159831
0.013232717637454724,0.09670107026903725,0.0056991190625323256,4.92450912986553e-6,9.08938388800266e-12,1.0000000000083593,2.0873332573501102e-7,2.995636044970486e-5,1631,1631,1631,0.37502634413096136
0.013240830891677565,0.09674449428494579,0.005699908635164639,4.92450912986553e-6,9.305267754827008e-12,1.0000000000083764,1.9503944770349335e-7,2.9987482217336428e-5,1632,1632,1632,0.3774474635294936
0.013248944145900407,0.09678790519048072,0.005700698562356423,4.92450912986553e-6,9.197831663464355e-12,1.0000000000083653,2.088290216306632e-7,3.001861530851942e-5,1633,1633,1633,0.37821475161275053
0.013257057400123248,0.09683130299938597,0.0057014888439747636,4.92450912986553e-6,9.105100117154461e-12,1.0000000000083824,1.9616362578744884e-7,3.004975972318498e-5,1634,1634,1634,0.3636261497522248
0.01326517065434609,0.09687468772658102,0.005702279479885536,4.92450912986553e-6,9.025840335278527e-12,1.0000000000083564,1.890375926905108e-7,3.008091546140829e-5,1635,1635,1635,0.378221008755168
0.01327328390856893,0.09691805938565796,0.005703070469956113,4.924509129865531e-6,8.958990726607375e-12,1.000000000008365,1.912578539986498e-7,3.01120825231599e-5,1636,1636,1636,0.3663859424574198
0.013281397162791772,0.09696141799314442,0.005703861814052844,4.92450912986553e-6,8.903579099608719e-12,1.000000000008401,1.8539276425144635e-7,3.014326090792594e-5,1637,1637,1637,0.3659356743154052
0.013289510417014613,0.09700476356634448,0.0057046535120428895,4.92450912986553e-6,8.858669359736719e-12,1.0000000000084384,1.8951578795167734e-7,3.0174450616130892e-5,1638,1638,1638,0.3707838821361916
0.013297623671237454,0.09704809612271055,0.005705445563792842,4.924509129865531e-6,8.823345828544123e-12,1.0000000000084608,1.9076563262387936e-7,3.020565164781282e-5,1639,1639,1639,0.3730198280096078
0.013305736925460296,0.09709141567996261,0.005706237969169845,4.924509129865531e-6,8.79673731510815e-12,1.0000000000084739,1.9444526344614133e-7,3.0236864003358946e-5,1640,1640,1640,0.37625757724501735
0.013313850179683137,0.09713472226786478,0.005707030728041849,4.92450912986553e-6,8.77804884373468e-12,1.0000000000084812,1.969263792034326e-7,3.026808769313887e-5,1641,1641,1641,0.3620979024429131
0.013321963433905978,0.09717801588670272,0.005707823840277702,4.924509129865531e-6,8.766571756437612e-12,1.00000000000841,1.9864293676619127e-7,3.029932271345182e-5,1642,1642,1642,0.3664886620570051
0.01333007668812882,0.09722129655797984,0.005708617305747485,4.924509129865531e-6,8.761692221111308e-12,1.0000000000084504,1.995961866896323e-7,3.0330569059891788e-5,1643,1643,1643,0.36739510792722735
0.01333818994235166,0.09726456432071755,0.005709411124844925,4.92450912986553e-6,8.762921337548675e-12,1.0000000000084743,1.9921527893984603e-7,3.036182673404004e-5,1644,1644,1644,0.3705561637258351
0.013346303196574502,0.09730781919631305,0.00571020529754108,4.92450912986553e-6,8.769819266794201e-12,1.0000000000084874,2.0050663351867115e-7,3.039309573752671e-5,1645,1645,1645,0.3702134426625822
0.013354416450797343,0.09735106120239165,0.005710999823698827,4.92450912986553e-6,8.782002447152762e-12,1.0000000000084948,1.9862774536250072e-7,3.042437607208389e-5,1646,1646,1646,0.3701501529234253
0.013362529705020184,0.09739429035612841,0.005711794703181622,4.92450912986553e-6,8.799134533092886e-12,1.0000000000084979,1.9525342054294015e-7,3.0455667739486306e-5,1647,1647,1647,0.36899461774611286
0.013370642959243026,0.0974375066743905,0.005712589935853688,4.92450912986553e-6,8.820904775286015e-12,1.0000000000084988,1.9301016607187194e-7,3.048697074173394e-5,1648,1648,1648,0.36803988967530266
0.013378756213465867,0.09748071017332642,0.005713385521579039,4.924509129865531e-6,8.847008544224844e-12,1.000000000008496,1.9341488410873353e-7,3.051828508072573e-5,1649,1649,1649,0.3688895416790215
0.013386869467688708,0.09752390087003257,0.005714181460223111,4.92450912986553e-6,8.877122158502705e-12,1.0000000000084888,1.9469532652749422e-7,3.0549610757152496e-5,1650,1650,1650,0.36992388191242603
0.01339498272191155,0.0975670787838217,0.005714977751651719,4.92450912986553e-6,8.910883903047882e-12,1.0000000000084788,2.0052435267814417e-7,3.0580947772902e-5,1651,1651,1651,0.37436639510787467
0.01340309597613439,0.09761024393102889,0.005715774395731395,4.92450912986553e-6,8.947845727973007e-12,1.0000000000084734,2.057394254961764e-7,3.061229612926481e-5,1652,1652,1652,0.3764325752375815
0.013411209230357232,0.09765339632534213,0.005716571392330018,4.924509129865531e-6,8.98744007696667e-12,1.000000000008462,2.2642137764705694e-7,3.064365582722289e-5,1653,1653,1653,0.3711151246613203
0.013419322484580073,0.09769653598063774,0.005717368741316508,4.92450912986553e-6,9.028912983422046e-12,1.0000000000084306,2.1451675991102093e-7,3.067502686744329e-5,1654,1654,1654,0.37747984425588654
0.013427435738802914,0.09773966290906842,0.00571816644256075,4.924509129865531e-6,9.071235774443278e-12,1.0000000000084535,2.2273196975675091e-7,3.0706409253039315e-5,1655,1655,1655,0.37311171850960917
0.013435548993025756,0.09778277712949714,0.005718964495933893,4.92450912986553e-6,9.112967730489017e-12,1.0000000000084581,2.1296182239893824e-7,3.0737802982218336e-5,1656,1656,1656,0.3762499322026927
0.013443662247248597,0.09782587866576023,0.005719762901578139,4.924509129865532e-6,9.152039844508367e-12,1.0000000000084868,2.147027515775335e-7,3.076920805593425e-5,1657,1657,1657,0.3774692245287327
0.013451775501471438,0.09786896754406653,0.005720561659568559,4.92450912986553e-6,9.185375788127745e-12,1.0000000000085094,2.1112249726229493e-7,3.08006244725506e-5,1658,1658,1658,0.37564818694403046
0.01345988875569428,0.09791204377288826,0.00572136076977004,4.924509129865531e-6,9.208316193288738e-12,1.000000000008527,2.082256997937293e-7,3.0832052235115754e-5,1659,1659,1659,0.3754443762287745
0.01346800200991712,0.09795510736062027,0.005722160232048701,4.924509129865531e-6,9.213779870402462e-12,1.000000000008542,2.0513377307906921e-7,3.086349134420255e-5,1660,1660,1660,0.3742688213303365
0.013476115264139962,0.09799815832075466,0.005722960046270929,4.92450912986553e-6,9.191663909171776e-12,1.000000000008554,2.0456383253986132e-7,3.089494180043867e-5,1661,1661,1661,0.3742178829173764
0.013484228518362803,0.09804119667039596,0.0057237602123036855,4.924509129865531e-6,9.131541317744265e-12,1.0000000000085645,2.0380852561174834e-7,3.0926403593528825e-5,1662,1662,1662,0.37395308304975516
0.013492341772585644,0.09808422242321962,0.0057245607300135904,4.92450912986553e-6,9.036965100474372e-12,1.0000000000085727,2.0293936131565715e-7,3.095787673430946e-5,1663,1663,1663,0.37609333904010156
0.013500455026808486,0.09812723559222321,0.005725361599267375,4.92450912986553e-6,8.942554835500366e-12,1.0000000000085798,2.0088660335204622e-7,3.098936122341449e-5,1664,1664,1664,0.3742676788667088
0.013508568281031327,0.09817023619121593,0.0057261628199316746,4.92450912986553e-6,8.888799624673537e-12,1.0000000000085851,2.046764535634793e-7,3.102085706142909e-5,1665,1665,1665,0.37619059939027105
0.013516681535254168,0.09821322423389375,0.005726964391873125,4.92450912986553e-6,8.892214675716152e-12,1.0000000000085991,2.0623964758215152e-7,3.1052364248840874e-5,1666,1666,1666,0.3736614918778967
0.01352479478947701,0.09825619973223174,0.005727766314957919,4.92450912986553e-6,8.952742485762099e-12,1.0000000000086149,2.0811032896972392e-7,3.108388278608263e-5,1667,1667,1667,0.3730830570027861
0.01353290804369985,0.09829916269700903,0.005728568589052592,4.924509129865531e-6,9.065049640836413e-12,1.0000000000086302,2.1414816586684537e-7,3.1115412673309224e-5,1668,1668,1668,0.3747308675024277
0.013541021297922692,0.09834211314556993,0.00572937121402377,4.92450912986553e-6,9.222629030771507e-12,1.0000000000086446,2.1278161455029476e-7,3.114695391015992e-5,1669,1669,1669,0.3704590821490382
0.013549134552145533,0.09838505109749111,0.00573017418973881,4.924509129865531e-6,9.418623913664066e-12,1.0000000000086582,2.1733637112220094e-7,3.117850649154518e-5,1670,1670,1670,0.3747695761473197
0.013557247806368375,0.09842797656959504,0.005730977516065895,4.92450912986553e-6,9.645940391558056e-12,1.0000000000086706,2.1067751987402517e-7,3.1210070421163375e-5,1671,1671,1671,0.3685239511530692
0.013565361060591216,0.09847088957429798,0.005731781192874066,4.924509129865531e-6,9.897482742737342e-12,1.000000000008682,2.13787920699815e-7,3.124164570026762e-5,1672,1672,1672,0.3742002570479925
0.013573474314814057,0.09851379012453693,0.005732585220032889,4.924509129865531e-6,1.016662865720717e-11,1.0000000000086915,2.0683401658061484e-7,3.127323232547507e-5,1673,1673,1673,0.36927095705855634
0.013581587569036898,0.09855667823649585,0.005733389597525495,4.92450912986553e-6,1.0447985251405364e-11,1.0000000000086995,2.0624302266014638e-7,3.130483029577839e-5,1674,1674,1674,0.37335488181102755
0.01358970082325974,0.09859955392870365,0.005734194325315866,4.92450912986553e-6,1.0737808994343647e-11,1.0000000000087068,2.0335004791149913e-7,3.133643961654001e-5,1675,1675,1675,0.3733694115421048
0.01359781407748258,0.09864241720880086,0.00573499940327279,4.924509129865531e-6,1.1033709471034257e-11,1.0000000000087128,1.9976455689629802e-7,3.136806028006206e-5,1676,1676,1676,0.3729291270663238
0.013605927331705422,0.09868526810008084,0.005735804831265729,4.924509129865531e-6,1.1334242505356238e-11,1.0000000000087172,1.9924738126064767e-7,3.139969229561063e-5,1677,1677,1677,0.3752735613543825
0.013614040585928263,0.09872810659373858,0.0057366106091653315,4.92450912986553e-6,1.1638614939681623e-11,1.0000000000087201,1.9505002057940146e-7,3.143133565243725e-5,1678,1678,1678,0.3742257448652908
0.013622153840151105,0.09877093270668245,0.005737416736842067,4.92450912986553e-6,1.1835479944724723e-11,1.0000000000087315,1.9769430537053267e-7,3.146299034949717e-5,1679,1679,1679,0.37130780337914715
0.013630267094373946,0.09881374644936883,0.005738223214166996,4.924509129865531e-6,1.1695417347310099e-11,1.0000000000087426,2.0539677336728346e-7,3.149465638597822e-5,1680,1680,1680,0.376786490864469
0.013638380348596787,0.09885654783197223,0.005739030041011363,4.92450912986553e-6,1.1574647684390407e-11,1.0000000000087528,2.074759919423741e-7,3.152633376115425e-5,1681,1681,1681,0.37407577636707323
0.013646493602819628,0.0988993368637839,0.005739837217246226,4.92450912986553e-6,1.1471597991257609e-11,1.0000000000087623,1.9121405614441755e-7,3.155802247411254e-5,1682,1682,1682,0.3665817024188887
0.01365460685704247,0.09894211355492828,0.005740644742742549,4.924509129865532e-6,1.1385016073787756e-11,1.0000000000087712,2.1103741687511501e-7,3.158972252431074e-5,1683,1683,1683,0.37783368099131154
0.013662720111265311,0.09898487791621428,0.005741452617371176,4.924509129865532e-6,1.1313744761707615e-11,1.0000000000087803,1.9632511083500503e-7,3.1621433910599835e-5,1684,1684,1684,0.3698693441177904
0.013670833365488152,0.09902762996182952,0.0057422608410036685,4.924509129865531e-6,1.1256555933014159e-11,1.000000000008789,1.9563386643994818e-7,3.165315663171253e-5,1685,1685,1685,0.368861159761045
0.013678946619710993,0.0990703697058671,0.005743069413511896,4.92450912986553e-6,1.121215370656439e-11,1.0000000000087983,2.084553045733628e-7,3.168489068664166e-5,1686,1686,1686,0.3781491537909302
0.013687059873933835,0.09911309716200664,0.005743878334768703,4.924509129865531e-6,1.1179267055616171e-11,1.0000000000088078,2.1525235638364393e-7,3.171663607480767e-5,1687,1687,1687,0.3770168037594404
0.013695173128156676,0.09915581234279955,0.005744687604648169,4.92450912986553e-6,1.1156746853217087e-11,1.000000000008817,2.466912718546155e-7,3.174839279602948e-5,1688,1688,1688,0.3785537537907203
0.013703286382379517,0.09919851526888271,0.005745497223220659,4.92450912986553e-6,1.1143608102495654e-11,1.0000000000088065,2.348505496740927e-7,3.1780160850641e-5,1689,1689,1689,0.3619834546650804
0.013711399636602358,0.09924120597222372,0.005746307190821246,4.92450912986553e-6,1.1139050332916833e-11,1.0000000000087814,2.3721594644143806e-7,3.181194023962485e-5,1690,1690,1690,0.3664028568321193
0.0137195128908252,0.09928388446519157,0.005747117507316488,4.92450912986553e-6,1.1142384515933636e-11,1.0000000000087588,2.3750076394435382e-7,3.184373096412042e-5,1691,1691,1691,0.36620873485429595
0.013727626145048041,0.0993265507625715,0.00574792817257306,4.92450912986553e-6,1.115303902464444e-11,1.000000000008738,2.354573211960087e-7,3.187553302577062e-5,1692,1692,1692,0.36773684846643667
0.013735739399270882,0.09936920488017258,0.005748739186458364,4.92450912986553e-6,1.1170542413049874e-11,1.0000000000087184,2.335834752287269e-7,3.190734642660445e-5,1693,1693,1693,0.36595814652622816
0.013743852653493724,0.09941184683370949,0.005749550548840273,4.924509129865531e-6,1.11944840082901e-11,1.0000000000087013,2.3463750942198658e-7,3.193917116850183e-5,1694,1694,1694,0.3666479605865892
0.013751965907716565,0.09945447663737911,0.005750362259587569,4.92450912986553e-6,1.122449453416834e-11,1.000000000008698,2.2911245167733796e-7,3.197100725342927e-5,1695,1695,1695,0.36159603562216036
0.013760079161939406,0.0994970943037678,0.005751174318569304,4.92450912986553e-6,1.1260210665013217e-11,1.0000000000087033,2.280551081312865e-7,3.200285468308159e-5,1696,1696,1696,0.3612514468837315
0.013768192416162247,0.09953969984636586,0.0057519867256559335,4.92450912986553e-6,1.1301243149873985e-11,1.0000000000087048,2.2336407212719678e-7,3.203471345846838e-5,1697,1697,1697,0.361409651928899
0.013776305670385089,0.09958229327877093,0.0057527994807181045,4.92450912986553e-6,1.1347131066534928e-11,1.000000000008705,2.3195675424858564e-7,3.2066583580315875e-5,1698,1698,1698,0.3678223717160018
0.01378441892460793,0.0996248746122509,0.005753612583628341,4.92450912986553e-6,1.139729031001902e-11,1.000000000008708,2.266783321047683e-7,3.2098465048990856e-5,1699,1699,1699,0.36561692516278704
0.013792532178830771,0.09966744385595673,0.005754426034260189,4.924509129865531e-6,1.145094893759615e-11,1.0000000000087137,2.35896425060389e-7,3.213035786430785e-5,1700,1700,1700,0.3734140505746626
0.013800645433053612,0.09971000102024588,0.005755239832488222,4.924509129865531e-6,1.150706023272995e-11,1.0000000000087161,1.956532713620618e-7,3.216226202634276e-5,1701,1701,1701,0.37876646812147957
0.013808758687276454,0.0997525461231206,0.005756053978437725,4.92450912986553e-6,1.1564156619368619e-11,1.000000000008689,2.021884881742153e-7,3.2194177534253354e-5,1702,1702,1702,0.3704300247904344
0.013816871941499295,0.0997950791857256,0.005756868472220939,4.92450912986553e-6,1.162011157444236e-11,1.0000000000086897,1.904288282617017e-7,3.22261043881256e-5,1703,1703,1703,0.37457376344621074
0.013824985195722136,0.09983760021972829,0.005757683313706176,4.924509129865531e-6,1.1671731722969972e-11,1.0000000000087315,2.082970240735449e-7,3.225804258432691e-5,1704,1704,1704,0.37172042035380004
0.013833098449944977,0.09988010923427447,0.005758498502762716,4.924509129865528e-6,1.171408199403842e-11,1.0000000000087357,1.9174495946572279e-7,3.228999212643039e-5,1705,1705,1705,0.3726969743864268
0.013841211704167819,0.09992260623431898,0.005759314039260334,4.92450912986553e-6,1.173933820379419e-11,1.0000000000087683,2.0658319499489153e-7,3.232195301465463e-5,1706,1706,1706,0.36928811640627157
0.01384932495839066,0.09996509123075902,0.0057601299230691915,4.924509129865531e-6,1.1735122947187877e-11,1.0000000000087639,1.997346146254131e-7,3.235392523758146e-5,1707,1707,1707,0.3720534839399577
0.013857438212613501,0.10000756423579946,0.005760946154059276,4.92450912986553e-6,1.1684022240928264e-11,1.0000000000087799,2.050591660918144e-7,3.238590880700141e-5,1708,1708,1708,0.3652081894987562
0.013865551466836342,0.1000500252661172,0.005761762732100676,4.92450912986553e-6,1.1573857852775883e-11,1.0000000000088083,2.066813209467e-7,3.241790373088642e-5,1709,1709,1709,0.37149018764859904
0.013873664721059184,0.10009247432720768,0.0057625796570635575,4.92450912986553e-6,1.143142104620825e-11,1.0000000000088045,2.0578249859681819e-7,3.2449910002212006e-5,1710,1710,1710,0.3641837174760257
0.013881777975282025,0.10013491142855062,0.00576339692881783,4.924509129865531e-6,1.132091217812298e-11,1.0000000000088485,2.1367290514717752e-7,3.248192762120463e-5,1711,1711,1711,0.37234444025174773
0.013889891229504866,0.10017733657687514,0.005764214547233497,4.92450912986553e-6,1.128182183640943e-11,1.0000000000088356,2.084747450226132e-7,3.2513956587762234e-5,1712,1712,1712,0.36481667844476284
0.013898004483727707,0.10021974979172811,0.005765032512180324,4.92450912986553e-6,1.1321403167431303e-11,1.000000000008884,2.1651447923431988e-7,3.254599691119778e-5,1713,1713,1713,0.37194315957122526
0.013906117737950549,0.10026215105700637,0.0057658508235294385,4.92450912986553e-6,1.1434663396596827e-11,1.0000000000088651,2.0730341532271268e-7,3.257804858129245e-5,1714,1714,1714,0.36527248230904175
0.01391423099217339,0.10030454038320584,0.005766669481151137,4.924509129865532e-6,1.1613275073935866e-11,1.0000000000089184,2.1713312037263677e-7,3.261011159298864e-5,1715,1715,1715,0.3714152259123987
0.013922344246396231,0.10034691778006154,0.005767488484917221,4.92450912986553e-6,1.1847719410981236e-11,1.0000000000088987,2.0206432083114123e-7,3.264218594840138e-5,1716,1716,1716,0.366172745031964
0.013930457500619072,0.10038928326207726,0.005768307834699675,4.92450912986553e-6,1.2127923057832904e-11,1.00000000000895,2.1441275066536036e-7,3.267427164577708e-5,1717,1717,1717,0.3721648304643321
0.013938570754841914,0.10043163684602145,0.005769127530479217,4.924509129865528e-6,1.24438032590778e-11,1.0000000000089315,1.9559749375730462e-7,3.270636868360186e-5,1718,1718,1718,0.36827046295097626
0.013946684009064755,0.10047397854614587,0.00576994757223521,4.92450912986553e-6,1.2785646586116623e-11,1.0000000000089773,2.150543281231876e-7,3.273847706039859e-5,1719,1719,1719,0.37171733030072746
0.013954797263287596,0.10051630837432422,0.00577076795983815,4.92450912986553e-6,1.3144100119403443e-11,1.0000000000089622,1.8836630033547408e-7,3.277059677513796e-5,1720,1720,1720,0.36829825479764533
0.013962910517510438,0.10055862634178861,0.005771588693160089,4.924509129865531e-6,1.3512028119527529e-11,1.0000000000090001,2.1556098772634869e-7,3.280272782671787e-5,1721,1721,1721,0.3713255006647812
0.013971023771733279,0.1006009324565364,0.0057724097720735605,4.92450912986553e-6,1.3886633764388274e-11,1.0000000000089906,1.9116215810299764e-7,3.283487021407889e-5,1722,1722,1722,0.3663940808239911
0.01397913702595612,0.1006432267273745,0.005773231196452323,4.92450912986553e-6,1.426633023299715e-11,1.0000000000090217,2.1093664770432952e-7,3.2867023936158335e-5,1723,1723,1723,0.3688587343336646
0.013987250280178961,0.10068550916069187,0.005774052966170092,4.92450912986553e-6,1.4649856641506835e-11,1.000000000009017,1.9476735246826138e-7,3.289918899183549e-5,1724,1724,1724,0.366175623656678
0.013995363534401803,0.1007277797641315,0.005774875081100969,4.924509129865531e-6,1.4884719769629213e-11,1.0000000000090405,2.0824549551434757e-7,3.2931365379886456e-5,1725,1725,1725,0.36874302412270277
0.014003476788624644,0.10077003854298844,0.005775697541118967,4.92450912986553e-6,1.4701612093182974e-11,1.000000000009041,1.959528788120224e-7,3.296355309885786e-5,1726,1726,1726,0.3619525933355482
0.014011590042847485,0.10081228550556356,0.005776520346098228,4.92450912986553e-6,1.4543070738376197e-11,1.0000000000090585,1.9957555252858583e-7,3.299575214849315e-5,1727,1727,1727,0.3693074224062918
0.014019703297070326,0.10085452065270739,0.005777343495912706,4.92450912986553e-6,1.440653382021729e-11,1.0000000000090628,1.979501007554063e-7,3.302796252568383e-5,1728,1728,1728,0.3654807696945439
0.014027816551293168,0.10089674398745456,0.0057781669904364615,4.92450912986553e-6,1.4289881127383038e-11,1.0000000000090743,1.936477644903789e-7,3.3060184228268165e-5,1729,1729,1729,0.3703940692260863
0.014035929805516009,0.10093895551237653,0.005778990829544091,4.92450912986553e-6,1.4191477302148088e-11,1.000000000009083,2.1021762108830444e-7,3.3092417253327776e-5,1730,1730,1730,0.3760057219077399
0.01404404305973885,0.10098115523511864,0.005779815013110624,4.92450912986553e-6,1.4111488232579314e-11,1.0000000000090896,2.0251596311027242e-7,3.312466159756228e-5,1731,1731,1731,0.372801014477876
0.014052156313961691,0.1010233431632667,0.0057806395410126025,4.92450912986553e-6,1.404905447746403e-11,1.0000000000091018,2.2582935343962163e-7,3.315691725796871e-5,1732,1732,1732,0.36442124954911753
0.014060269568184533,0.10106551930690177,0.005781464413127368,4.92450912986553e-6,1.4002544446699046e-11,1.0000000000091107,2.151172537878665e-7,3.318918423204581e-5,1733,1733,1733,0.3776360663743828
0.014068382822407374,0.10110768368846988,0.005782289629740852,4.924509129865531e-6,1.3970331082118863e-11,1.000000000009135,2.2155825263325823e-7,3.322146251809294e-5,1734,1734,1734,0.36809147748197174
0.014076496076630215,0.10114983632934085,0.005783115191002726,4.92450912986553e-6,1.3950965426118741e-11,1.0000000000091311,2.0367511410768202e-7,3.325375211516095e-5,1735,1735,1735,0.3723870970891349
0.014084609330853056,0.1011919772380363,0.0057839410967815705,4.924509129865531e-6,1.3943222666531174e-11,1.0000000000090914,2.203643845177794e-7,3.328605302276512e-5,1736,1736,1736,0.3757597084938975
0.014092722585075898,0.10123410642649568,0.005784767346946679,4.92450912986553e-6,1.394610521364895e-11,1.000000000009109,1.9793637306975143e-7,3.331836524114814e-5,1737,1737,1737,0.3625527629321112
0.014100835839298739,0.10127622390664073,0.0057855939413675485,4.92450912986553e-6,1.3958785919552354e-11,1.0000000000091183,2.1265935856717988e-7,3.335068877073043e-5,1738,1738,1738,0.3773702741724839
0.01410894909352158,0.10131832969132014,0.005786420879914057,4.924509129865531e-6,1.3980574835315331e-11,1.0000000000091225,1.9370789061667892e-7,3.33830236123424e-5,1739,1739,1739,0.36693723913748155
0.014117062347744421,0.10136042379242206,0.0057872481624564555,4.92450912986553e-6,1.4010869848963147e-11,1.0000000000091223,2.055785444099456e-7,3.341536976687506e-5,1740,1740,1740,0.37756333028278033
0.014125175601967263,0.10140250621897137,0.005788075788866567,4.92450912986553e-6,1.4049128485622092e-11,1.000000000009119,1.8881981134200032e-7,3.344772723507698e-5,1741,1741,1741,0.36836237013825585
0.014133288856190104,0.10144457697679668,0.005788903759016447,4.92450912986553e-6,1.40948210018619e-11,1.0000000000091134,2.4344693372313486e-7,3.348009601720557e-5,1742,1742,1742,0.37044261831561404
0.014141402110412945,0.10148663607439186,0.0057897320727798435,4.924509129865531e-6,1.4147376113714742e-11,1.000000000009072,1.9006219531547686e-7,3.351247611277957e-5,1743,1743,1743,0.369973824369772
0.014149515364635787,0.10152868352378358,0.005790560730031565,4.924509129865528e-6,1.4206103604986975e-11,1.000000000009066,1.7663230877928981e-7,3.3544867529140826e-5,1744,1744,1744,0.37174309026424707
0.014157628618858628,0.10157071932731537,0.00579138973064826,4.92450912986553e-6,1.427010647648634e-11,1.0000000000090614,1.989548081837711e-7,3.357727025642268e-5,1745,1745,1745,0.3755059148601434
0.014165741873081469,0.10161274348817119,0.005792219074560186,4.924509129865528e-6,1.4338177063303161e-11,1.0000000000090483,2.0086380914108304e-7,3.360968429269951e-5,1746,1746,1746,0.37819438503987646
0.01417385512730431,0.10165475602914961,0.005793048762093814,4.924509129865528e-6,1.4408650645192656e-11,1.0000000000090308,1.8933059209302883e-7,3.36421096361044e-5,1747,1747,1747,0.37217990922128663
0.014181968381527152,0.10169675695674879,0.005793878793118426,4.92450912986553e-6,1.4479101615080814e-11,1.0000000000090232,1.9306334309021622e-7,3.3674546280228e-5,1748,1748,1748,0.37630283560412314
0.014190081635749993,0.10173874628342654,0.005794709167504971,4.92450912986553e-6,1.4545948076292552e-11,1.0000000000090312,1.9203962864366986e-7,3.370699423561016e-5,1749,1749,1749,0.37284729078574236
0.014198194889972834,0.10178072399745058,0.005795539885124915,4.92450912986553e-6,1.4603695254026133e-11,1.0000000000090368,2.3586466113556526e-7,3.3739453491809605e-5,1750,1750,1750,0.3709417028287123
0.014206308144195675,0.10182269010870455,0.005796370945850007,4.92450912986553e-6,1.4643693121101713e-11,1.0000000000090012,2.023265111006367e-7,3.377192403495541e-5,1751,1751,1751,0.3722478909334877
0.014214421398418517,0.10186464461489382,0.0057972023495518705,4.92450912986553e-6,1.465225082262825e-11,1.0000000000090064,2.123965003875128e-7,3.380440587455279e-5,1752,1752,1752,0.37847054806350916
0.014222534652641358,0.10190658751364204,0.0057980340961022135,4.92450912986553e-6,1.4609433778957803e-11,1.0000000000090195,2.077884531104246e-7,3.383689900904308e-5,1753,1753,1753,0.372301492484298
0.014230647906864199,0.10194851881145478,0.005798866185373072,4.92450912986553e-6,1.4496829499575115e-11,1.0000000000090257,2.1744259726119708e-7,3.386940343942914e-5,1754,1754,1754,0.3787613149360229
0.01423876116108704,0.10199043851028204,0.005799698617235958,4.92450912986553e-6,1.4331362869899581e-11,1.000000000009028,2.2922100129108003e-7,3.390191916179322e-5,1755,1755,1755,0.37915385498316995
0.014246874415309882,0.10203234661117233,0.00580053139156294,4.924509129865528e-6,1.4182796309674448e-11,1.0000000000089884,2.2075052896752823e-7,3.393444617492617e-5,1756,1756,1756,0.37745249577488754
0.014254987669532723,0.1020742431154927,0.005801364508225496,4.92450912986553e-6,1.4109608153277542e-11,1.0000000000090064,2.3482256494844478e-7,3.396698447731464e-5,1757,1757,1757,0.3771203003788312
0.014263100923755564,0.10211612802185258,0.005802197967096243,4.92450912986553e-6,1.4130533547603435e-11,1.0000000000089861,2.2090471674118817e-7,3.399953406744662e-5,1758,1758,1758,0.37315530785805995
0.014271214177978405,0.10215800133061004,0.0058030317680477185,4.92450912986553e-6,1.4245148319460838e-11,1.0000000000089946,2.436996453525353e-7,3.403209494030474e-5,1759,1759,1759,0.37888026952261367
0.014279327432201247,0.1021998630368725,0.005803865910952361,4.92450912986553e-6,1.444650892652793e-11,1.000000000008991,2.211433667298479e-7,3.406466709690538e-5,1760,1760,1760,0.37026880258857275
0.014287440686424088,0.1022417131406184,0.005804700395720525,4.92450912986553e-6,1.4724558727936183e-11,1.0000000000089875,2.505854155288034e-7,3.409725053401142e-5,1761,1761,1761,0.3758294282128928
0.01429555394064693,0.10228355165210827,0.005805535222411848,4.92450912986553e-6,1.506752419181027e-11,1.000000000008996,2.25728939540204e-7,3.4129845246640134e-5,1762,1762,1762,0.36954885837670975
0.01430366719486977,0.10232537858470857,0.005806370390897248,4.92450912986553e-6,1.546348581121766e-11,1.0000000000089793,2.538660908157908e-7,3.416245123282077e-5,1763,1763,1763,0.37706740757301493
0.014311780449092612,0.10236719394893826,0.00580720590104825,4.92450912986553e-6,1.5902015806241894e-11,1.0000000000089968,2.5655060653662076e-7,3.41950684897235e-5,1764,1764,1764,0.3775969195822672
0.014319893703315453,0.10240899775197344,0.005808041752738005,4.924509129865531e-6,1.63747078056864e-11,1.000000000009022,2.567887236182287e-7,3.422769701479213e-5,1765,1765,1765,0.3779557566598263
0.014328006957538294,0.10245079000305311,0.005808877945840114,4.92450912986553e-6,1.6873293052213967e-11,1.0000000000090363,2.5804159520248504e-7,3.4260336805723564e-5,1766,1766,1766,0.37604061946872547
0.014336120211761135,0.10249257070892742,0.0058097144802289735,4.924509129865531e-6,1.6856725879208448e-11,1.0000000000090457,2.602396591555589e-7,3.4292987860412235e-5,1767,1767,1767,0.37904562763071314
0.014344233465983977,0.10253433987420242,0.005810551355779403,4.92450912986553e-6,1.692424851587117e-11,1.0000000000090512,2.5793988811528834e-7,3.432565017682171e-5,1768,1768,1768,0.37687773632328914
0.014352346720206818,0.10257609750194323,0.0058113885723665324,4.92450912986553e-6,1.7053682741734866e-11,1.000000000009055,2.596808172938836e-7,3.435832375283627e-5,1769,1769,1769,0.37752206327246535
0.01436045997442966,0.1026178435939339,0.005812226129865338,4.924509129865531e-6,1.7226715666132278e-11,1.0000000000090576,2.5413386595118936e-7,3.4391008586147455e-5,1770,1770,1770,0.373289103789264
0.0143685732286525,0.10265957815112393,0.00581306402815065,4.92450912986553e-6,1.742999961933113e-11,1.0000000000090596,2.547761965843165e-7,3.442370467418562e-5,1771,1771,1771,0.3754013972915509
0.014376686482875342,0.1027013011738543,0.005813902267097175,4.92450912986553e-6,1.765357064151429e-11,1.000000000009061,2.47771936301433e-7,3.4456412014109655e-5,1772,1772,1772,0.37304462324384174
0.014384799737098183,0.10274301266138619,0.005814740846579908,4.92450912986553e-6,1.782139992215225e-11,1.000000000009062,2.4493598971275787e-7,3.448913060285713e-5,1773,1773,1773,0.3751627034474837
0.014392912991321024,0.10278471261108171,0.005815579766474149,4.92450912986553e-6,1.7728686755287322e-11,1.000000000009063,2.4060700809513946e-7,3.452186043703473e-5,1774,1774,1774,0.37418315798373286
0.014401026245543866,0.10282640101990143,0.00581641902665648,4.924509129865531e-6,1.772426714886966e-11,1.0000000000090636,2.370999396816842e-7,3.4554601512443575e-5,1775,1775,1775,0.3758592659892335
0.014409139499766707,0.1028680778875826,0.005817258627003949,4.924509129865528e-6,1.7687343716897158e-11,1.0000000000090643,2.3193393872134038e-7,3.458735382415092e-5,1776,1776,1776,0.3762483621943808
0.014417252753989548,0.10290974321726672,0.005818098567394993,4.924509129865528e-6,1.7604045389281958e-11,1.0000000000090647,2.2960291801155108e-7,3.4620117367450743e-5,1777,1777,1777,0.3786851882279276
0.01442536600821239,0.10295139703010606,0.005818938848190068,4.92450912986553e-6,1.753754294982429e-11,1.0000000000090652,2.400035299388037e-7,3.4652892138436435e-5,1778,1778,1778,0.3644332694578445
0.01443347926243523,0.10299303934700994,0.005819779469491784,4.92450912986553e-6,1.7486930412026112e-11,1.0000000000089944,2.420589026996822e-7,3.468567814304809e-5,1779,1779,1779,0.37105965547461295
0.014441592516658072,0.10303467015991674,0.005820620431168411,4.924509129865531e-6,1.7451349098882083e-11,1.0000000000089833,2.498469058309638e-7,3.471847536892073e-5,1780,1780,1780,0.37399587614898305
0.014449705770880913,0.10307628947766236,0.005821461733089698,4.92450912986553e-6,1.7429970409395596e-11,1.0000000000089875,2.550740987317113e-7,3.47512838136488e-5,1781,1781,1781,0.3787688947915608
0.014457819025103754,0.10311789730797963,0.005822303375124731,4.92450912986553e-6,1.742198274195204e-11,1.0000000000089857,2.5915439039181365e-7,3.478410347548283e-5,1782,1782,1782,0.37538030591194566
0.014465932279326596,0.1031594936674784,0.005823145357143692,4.924509129865531e-6,1.7426571224275237e-11,1.00000000000893,2.5461872610321734e-7,3.4816934359953205e-5,1783,1783,1783,0.37684806429442097
0.014474045533549437,0.10320107855644681,0.005823987679017027,4.92450912986553e-6,1.7442896004078163e-11,1.0000000000089135,2.4544944210447284e-7,3.48497764627659e-5,1784,1784,1784,0.37519693194508036
0.014482158787772278,0.10324265198057847,0.005824830340615991,4.92450912986553e-6,1.7470099354549567e-11,1.0000000000088989,2.4184868152588024e-7,3.488262977862468e-5,1785,1785,1785,0.37670659027744885
0.01449027204199512,0.10328421394030203,0.005825673341813283,4.92450912986553e-6,1.7507279595938636e-11,1.0000000000088793,2.2962805701354227e-7,3.491549430564914e-5,1786,1786,1786,0.3708777682643319
0.01449838529621796,0.1033257644328204,0.005826516682482589,4.924509129865528e-6,1.7553443605696674e-11,1.0000000000088558,2.25159354272364e-7,3.494837004162734e-5,1787,1787,1787,0.3688218275304515
0.014506498550440802,0.10336730345667695,0.005827360362499298,4.92450912986553e-6,1.7607401088954625e-11,1.0000000000088274,2.3752626532314025e-7,3.4981256983185155e-5,1788,1788,1788,0.37522372414804167
0.014514611804663643,0.10340883101109785,0.005828204381739591,4.92450912986553e-6,1.766764183699323e-11,1.0000000000087947,2.2690832679472805e-7,3.5014155126688e-5,1789,1789,1789,0.3705536945690899
0.014522725058886484,0.10345034710393422,0.005829048740246198,4.92450912986553e-6,1.773217768268614e-11,1.0000000000087779,2.3582398966937035e-7,3.5047064468175615e-5,1790,1790,1790,0.3777732562622385
0.014530838313109326,0.10349185174150718,0.005829893438242993,4.92450912986553e-6,1.7798323753420475e-11,1.0000000000087657,2.2060795856759796e-7,3.5079985003327405e-5,1791,1791,1791,0.37263702664179077
0.014538951567332167,0.10353334492611943,0.0058307384755997465,4.924509129865528e-6,1.786232855489932e-11,1.0000000000087532,2.2614337069626345e-7,3.511291672205502e-5,1792,1792,1792,0.3746348339607931
0.014547064821555008,0.10357482665223613,0.005831583852186782,4.92450912986553e-6,1.791890035177915e-11,1.0000000000086864,2.171094024561171e-7,3.514585962449915e-5,1793,1793,1793,0.3742189358679211
0.01455517807577785,0.10361629691447974,0.005832429567875317,4.924509129865528e-6,1.7960470449852077e-11,1.000000000008692,2.3745521104956424e-7,3.517881370595077e-5,1794,1794,1794,0.37692744312442034
0.01456329133000069,0.10365775570629952,0.00583327562253701,4.92450912986553e-6,1.7976412785975795e-11,1.00000000000865,2.1415036144389887e-7,3.5211778949220534e-5,1795,1795,1795,0.3741144380188537
0.014571404584223532,0.10369920302132524,0.005834122016042968,4.92450912986553e-6,1.7953085276500908e-11,1.000000000008636,2.438332131760035e-7,3.524475536121097e-5,1796,1796,1796,0.3773948098550474
0.014579517838446373,0.10374063884717874,0.005834968748264692,4.92450912986553e-6,1.787802790906478e-11,1.000000000008634,2.092775446271844e-7,3.527774293716459e-5,1797,1797,1797,0.370807028056328
0.014587631092669215,0.10378206317310783,0.005835815819073459,4.92450912986553e-6,1.7754123249035708e-11,1.00000000000861,2.43183066572783e-7,3.531074167234465e-5,1798,1798,1798,0.3762441158344246
0.014595744346892056,0.1038234759912258,0.0058366632283409,4.92450912986553e-6,1.7616449645737733e-11,1.0000000000086247,2.05786051310497e-7,3.534375156179585e-5,1799,1799,1799,0.37340540571336217
0.014603857601114897,0.10386487729643495,0.005837510975938771,4.92450912986553e-6,1.7518156745000332e-11,1.0000000000086002,2.4578206136993686e-7,3.537677260079589e-5,1800,1800,1800,0.37640677935437705
0.014611970855337738,0.10390626708080825,0.005838359061738412,4.92450912986553e-6,1.7496430821526114e-11,1.0000000000086149,1.9662381589569122e-7,3.540980478475516e-5,1801,1801,1801,0.369248378706436
0.01462008410956058,0.1039476453383508,0.0058392074856122266,4.92450912986553e-6,1.756695362246413e-11,1.0000000000086031,2.4216006977439974e-7,3.544284810921698e-5,1802,1802,1802,0.3756083010225097
0.01462819736378342,0.10398901206295741,0.005840056247431846,4.92450912986553e-6,1.7734742972649927e-11,1.000000000008604,2.4232508621935267e-7,3.5475902566920286e-5,1803,1803,1803,0.37548577780451936
0.014636310618006262,0.1040303672540034,0.005840905347201074,4.92450912986553e-6,1.7999553851110427e-11,1.0000000000086267,2.3369395307781815e-7,3.550896815612891e-5,1804,1804,1804,0.37389738349475043
0.014644423872229103,0.10407171090744398,0.005841754784890242,4.924509129865528e-6,1.835625894774525e-11,1.0000000000086384,2.3017676653580565e-7,3.5542044872061e-5,1805,1805,1805,0.3732083288293145
0.014652537126451945,0.10411304301990011,0.005842604560368197,4.92450912986553e-6,1.879519101632664e-11,1.000000000008643,2.3497005940953386e-7,3.5575132709326165e-5,1806,1806,1806,0.37321366387522326
0.014660650380674786,0.1041543635948316,0.0058434546735052694,4.92450912986553e-6,1.9303789959957987e-11,1.0000000000086522,2.429539449622098e-7,3.560823166242341e-5,1807,1807,1807,0.37360411317869463
0.014668763634897627,0.10419567263615494,0.005844305124172272,4.92450912986553e-6,1.9727700188919463e-11,1.0000000000086628,2.456468592981764e-7,3.564134172623832e-5,1808,1808,1808,0.37008929445242894
0.014676876889120468,0.10423697014806568,0.005845155912241651,4.924509129865528e-6,1.960962275513788e-11,1.0000000000086722,2.5517215362924617e-7,3.567446289601343e-5,1809,1809,1809,0.37633380975299674
0.01468499014334331,0.1042782561299255,0.005846007037586117,4.92450912986553e-6,1.9561256432946784e-11,1.0000000000086813,2.559022789228038e-7,3.570759516709429e-5,1810,1810,1810,0.3702887488065498
0.014693103397566151,0.10431953058263232,0.0058468585000790675,4.92450912986553e-6,1.9586229989824013e-11,1.0000000000086908,2.641393592739405e-7,3.574073853490844e-5,1811,1811,1811,0.37670263267986975
0.014701216651788992,0.10436079350422735,0.00584771029959401,4.924509129865528e-6,1.967812227908882e-11,1.0000000000087002,2.5834644645783555e-7,3.577389299507307e-5,1812,1812,1812,0.37080750106529536
0.014709329906011833,0.10440204489094197,0.0058485624360045665,4.92450912986553e-6,1.9826464629809155e-11,1.0000000000087101,2.6688715593081724e-7,3.580705854311685e-5,1813,1813,1813,0.37721391477557176
0.014717443160234675,0.1044432847533455,0.0058494149091836,4.92450912986553e-6,2.0020289656398462e-11,1.00000000000872,2.6556358534435276e-7,3.584023519040622e-5,1814,1814,1814,0.3730484069427515
0.014725556414457516,0.10448451306758287,0.00585026771900452,4.92450912986553e-6,2.024961624500643e-11,1.0000000000087288,2.6790918639107986e-7,3.587342291631924e-5,1815,1815,1815,0.37784867390662247
0.014733669668680357,0.1045257298322273,0.005851120865340342,4.924509129865528e-6,2.0211406206172736e-11,1.0000000000087397,2.664298079935179e-7,3.5906621716300835e-5,1816,1816,1816,0.37004726870979093
0.014741782922903198,0.10456693503977427,0.005851974348064785,4.924509129865528e-6,2.0084602891632484e-11,1.0000000000087519,2.6912563555470115e-7,3.5939831587296476e-5,1817,1817,1817,0.37563091321843844
0.01474989617712604,0.10460812868622799,0.005852828167052293,4.924509129865528e-6,2.0022415740640884e-11,1.0000000000087723,2.6613912496031844e-7,3.597305252313901e-5,1818,1818,1818,0.37107361932290406
0.014758009431348881,0.10464931076228012,0.005853682322178192,4.92450912986553e-6,2.002655573871888e-11,1.0000000000087919,2.7627638132798893e-7,3.600628451813357e-5,1819,1819,1819,0.37610517731973525
0.014766122685571722,0.10469048126328409,0.0058545368133194305,4.924509129865528e-6,2.00919873677305e-11,1.00000000000881,2.719440175269483e-7,3.60395275660517e-5,1820,1820,1820,0.3726534844538744
0.014774235939794563,0.10473164020387658,0.005855391640760652,4.92450912986553e-6,2.0210515989358006e-11,1.000000000008828,2.8114925498812227e-7,3.607278166088977e-5,1821,1821,1821,0.3793086656534522
0.014782349194017405,0.1047727875978698,0.005856246804704389,4.92450912986553e-6,2.0373288918223647e-11,1.0000000000088456,2.7615524800239655e-7,3.610604679744406e-5,1822,1822,1822,0.37541953662506966
0.014790462448240246,0.10481392344681434,0.005857102305017317,4.92450912986553e-6,2.057212181889668e-11,1.000000000008862,2.5414107085452997e-7,3.6139322970846065e-5,1823,1823,1823,0.376252886472383
0.014798575702463087,0.10485504775271706,0.0058579581415665145,4.924509129865528e-6,2.080005939931834e-11,1.000000000008841,2.5793438851451356e-7,3.617261017679362e-5,1824,1824,1824,0.3758333840562022
0.014806688956685929,0.104896160516019,0.005858814314218864,4.92450912986553e-6,2.1051469500098247e-11,1.000000000008836,2.411368882349052e-7,3.620590841127708e-5,1825,1825,1825,0.3746374660427273
0.01481480221090877,0.10493726173712127,0.005859670822841958,4.92450912986553e-6,2.1321832806436805e-11,1.0000000000088387,2.356181028062565e-7,3.623921767035283e-5,1826,1826,1826,0.3725747057619502
0.014822915465131611,0.10497835141425928,0.00586052766730399,4.92450912986553e-6,2.160707497227679e-11,1.0000000000088385,2.1684360262952396e-7,3.6272537949885234e-5,1827,1827,1827,0.37507406700310875
0.014831028719354452,0.10501942954522814,0.005861384847473725,4.924509129865528e-6,2.182721196050129e-11,1.0000000000087697,2.2305457036964071e-7,3.630586924532604e-5,1828,1828,1828,0.37594869612483783
0.014839141973577294,0.1050604961244635,0.005862242363221585,4.92450912986553e-6,2.1874549755918712e-11,1.0000000000087728,2.393878020257034e-7,3.63392115516008e-5,1829,1829,1829,0.37998481204397655
0.014847255227800135,0.10510155114346117,0.005863100214418557,4.92450912986553e-6,2.1935059816021854e-11,1.0000000000087732,2.3209756250253122e-7,3.637256486322186e-5,1830,1830,1830,0.3769953234932632
0.014855368482022976,0.10514259459033846,0.005863958400937836,4.92450912986553e-6,2.2007567375239746e-11,1.0000000000087783,2.3770955692725693e-7,3.640592917431694e-5,1831,1831,1831,0.3767492622832436
0.014863481736245817,0.1051836264545469,0.005864816922653563,4.924509129865528e-6,2.2090730361065264e-11,1.0000000000087756,2.230190432328527e-7,3.643930447845433e-5,1832,1832,1832,0.3691131325543096
0.014871594990468659,0.10522464672970777,0.005865675779497564,4.92450912986553e-6,2.2182798201479397e-11,1.000000000008767,2.1760872925824515e-7,3.6472690768667316e-5,1833,1833,1833,0.3717546234920005
0.0148797082446915,0.10526565542593389,0.0058665349718124045,4.92450912986553e-6,2.228135053814831e-11,1.0000000000087796,2.091259148073732e-7,3.650608803868678e-5,1834,1834,1834,0.37370197125934435
0.014887821498914341,0.105306652538018,0.00586739449946493,4.924509129865528e-6,2.2382833332653826e-11,1.000000000008793,2.1105455161318787e-7,3.6539496274557456e-5,1835,1835,1835,0.37981739856903457
0.014895934753137182,0.1053476380548582,0.005868254362322769,4.92450912986553e-6,2.2482023708339992e-11,1.0000000000088027,2.111223658118888e-7,3.65729154741492e-5,1836,1836,1836,0.3780463045876534
0.014904048007360024,0.10538861196500754,0.005869114560253958,4.924509129865531e-6,2.257113222721799e-11,1.0000000000088098,2.181376856924544e-7,3.660634562998949e-5,1837,1837,1837,0.37021050755724955
0.014912161261582865,0.10542957425833605,0.005869975093127372,4.92450912986553e-6,2.2638453596116017e-11,1.0000000000087794,2.1205215716690873e-7,3.6639786722329636e-5,1838,1838,1838,0.3763960105710382
0.014920274515805706,0.10547052492029428,0.005870835960811652,4.92450912986553e-6,2.266696592543054e-11,1.000000000008724,2.2931789800395563e-7,3.667323875493578e-5,1839,1839,1839,0.37918260603091575
0.014928387770028547,0.10551146393508257,0.005871697163175701,4.92450912986553e-6,2.2635460037603752e-11,1.0000000000087022,2.0774919562427385e-7,3.6706701720040965e-5,1840,1840,1840,0.37566844548941525
0.014936501024251389,0.1055523912809129,0.005872558700088232,4.92450912986553e-6,2.253074040365883e-11,1.000000000008661,2.077128726796218e-7,3.674017560936351e-5,1841,1841,1841,0.3777956365080575
0.01494461427847423,0.10559330693786383,0.005873420571418203,4.92450912986553e-6,2.237672037138486e-11,1.0000000000086349,2.0775361520009028e-7,3.677366041477309e-5,1842,1842,1842,0.37580036500461245
0.014952727532697071,0.10563421088642733,0.005874282777035069,4.92450912986553e-6,2.2237859210243085e-11,1.000000000008627,2.2722571202393738e-7,3.680715612751063e-5,1843,1843,1843,0.3654964127404903
0.014960840786919912,0.10567510311296807,0.005875145316807622,4.924509129865531e-6,2.21678385848868e-11,1.0000000000085878,2.0006095269309299e-7,3.684066273906871e-5,1844,1844,1844,0.38001322268367727
0.014968954041142754,0.10571598360061085,0.00587600819060507,4.92450912986553e-6,2.2192237996410304e-11,1.0000000000086022,2.283613298459386e-7,3.6874180238751366e-5,1845,1845,1845,0.3695951992456542
0.014977067295365595,0.10575685234417309,0.005876871398469028,4.924509129865528e-6,2.233065715189928e-11,1.000000000008557,1.9696467745689006e-7,3.6907708626908296e-5,1846,1846,1846,0.3800449462341747
0.014985180549588436,0.10579770932932098,0.005877734940332833,4.92450912986553e-6,2.2601850314570467e-11,1.0000000000085667,2.1002239947165435e-7,3.694124788922803e-5,1847,1847,1847,0.37784035312485803
0.014993293803811278,0.10583855454250286,0.005878598816061304,4.92450912986553e-6,2.3012666486511403e-11,1.0000000000085456,2.106368413024029e-7,3.697479801769559e-5,1848,1848,1848,0.37730813452752776
0.015001407058034119,0.10587938798098184,0.005879463025519854,4.92450912986553e-6,2.3304095132515602e-11,1.0000000000085287,2.1116637327622811e-7,3.700835901644542e-5,1849,1849,1849,0.3780534026094248
0.01500952031225696,0.10592020961601697,0.005880327568575376,4.92450912986553e-6,2.3117550094420287e-11,1.000000000008515,2.2015949241449562e-7,3.704193086723482e-5,1850,1850,1850,0.37811709170563196
0.015017633566479801,0.10596101945330601,0.005881192445095478,4.92450912986553e-6,2.2954261867048427e-11,1.0000000000085074,2.2393427911993058e-7,3.707551355873833e-5,1851,1851,1851,0.3743004504106738
0.015025746820702643,0.10600181748951555,0.005882057654948849,4.92450912986553e-6,2.283343140505777e-11,1.000000000008478,2.1883521128529537e-7,3.710910708286332e-5,1852,1852,1852,0.37694280484017073
0.015033860074925484,0.10604260372035823,0.005882923198004512,4.924509129865528e-6,2.2770018945471318e-11,1.0000000000084779,2.2007995426065463e-7,3.714271143188571e-5,1853,1853,1853,0.3735404222537586
0.015041973329148325,0.10608337814158944,0.00588378907413218,4.924509129865528e-6,2.277113627415196e-11,1.0000000000084814,2.1605006850222708e-7,3.7176326598404006e-5,1854,1854,1854,0.37760499126814245
0.015050086583371166,0.10612414074542116,0.005884655283201286,4.92450912986553e-6,2.2836533298884674e-11,1.0000000000084583,2.1269599415063567e-7,3.72099525745693e-5,1855,1855,1855,0.3707903903892403
0.015058199837594008,0.1061648915254496,0.00588552182508068,4.92450912986553e-6,2.296114436733021e-11,1.0000000000084723,2.1773398373170494e-7,3.7243589353374055e-5,1856,1856,1856,0.3791849402533048
0.015066313091816849,0.10620563046837796,0.0058863886996396424,4.92450912986553e-6,2.313759748201876e-11,1.0000000000084455,2.0382131538099202e-7,3.7277236927650956e-5,1857,1857,1857,0.3692042076857822
0.01507442634603969,0.10624635756322807,0.005887255906747169,4.92450912986553e-6,2.310786882551215e-11,1.0000000000084577,1.9646044790988526e-7,3.7310895290212565e-5,1858,1858,1858,0.36510956896838753
0.015082539600262531,0.10628707279722033,0.00588812344627215,4.92450912986553e-6,2.2899929838802824e-11,1.000000000008461,2.1073898892609577e-7,3.734456443428094e-5,1859,1859,1859,0.3742821004239834
0.015090652854485373,0.10632777615810339,0.005888991318084798,4.92450912986553e-6,2.2733416487772917e-11,1.0000000000084595,1.9870985568104516e-7,3.737824435302715e-5,1860,1860,1860,0.3666915153440343
0.015098766108708214,0.10636846763426785,0.005889859522055635,4.92450912986553e-6,2.261862214549512e-11,1.000000000008455,2.133456149522317e-7,3.741193503977718e-5,1861,1861,1861,0.3744315185703089
0.015106879362931055,0.10640914721325682,0.005890728058056608,4.92450912986553e-6,2.256160117352402e-11,1.0000000000084492,1.983615049994114e-7,3.7445636487726116e-5,1862,1862,1862,0.36603395506001163
0.015114992617153896,0.1064498148883214,0.005891596926125721,4.924509129865528e-6,2.256340643205021e-11,1.000000000008456,2.1395862859208137e-7,3.747934868953225e-5,1863,1863,1863,0.3794062159348871
0.015123105871376738,0.10649047067181763,0.005892466126736326,4.92450912986553e-6,2.2621080596800222e-11,1.0000000000084677,2.00149770535063e-7,3.75130716375412e-5,1864,1864,1864,0.36819069823660694
0.015131219125599579,0.10653111456078106,0.005893335659750412,4.924509129865528e-6,2.272914614429477e-11,1.0000000000084768,2.2912054475909827e-7,3.754680532389932e-5,1865,1865,1865,0.3752268564636383
0.01513933237982242,0.106571746556358,0.005894205525029996,4.924509129865528e-6,2.288109417924154e-11,1.000000000008395,2.0656472088376177e-7,3.7580549741428035e-5,1866,1866,1866,0.37167056594547887
0.015147445634045261,0.10661236665695198,0.005895075722437358,4.92450912986553e-6,2.3070340855098262e-11,1.0000000000084368,2.4208493698552047e-7,3.761430488346861e-5,1867,1867,1867,0.37726088533343893
0.015155558888268103,0.10665297486271179,0.005895946251834801,4.92450912986553e-6,2.3290779258080527e-11,1.0000000000083997,2.1031745234267873e-7,3.7648070743739225e-5,1868,1868,1868,0.3797320365774103
0.015163672142490944,0.10669357116967082,0.005896817113085913,4.92450912986553e-6,2.3537015533674432e-11,1.0000000000084213,2.3819649186407332e-7,3.768184731603492e-5,1869,1869,1869,0.37387249204583345
0.015171785396713785,0.10673415557086885,0.005897688306053853,4.92450912986553e-6,2.380443388220853e-11,1.000000000008408,2.386544366572707e-7,3.771563459407061e-5,1870,1870,1870,0.3777430756063662
0.015179898650936626,0.10677472805656595,0.005898559830603376,4.924509129865531e-6,2.4089158848707632e-11,1.000000000008435,2.065080551005849e-7,3.774943257114824e-5,1871,1871,1871,0.36672303392007716
0.015188011905159468,0.10681528861085211,0.005899431686600816,4.92450912986553e-6,2.4388022692850486e-11,1.0000000000083966,1.967721985352e-7,3.778324123703342e-5,1872,1872,1872,0.3698268124590397
0.015196125159382309,0.10685583721980203,0.005900303873913341,4.92450912986553e-6,2.469813452422363e-11,1.0000000000083578,2.0847075177243823e-7,3.78170605861996e-5,1873,1873,1873,0.37699890856558305
0.01520423841360515,0.10689637386239194,0.005901176392410156,4.92450912986553e-6,2.5009024167799007e-11,1.000000000008342,2.1245529779889694e-7,3.785089060985917e-5,1874,1874,1874,0.3791546062066919
0.015212351667827992,0.10693689851340912,0.005902049241961279,4.92450912986553e-6,2.531807669887843e-11,1.0000000000083589,2.0955522472831944e-7,3.78847312984318e-5,1875,1875,1875,0.371818811426696
0.015220464922050833,0.10697741116091883,0.00590292242266698,4.92450912986553e-6,2.5632045478269653e-11,1.0000000000083331,2.1099211267028295e-7,3.791858264204697e-5,1876,1876,1876,0.37487321179124267
0.015228578176273674,0.10701791179766933,0.005903795934700255,4.924509129865528e-6,2.5946191710655683e-11,1.0000000000083349,2.1767991853494095e-7,3.795244463031519e-5,1877,1877,1877,0.3790343034115142
0.015236691430496515,0.1070584004098833,0.005904669777923518,4.924509129865531e-6,2.6255224452200516e-11,1.000000000008345,2.0528698740918117e-7,3.798631724370273e-5,1878,1878,1878,0.37439734026233007
0.015244804684719357,0.10709887698434535,0.005905543952199778,4.924509129865531e-6,2.655555452856388e-11,1.0000000000083644,2.154935998532892e-7,3.8020200485223074e-5,1879,1879,1879,0.37642670334639566
0.015252917938942198,0.10713934150318541,0.0059064184573925545,4.92450912986553e-6,2.6845919397512852e-11,1.00000000000835,2.0410002576909392e-7,3.8054094336815844e-5,1880,1880,1880,0.37613500725966925
0.015261031193165039,0.10717979394755288,0.005907293293365227,4.92450912986553e-6,2.7128300786668636e-11,1.0000000000083635,2.2041479041945422e-7,3.808799877704244e-5,1881,1881,1881,0.37705842041910625
0.01526914444738788,0.10722023430108822,0.00590816845998144,4.92450912986553e-6,2.740933249583202e-11,1.000000000008342,2.0115855647873104e-7,3.8121913808063544e-5,1882,1882,1882,0.37781560822868526
0.015277257701610722,0.10726066254415538,0.005909043957105056,4.92450912986553e-6,2.7701520367803643e-11,1.0000000000083529,2.2259723664319608e-7,3.8155839417465255e-5,1883,1883,1883,0.3779735360384807
0.015285370955833563,0.10730107866642535,0.005909919784600383,4.92450912986553e-6,2.802260620985356e-11,1.0000000000083265,1.9534436290769008e-7,3.818977560673442e-5,1884,1884,1884,0.37755346476836565
0.015293484210056404,0.10734148261931,0.005910795942331244,4.92450912986553e-6,2.839166534068275e-11,1.0000000000083373,2.258822462408716e-7,3.822372235280946e-5,1885,1885,1885,0.37843743510672445
0.015301597464279245,0.10738187438663335,0.005911672430162307,4.92450912986553e-6,2.840801772939171e-11,1.000000000008306,1.9065407030893766e-7,3.8257679643979106e-5,1886,1886,1886,0.3788760927180123
0.015309710718502087,0.10742225395212629,0.00591254924810514,4.924509129865528e-6,2.807801726009696e-11,1.000000000008316,2.136026040489014e-7,3.8291647468405465e-5,1887,1887,1887,0.3710790448483647
0.015317823972724928,0.10746262129925102,0.005913426396121702,4.92450912986553e-6,2.7773798387421733e-11,1.0000000000082534,1.9547545804243782e-7,3.832562581248719e-5,1888,1888,1888,0.3797172440856274
0.01532593722694777,0.10750297640612529,0.005914303874070493,4.92450912986553e-6,2.7501454824314446e-11,1.0000000000082703,2.2239241559418588e-7,3.835961466673239e-5,1889,1889,1889,0.3784344595531516
